Workbook
Name CoName: Setup!$C$5
Name CoAddr: Setup!$C$6
Name CoPhone: Setup!$C$7
Name CoWeb: Setup!$C$8
Name CoSpec1: Setup!$C$9
Name CoSpec2: Setup!$C$10
Name RODryW: Setup!$C$11
Name RODryH: Setup!$C$12
Name ROTolDef: Setup!$C$13
Name RevH: Setup!$C$14
Name RevL: Setup!$C$15
Name RevT: Setup!$C$16
Name UCCur: Setup!$C$17
Name UCOth: Setup!$C$18
Name LiteTop: Setup!$C$19
Name LiteEdge: Setup!$C$20
Name DBAFF: Setup!$C$21
Name LockAFF: Setup!$C$22
Name MinRail: Setup!$C$23
Name L_Fire: Lists!$A$2:$A$7
Name L_Style: Lists!$B$2:$B$3
Name L_Swing: Lists!$C$2:$C$6
Name L_Anchor: Lists!$D$2:$D$9
Name L_Hinge: Lists!$E$2:$E$7
Name L_Strike1: Lists!$F$2:$F$7
Name L_Strike2: Lists!$G$2:$G$3
Name L_Lock1: Lists!$H$2:$H$11
Name L_Lock2: Lists!$I$2:$I$4
Name L_Mfr: Lists!$J$2:$J$12
Name L_Elev: Lists!$K$2:$K$20
Name L_Wall: Lists!$L$2:$L$3
Name L_Mat: Lists!$M$2:$M$3
Name L_YN: Lists!$N$2:$N$2
Name L_Gauge: Lists!$O$2:$O$4
Name L_Face: Lists!$P$2:$P$3
Name L_WFt: Lists!$Q$2:$Q$6
Name L_HFt: Lists!$R$2:$R$7
Name L_In: Lists!$S$2:$S$13
Name L_Jamb: Lists!$U$2:$U$74
Name T_Jamb: Lists!$U$2:$W$74
Name T_Leg: Lists!$Y$2:$Z$47
Name T_Loc: Locations!$B$6:$J$32
Name T_LocKey: Locations!$B$6:$B$32

Sheet Start
B3: =CoName
B4: FRAME CALCULATOR 2.0
B6: Shop tags: frame & door sizes · rough openings · hinge, strike and lock locations · elevations · swing · jamb profile · order lines
B10: GO TO
B11: TAG 1 | C11: A tag — type the opening on the yellow cells, print one page
B12: TAG 2 | C12: A tag — type the opening on the yellow cells, print one page
B13: TAG 3 | C13: A tag — type the opening on the yellow cells, print one page
B14: TAG 4 | C14: A tag — type the opening on the yellow cells, print one page
B15: TAG 5 | C15: A tag — type the opening on the yellow cells, print one page
B16: TAG 6 | C16: A tag — type the opening on the yellow cells, print one page
B17: TAG LIST | C17: Every tag and its order lines on one page
B18: ROUGH OPENING | C18: Field R.O. → faces, outside size and door
B19: BI-PASS | C19: Bi-pass wood door sizes
B20: LOCATIONS | C20: Maker hinge / strike charts (editable)
B21: SETUP | C21: Company lines and shop rules
B24: WHAT CHANGED FROM THE 2.0 CALCULATOR
B25: ▸ | C25: Every location comes from one maker table (Locations) instead of long nested IFs — edit a number once and every tag follows.
B26: ▸ | C26: Cut-down rule kept: a 6'-5" opening takes the 6'-8" chart from the top; too short to cut is flagged NOT STOCK and re-spaced.
B27: ▸ | C27: Frame and door elevations are drawn live with every hinge, strike and lock dimension; plus the swing in plan and the jamb profile to scale.
B28: ▸ | C28: Masonry: type the rough opening and the faces work themselves out (face check 1–12"). Drywall R.O. uses the counter rule (+2-1/4", +1").
B29: ▸ | C29: Reveals, undercut and lite location default from Setup and can be changed per tag. Pairs, deadbolts (E4), mortise locks and custom locations handled.
B30: ▸ | C30: Order lines (frame and door) written in the counter format on every tag and gathered on Tag List.
B31: ▸ | C31: Six tag sheets that print one page each; add more by copying a tag sheet.

Sheet Setup
B1: SETUP
B2: Company lines that print on every tag, and the shop rules the tags use. Change once.
B5: Company | C5: SCHUHAM BUILDER'S SUPPLY CO., INC.
B6: Address | C6: 4640 N. ELSTON AVE. CHICAGO, IL 60630
B7: Phone | C7: PHONE: 773.286.0123
B8: Web | C8: WWW.SCHUHAM.COM
B9: Specs line 1 | C9: Baron Door & Frame
B10: Specs line 2 | C10: Curries Hollow Metal
B11: Drywall R.O. — add to width | C11: 2.25 | D11: Opening + 2-1/4" (counter rule).
B12: Drywall R.O. — add to height | C12: 1 | D12: Opening + 1".
B13: Masonry tolerance each side | C13: 0.25 | D13: Used when the masonry R.O. is typed and no tolerance is given.
B14: Reveal — hinge side | C14: 0.0625 | D14: 1/16" default (edit on a tag to override).
B15: Reveal — lock side / meeting edge | C15: 0.1875 | D15: 3/16" default.
B16: Reveal — top | C16: 0.125 | D16: 1/8" default.
B17: Undercut — Curries / Pioneer | C17: 0.625 | D17: 5/8".
B18: Undercut — other makers | C18: 0.75 | D18: 3/4".
B19: Lite top from top of door | C19: 7 | D19: Full and vision lites, unless typed on the tag.
B20: Narrow lite from lock edge | C20: 5.5 | D20: Lites 10" wide or less sit this far off the lock edge.
B21: Deadbolt centre line AFF | C21: 48 | D21: Strike 2 / lock 2 (E4) from the floor.
B22: ANSI lock centre line AFF | C22: 40.3125 | D22: 40-5/16" when no maker chart is used.
B23: Min. rail under bottom hinge | C23: 2.125 | D23: A stock door can be cut down while 2-1/8" stays under the bottom hinge.

Sheet Tag 1
B1: =CoName | R1: ="TAG "&IF('Tag 1'!$S$4="","1",'Tag 1'!$S$4)&" · QTY "&N('Tag 1'!$W$4)
B2: ="FRAME CALCULATOR · "&CoSpec1&" · "&CoSpec2 | R2: ="Printed "&TEXT(NOW(),"mm/dd/yyyy hh:mm")
B4: CUSTOMER | K4: P.O./JOB | R4: TAG # | S4: 1 | V4: QTY | W4: 1
B6: JAMB DEPTH | D6: FIRE RATING | F6: W FT | G6: W IN | H6: H FT | I6: H IN | J6: PAIR | K6: CONST. STYLE | M6: SWING | N6: ANCHOR | P6: HINGE | R6: STRIKE 1 | T6: STRIKE 2 | U6: LOCK 1 | W6: LOCK 2 | X6: LOCATIONS
B7: 718 | D7: 90 MIN | F7: 3 | G7: 0 | H7: 6 | I7: 5 | K7: KD-3PC | M7: LH | N7: COMP | P7: U453 | R7: E1 | U7: G2G2 | X7: STEELCRAFT
B8: ELEVATION | E8: WALL | G8: FRAME GA | H8: DOOR | J8: DOOR GA | K8: HEAD FACE | L8: JAMB FACE | M8: REV HINGE | N8: REV LOCK | O8: REV TOP | P8: UNDERCUT | Q8: MASONRY R.O. W | S8: MASONRY R.O. H | U8: TOL. EA SIDE | V8: LITE W | W8: LITE H | X8: LITE TOP
B9: FLUSH | E9: DRYWALL | G9: 16 | H9: WOOD | J9: 18 | K9: 2 | L9: 2
B10: CUSTOM A | D10: CUSTOM B | F10: CUSTOM C | H10: CUSTOM D | J10: CUSTOM E | L10: HARDWARE NOTES
B13: FRAME SIZE INFO | I13: FRAME ELEVATION — locations from the top of the frame | S13: DOOR SIZE INFO
B14: INSIDE WIDTH | E14: =Calc!$B$1 | S14: OPENING WIDTH | V14: =Calc!$B$1
B15: INSIDE HEIGHT | E15: =Calc!$B$2 | S15: OPENING HEIGHT | V15: =Calc!$B$2
B16: OUTSIDE WIDTH | E16: =Calc!$B$13 | S16: ACTUAL WIDTH | V16: =Calc!$B$24
B17: OUTSIDE HEIGHT | E17: =Calc!$B$14 | S17: ACTUAL HEIGHT | V17: =Calc!$B$25
B18: HEADER FACE | E18: =Calc!$B$12 | S18: REVEAL HINGE / LOCK / TOP | V18: =TRIM(TEXT(Calc!$B$20,"# ?/??"))&CHAR(34)&" · "&TRIM(TEXT(Calc!$B$21,"# ?/??"))&CHAR(34)&" · "&TRIM(TEXT(Calc!$B$22,"# ?/??"))&CHAR(34)
B19: HINGE & STRIKE FACE | E19: =Calc!$B$11 | S19: UNDERCUT | V19: =Calc!$B$23
B20: JAMB DEPTH | E20: =Calc!$B$7 | S20: LITE KIT | V20: =IF(Calc!$B$59,Calc!$B$86&" · top "&TRIM(TEXT(Calc!$B$58,"# ?/??"))&CHAR(34),"FLUSH")
B21: FITS WALL (throat) | E21: =Calc!$B$15
S22: HARDWARE LOCATIONS — DOOR (from top of door)
B23: ROUGH OPENING | S23: HINGE 1 | V23: =IF(ISNUMBER(Calc!$B$40),Calc!$B$40-Calc!$B$22,IF(Calc!$B$26=0,"","NONE"))
B24: DRYWALL W x H | E24: =TRIM(TEXT(Calc!$B$16,"# ?/??"))&CHAR(34)&" x "&TRIM(TEXT(Calc!$B$17,"# ?/??"))&CHAR(34) | S24: HINGE 2 | V24: =IF(ISNUMBER(Calc!$B$41),Calc!$B$41-Calc!$B$22,IF(Calc!$B$26=0,"","NONE"))
B25: MASONRY W x H | E25: =TRIM(TEXT(Calc!$B$18,"# ?/??"))&CHAR(34)&" x "&TRIM(TEXT(Calc!$B$19,"# ?/??"))&CHAR(34) | S25: HINGE 3 | V25: =IF(ISNUMBER(Calc!$B$42),Calc!$B$42-Calc!$B$22,IF(Calc!$B$26=0,"","NONE"))
B26: FACE CHECK | E26: =IF(OR(Calc!$B$11<1,Calc!$B$11>12,Calc!$B$12<1,Calc!$B$12>12),"ERROR — face out of range","OK") | S26: HINGE 4 | V26: =IF(ISNUMBER(Calc!$B$43),Calc!$B$43-Calc!$B$22,IF(Calc!$B$26=0,"","NONE"))
S27: LOCK 1 CYL CL | V27: =Calc!$B$49
B28: HARDWARE LOCATIONS — FRAME | S28: LOCK 2 CYL CL | V28: =Calc!$B$50
B29: MANUFACTURER | E29: ='Tag 1'!$X$7 | S29: TOP MORTISE LOCK | V29: =Calc!$B$51
B30: CHART | E30: =IF(Calc!$B$29,INT(ROUND(Calc!$B$28,4)/12)&"'-"&IF(ROUND(MOD(Calc!$B$28,12),4)=0,"0",TRIM(TEXT(MOD(Calc!$B$28,12),"# ?/??")))&CHAR(34)&IF(Calc!$B$36," cut down",IF(Calc!$B$38," — NOT STOCK","")),IF(Calc!$B$27,"CUSTOM","ANSI/SDI")) | S30: MORTISE TOP TO CL | V30: =Calc!$B$52
B31: HINGE 1 | E31: =IF(ISNUMBER(Calc!$B$40),Calc!$B$40,IF(Calc!$B$26=0,IF(AND(0=0,'Tag 1'!$P$7="HGC"),"CONTINUOUS",""),"NONE"))
B32: HINGE 2 | E32: =IF(ISNUMBER(Calc!$B$41),Calc!$B$41,IF(Calc!$B$26=0,IF(AND(1=0,'Tag 1'!$P$7="HGC"),"CONTINUOUS",""),"NONE")) | S32: DOOR ELEVATION
B33: HINGE 3 | E33: =IF(ISNUMBER(Calc!$B$42),Calc!$B$42,IF(Calc!$B$26=0,IF(AND(2=0,'Tag 1'!$P$7="HGC"),"CONTINUOUS",""),"NONE"))
B34: HINGE 4 | E34: =IF(ISNUMBER(Calc!$B$43),Calc!$B$43,IF(Calc!$B$26=0,IF(AND(3=0,'Tag 1'!$P$7="HGC"),"CONTINUOUS",""),"NONE")) | I34: SWING (plan) · JAMB PROFILE
B35: STRIKE 1 (E) | E35: =Calc!$B$46
B36: STRIKE 2 | E36: =Calc!$B$47
B38: OTHER MEASUREMENTS — FRAME
B39: ASA 4-7/8 TOP TO TOP | E39: =IF(ISNUMBER(Calc!$B$46),Calc!$B$46-2.4375,"")
B40: ASA 4-7/8 FTC (lock AFF) | E40: =Calc!$B$53
B41: DEADBOLT FTC | E41: =IF(ISNUMBER(Calc!$B$47),Calc!$B$2-Calc!$B$47,"")
B42: HAND / SWING | E42: =Calc!$B$87
B53: ORDER LINES
B54: FRAME | D54: =IF(Calc!$B$3,'Tag 1'!$W$4&") "&Calc!$B$64,"")
B55: DOOR | D55: =IF(Calc!$B$3,'Tag 1'!$W$4*Calc!$B$5&") "&Calc!$B$66,"")
B56: NOTES | D56: ='Tag 1'!$L$11&""
B58: APPROVED: | L58: DATE:
B60: =CoPhone | J60: =CoAddr | R60: =CoWeb

Sheet Tag 2
B1: =CoName | R1: ="TAG "&IF('Tag 2'!$S$4="","2",'Tag 2'!$S$4)&" · QTY "&N('Tag 2'!$W$4)
B2: ="FRAME CALCULATOR · "&CoSpec1&" · "&CoSpec2 | R2: ="Printed "&TEXT(NOW(),"mm/dd/yyyy hh:mm")
B4: CUSTOMER | K4: P.O./JOB | R4: TAG # | S4: 2 | V4: QTY | W4: 1
B6: JAMB DEPTH | D6: FIRE RATING | F6: W FT | G6: W IN | H6: H FT | I6: H IN | J6: PAIR | K6: CONST. STYLE | M6: SWING | N6: ANCHOR | P6: HINGE | R6: STRIKE 1 | T6: STRIKE 2 | U6: LOCK 1 | W6: LOCK 2 | X6: LOCATIONS
B7: 534 | D7: 90 MIN | F7: 3 | G7: 0 | H7: 7 | I7: 0 | K7: WELDED | M7: RHR | N7: P/D+D.BOLT | P7: U453 | R7: E8 | U7: G11 | X7: STEELCRAFT
B8: ELEVATION | E8: WALL | G8: FRAME GA | H8: DOOR | J8: DOOR GA | K8: HEAD FACE | L8: JAMB FACE | M8: REV HINGE | N8: REV LOCK | O8: REV TOP | P8: UNDERCUT | Q8: MASONRY R.O. W | S8: MASONRY R.O. H | U8: TOL. EA SIDE | V8: LITE W | W8: LITE H | X8: LITE TOP
B9: HG 24"x30" | E9: MASONRY | G9: 16 | H9: HM | J9: 18 | K9: 2 | L9: 2 | Q9: 40.5 | S9: 86.25
B10: CUSTOM A | D10: CUSTOM B | F10: CUSTOM C | H10: CUSTOM D | J10: CUSTOM E | L10: HARDWARE NOTES
B13: FRAME SIZE INFO | I13: FRAME ELEVATION — locations from the top of the frame | S13: DOOR SIZE INFO
B14: INSIDE WIDTH | E14: =Calc!$G$1 | S14: OPENING WIDTH | V14: =Calc!$G$1
B15: INSIDE HEIGHT | E15: =Calc!$G$2 | S15: OPENING HEIGHT | V15: =Calc!$G$2
B16: OUTSIDE WIDTH | E16: =Calc!$G$13 | S16: ACTUAL WIDTH | V16: =Calc!$G$24
B17: OUTSIDE HEIGHT | E17: =Calc!$G$14 | S17: ACTUAL HEIGHT | V17: =Calc!$G$25
B18: HEADER FACE | E18: =Calc!$G$12 | S18: REVEAL HINGE / LOCK / TOP | V18: =TRIM(TEXT(Calc!$G$20,"# ?/??"))&CHAR(34)&" · "&TRIM(TEXT(Calc!$G$21,"# ?/??"))&CHAR(34)&" · "&TRIM(TEXT(Calc!$G$22,"# ?/??"))&CHAR(34)
B19: HINGE & STRIKE FACE | E19: =Calc!$G$11 | S19: UNDERCUT | V19: =Calc!$G$23
B20: JAMB DEPTH | E20: =Calc!$G$7 | S20: LITE KIT | V20: =IF(Calc!$G$59,Calc!$G$86&" · top "&TRIM(TEXT(Calc!$G$58,"# ?/??"))&CHAR(34),"FLUSH")
B21: FITS WALL (throat) | E21: =Calc!$G$15
S22: HARDWARE LOCATIONS — DOOR (from top of door)
B23: ROUGH OPENING | S23: HINGE 1 | V23: =IF(ISNUMBER(Calc!$G$40),Calc!$G$40-Calc!$G$22,IF(Calc!$G$26=0,"","NONE"))
B24: DRYWALL W x H | E24: =TRIM(TEXT(Calc!$G$16,"# ?/??"))&CHAR(34)&" x "&TRIM(TEXT(Calc!$G$17,"# ?/??"))&CHAR(34) | S24: HINGE 2 | V24: =IF(ISNUMBER(Calc!$G$41),Calc!$G$41-Calc!$G$22,IF(Calc!$G$26=0,"","NONE"))
B25: MASONRY W x H | E25: =TRIM(TEXT(Calc!$G$18,"# ?/??"))&CHAR(34)&" x "&TRIM(TEXT(Calc!$G$19,"# ?/??"))&CHAR(34) | S25: HINGE 3 | V25: =IF(ISNUMBER(Calc!$G$42),Calc!$G$42-Calc!$G$22,IF(Calc!$G$26=0,"","NONE"))
B26: FACE CHECK | E26: =IF(OR(Calc!$G$11<1,Calc!$G$11>12,Calc!$G$12<1,Calc!$G$12>12),"ERROR — face out of range","OK") | S26: HINGE 4 | V26: =IF(ISNUMBER(Calc!$G$43),Calc!$G$43-Calc!$G$22,IF(Calc!$G$26=0,"","NONE"))
S27: LOCK 1 CYL CL | V27: =Calc!$G$49
B28: HARDWARE LOCATIONS — FRAME | S28: LOCK 2 CYL CL | V28: =Calc!$G$50
B29: MANUFACTURER | E29: ='Tag 2'!$X$7 | S29: TOP MORTISE LOCK | V29: =Calc!$G$51
B30: CHART | E30: =IF(Calc!$G$29,INT(ROUND(Calc!$G$28,4)/12)&"'-"&IF(ROUND(MOD(Calc!$G$28,12),4)=0,"0",TRIM(TEXT(MOD(Calc!$G$28,12),"# ?/??")))&CHAR(34)&IF(Calc!$G$36," cut down",IF(Calc!$G$38," — NOT STOCK","")),IF(Calc!$G$27,"CUSTOM","ANSI/SDI")) | S30: MORTISE TOP TO CL | V30: =Calc!$G$52
B31: HINGE 1 | E31: =IF(ISNUMBER(Calc!$G$40),Calc!$G$40,IF(Calc!$G$26=0,IF(AND(0=0,'Tag 2'!$P$7="HGC"),"CONTINUOUS",""),"NONE"))
B32: HINGE 2 | E32: =IF(ISNUMBER(Calc!$G$41),Calc!$G$41,IF(Calc!$G$26=0,IF(AND(1=0,'Tag 2'!$P$7="HGC"),"CONTINUOUS",""),"NONE")) | S32: DOOR ELEVATION
B33: HINGE 3 | E33: =IF(ISNUMBER(Calc!$G$42),Calc!$G$42,IF(Calc!$G$26=0,IF(AND(2=0,'Tag 2'!$P$7="HGC"),"CONTINUOUS",""),"NONE"))
B34: HINGE 4 | E34: =IF(ISNUMBER(Calc!$G$43),Calc!$G$43,IF(Calc!$G$26=0,IF(AND(3=0,'Tag 2'!$P$7="HGC"),"CONTINUOUS",""),"NONE")) | I34: SWING (plan) · JAMB PROFILE
B35: STRIKE 1 (E) | E35: =Calc!$G$46
B36: STRIKE 2 | E36: =Calc!$G$47
B38: OTHER MEASUREMENTS — FRAME
B39: ASA 4-7/8 TOP TO TOP | E39: =IF(ISNUMBER(Calc!$G$46),Calc!$G$46-2.4375,"")
B40: ASA 4-7/8 FTC (lock AFF) | E40: =Calc!$G$53
B41: DEADBOLT FTC | E41: =IF(ISNUMBER(Calc!$G$47),Calc!$G$2-Calc!$G$47,"")
B42: HAND / SWING | E42: =Calc!$G$87
B53: ORDER LINES
B54: FRAME | D54: =IF(Calc!$G$3,'Tag 2'!$W$4&") "&Calc!$G$64,"")
B55: DOOR | D55: =IF(Calc!$G$3,'Tag 2'!$W$4*Calc!$G$5&") "&Calc!$G$66,"")
B56: NOTES | D56: ='Tag 2'!$L$11&""
B58: APPROVED: | L58: DATE:
B60: =CoPhone | J60: =CoAddr | R60: =CoWeb

Sheet Tag 3
B1: =CoName | R1: ="TAG "&IF('Tag 3'!$S$4="","3",'Tag 3'!$S$4)&" · QTY "&N('Tag 3'!$W$4)
B2: ="FRAME CALCULATOR · "&CoSpec1&" · "&CoSpec2 | R2: ="Printed "&TEXT(NOW(),"mm/dd/yyyy hh:mm")
B4: CUSTOMER | K4: P.O./JOB | R4: TAG # | S4: 3 | V4: QTY | W4: 1
B6: JAMB DEPTH | D6: FIRE RATING | F6: W FT | G6: W IN | H6: H FT | I6: H IN | J6: PAIR | K6: CONST. STYLE | M6: SWING | N6: ANCHOR | P6: HINGE | R6: STRIKE 1 | T6: STRIKE 2 | U6: LOCK 1 | W6: LOCK 2 | X6: LOCATIONS
B7: 578 | D7: NO LAB | F7: 3 | G7: 6 | H7: 7 | I7: 0 | K7: KD-3PC | M7: RH | N7: COMP | P7: U453 | R7: E1E4 | T7: E4 | U7: G2 | W7: G16 | X7: STEELCRAFT
B8: ELEVATION | E8: WALL | G8: FRAME GA | H8: DOOR | J8: DOOR GA | K8: HEAD FACE | L8: JAMB FACE | M8: REV HINGE | N8: REV LOCK | O8: REV TOP | P8: UNDERCUT | Q8: MASONRY R.O. W | S8: MASONRY R.O. H | U8: TOL. EA SIDE | V8: LITE W | W8: LITE H | X8: LITE TOP
B9: FLUSH | E9: DRYWALL | G9: 16 | H9: HM | J9: 18 | K9: 2 | L9: 2
B10: CUSTOM A | D10: CUSTOM B | F10: CUSTOM C | H10: CUSTOM D | J10: CUSTOM E | L10: HARDWARE NOTES
B13: FRAME SIZE INFO | I13: FRAME ELEVATION — locations from the top of the frame | S13: DOOR SIZE INFO
B14: INSIDE WIDTH | E14: =Calc!$L$1 | S14: OPENING WIDTH | V14: =Calc!$L$1
B15: INSIDE HEIGHT | E15: =Calc!$L$2 | S15: OPENING HEIGHT | V15: =Calc!$L$2
B16: OUTSIDE WIDTH | E16: =Calc!$L$13 | S16: ACTUAL WIDTH | V16: =Calc!$L$24
B17: OUTSIDE HEIGHT | E17: =Calc!$L$14 | S17: ACTUAL HEIGHT | V17: =Calc!$L$25
B18: HEADER FACE | E18: =Calc!$L$12 | S18: REVEAL HINGE / LOCK / TOP | V18: =TRIM(TEXT(Calc!$L$20,"# ?/??"))&CHAR(34)&" · "&TRIM(TEXT(Calc!$L$21,"# ?/??"))&CHAR(34)&" · "&TRIM(TEXT(Calc!$L$22,"# ?/??"))&CHAR(34)
B19: HINGE & STRIKE FACE | E19: =Calc!$L$11 | S19: UNDERCUT | V19: =Calc!$L$23
B20: JAMB DEPTH | E20: =Calc!$L$7 | S20: LITE KIT | V20: =IF(Calc!$L$59,Calc!$L$86&" · top "&TRIM(TEXT(Calc!$L$58,"# ?/??"))&CHAR(34),"FLUSH")
B21: FITS WALL (throat) | E21: =Calc!$L$15
S22: HARDWARE LOCATIONS — DOOR (from top of door)
B23: ROUGH OPENING | S23: HINGE 1 | V23: =IF(ISNUMBER(Calc!$L$40),Calc!$L$40-Calc!$L$22,IF(Calc!$L$26=0,"","NONE"))
B24: DRYWALL W x H | E24: =TRIM(TEXT(Calc!$L$16,"# ?/??"))&CHAR(34)&" x "&TRIM(TEXT(Calc!$L$17,"# ?/??"))&CHAR(34) | S24: HINGE 2 | V24: =IF(ISNUMBER(Calc!$L$41),Calc!$L$41-Calc!$L$22,IF(Calc!$L$26=0,"","NONE"))
B25: MASONRY W x H | E25: =TRIM(TEXT(Calc!$L$18,"# ?/??"))&CHAR(34)&" x "&TRIM(TEXT(Calc!$L$19,"# ?/??"))&CHAR(34) | S25: HINGE 3 | V25: =IF(ISNUMBER(Calc!$L$42),Calc!$L$42-Calc!$L$22,IF(Calc!$L$26=0,"","NONE"))
B26: FACE CHECK | E26: =IF(OR(Calc!$L$11<1,Calc!$L$11>12,Calc!$L$12<1,Calc!$L$12>12),"ERROR — face out of range","OK") | S26: HINGE 4 | V26: =IF(ISNUMBER(Calc!$L$43),Calc!$L$43-Calc!$L$22,IF(Calc!$L$26=0,"","NONE"))
S27: LOCK 1 CYL CL | V27: =Calc!$L$49
B28: HARDWARE LOCATIONS — FRAME | S28: LOCK 2 CYL CL | V28: =Calc!$L$50
B29: MANUFACTURER | E29: ='Tag 3'!$X$7 | S29: TOP MORTISE LOCK | V29: =Calc!$L$51
B30: CHART | E30: =IF(Calc!$L$29,INT(ROUND(Calc!$L$28,4)/12)&"'-"&IF(ROUND(MOD(Calc!$L$28,12),4)=0,"0",TRIM(TEXT(MOD(Calc!$L$28,12),"# ?/??")))&CHAR(34)&IF(Calc!$L$36," cut down",IF(Calc!$L$38," — NOT STOCK","")),IF(Calc!$L$27,"CUSTOM","ANSI/SDI")) | S30: MORTISE TOP TO CL | V30: =Calc!$L$52
B31: HINGE 1 | E31: =IF(ISNUMBER(Calc!$L$40),Calc!$L$40,IF(Calc!$L$26=0,IF(AND(0=0,'Tag 3'!$P$7="HGC"),"CONTINUOUS",""),"NONE"))
B32: HINGE 2 | E32: =IF(ISNUMBER(Calc!$L$41),Calc!$L$41,IF(Calc!$L$26=0,IF(AND(1=0,'Tag 3'!$P$7="HGC"),"CONTINUOUS",""),"NONE")) | S32: DOOR ELEVATION
B33: HINGE 3 | E33: =IF(ISNUMBER(Calc!$L$42),Calc!$L$42,IF(Calc!$L$26=0,IF(AND(2=0,'Tag 3'!$P$7="HGC"),"CONTINUOUS",""),"NONE"))
B34: HINGE 4 | E34: =IF(ISNUMBER(Calc!$L$43),Calc!$L$43,IF(Calc!$L$26=0,IF(AND(3=0,'Tag 3'!$P$7="HGC"),"CONTINUOUS",""),"NONE")) | I34: SWING (plan) · JAMB PROFILE
B35: STRIKE 1 (E) | E35: =Calc!$L$46
B36: STRIKE 2 | E36: =Calc!$L$47
B38: OTHER MEASUREMENTS — FRAME
B39: ASA 4-7/8 TOP TO TOP | E39: =IF(ISNUMBER(Calc!$L$46),Calc!$L$46-2.4375,"")
B40: ASA 4-7/8 FTC (lock AFF) | E40: =Calc!$L$53
B41: DEADBOLT FTC | E41: =IF(ISNUMBER(Calc!$L$47),Calc!$L$2-Calc!$L$47,"")
B42: HAND / SWING | E42: =Calc!$L$87
B53: ORDER LINES
B54: FRAME | D54: =IF(Calc!$L$3,'Tag 3'!$W$4&") "&Calc!$L$64,"")
B55: DOOR | D55: =IF(Calc!$L$3,'Tag 3'!$W$4*Calc!$L$5&") "&Calc!$L$66,"")
B56: NOTES | D56: ='Tag 3'!$L$11&""
B58: APPROVED: | L58: DATE:
B60: =CoPhone | J60: =CoAddr | R60: =CoWeb

Sheet Tag 4
B1: =CoName | R1: ="TAG "&IF('Tag 4'!$S$4="","4",'Tag 4'!$S$4)&" · QTY "&N('Tag 4'!$W$4)
B2: ="FRAME CALCULATOR · "&CoSpec1&" · "&CoSpec2 | R2: ="Printed "&TEXT(NOW(),"mm/dd/yyyy hh:mm")
B4: CUSTOMER | K4: P.O./JOB | R4: TAG # | S4: 4 | V4: QTY | W4: 1
B6: JAMB DEPTH | D6: FIRE RATING | F6: W FT | G6: W IN | H6: H FT | I6: H IN | J6: PAIR | K6: CONST. STYLE | M6: SWING | N6: ANCHOR | P6: HINGE | R6: STRIKE 1 | T6: STRIKE 2 | U6: LOCK 1 | W6: LOCK 2 | X6: LOCATIONS
B7: 534 | D7: NO LAB | F7: 6 | G7: 0 | H7: 7 | I7: 0 | J7: Y | K7: WELDED | M7: RHR | N7: SSA | P7: U453 | R7: G18 | U7: G2 | X7: STEELCRAFT
B8: ELEVATION | E8: WALL | G8: FRAME GA | H8: DOOR | J8: DOOR GA | K8: HEAD FACE | L8: JAMB FACE | M8: REV HINGE | N8: REV LOCK | O8: REV TOP | P8: UNDERCUT | Q8: MASONRY R.O. W | S8: MASONRY R.O. H | U8: TOL. EA SIDE | V8: LITE W | W8: LITE H | X8: LITE TOP
B9: FNV 6"x27" | E9: MASONRY | G9: 16 | H9: HM | J9: 18 | K9: 2 | L9: 2
B10: CUSTOM A | D10: CUSTOM B | F10: CUSTOM C | H10: CUSTOM D | J10: CUSTOM E | L10: HARDWARE NOTES
B13: FRAME SIZE INFO | I13: FRAME ELEVATION — locations from the top of the frame | S13: DOOR SIZE INFO
B14: INSIDE WIDTH | E14: =Calc!$Q$1 | S14: OPENING WIDTH | V14: =Calc!$Q$1
B15: INSIDE HEIGHT | E15: =Calc!$Q$2 | S15: OPENING HEIGHT | V15: =Calc!$Q$2
B16: OUTSIDE WIDTH | E16: =Calc!$Q$13 | S16: ACTUAL WIDTH | V16: =Calc!$Q$24
B17: OUTSIDE HEIGHT | E17: =Calc!$Q$14 | S17: ACTUAL HEIGHT | V17: =Calc!$Q$25
B18: HEADER FACE | E18: =Calc!$Q$12 | S18: REVEAL HINGE / LOCK / TOP | V18: =TRIM(TEXT(Calc!$Q$20,"# ?/??"))&CHAR(34)&" · "&TRIM(TEXT(Calc!$Q$21,"# ?/??"))&CHAR(34)&" · "&TRIM(TEXT(Calc!$Q$22,"# ?/??"))&CHAR(34)
B19: HINGE & STRIKE FACE | E19: =Calc!$Q$11 | S19: UNDERCUT | V19: =Calc!$Q$23
B20: JAMB DEPTH | E20: =Calc!$Q$7 | S20: LITE KIT | V20: =IF(Calc!$Q$59,Calc!$Q$86&" · top "&TRIM(TEXT(Calc!$Q$58,"# ?/??"))&CHAR(34),"FLUSH")
B21: FITS WALL (throat) | E21: =Calc!$Q$15
S22: HARDWARE LOCATIONS — DOOR (from top of door)
B23: ROUGH OPENING | S23: HINGE 1 | V23: =IF(ISNUMBER(Calc!$Q$40),Calc!$Q$40-Calc!$Q$22,IF(Calc!$Q$26=0,"","NONE"))
B24: DRYWALL W x H | E24: =TRIM(TEXT(Calc!$Q$16,"# ?/??"))&CHAR(34)&" x "&TRIM(TEXT(Calc!$Q$17,"# ?/??"))&CHAR(34) | S24: HINGE 2 | V24: =IF(ISNUMBER(Calc!$Q$41),Calc!$Q$41-Calc!$Q$22,IF(Calc!$Q$26=0,"","NONE"))
B25: MASONRY W x H | E25: =TRIM(TEXT(Calc!$Q$18,"# ?/??"))&CHAR(34)&" x "&TRIM(TEXT(Calc!$Q$19,"# ?/??"))&CHAR(34) | S25: HINGE 3 | V25: =IF(ISNUMBER(Calc!$Q$42),Calc!$Q$42-Calc!$Q$22,IF(Calc!$Q$26=0,"","NONE"))
B26: FACE CHECK | E26: =IF(OR(Calc!$Q$11<1,Calc!$Q$11>12,Calc!$Q$12<1,Calc!$Q$12>12),"ERROR — face out of range","OK") | S26: HINGE 4 | V26: =IF(ISNUMBER(Calc!$Q$43),Calc!$Q$43-Calc!$Q$22,IF(Calc!$Q$26=0,"","NONE"))
S27: LOCK 1 CYL CL | V27: =Calc!$Q$49
B28: HARDWARE LOCATIONS — FRAME | S28: LOCK 2 CYL CL | V28: =Calc!$Q$50
B29: MANUFACTURER | E29: ='Tag 4'!$X$7 | S29: TOP MORTISE LOCK | V29: =Calc!$Q$51
B30: CHART | E30: =IF(Calc!$Q$29,INT(ROUND(Calc!$Q$28,4)/12)&"'-"&IF(ROUND(MOD(Calc!$Q$28,12),4)=0,"0",TRIM(TEXT(MOD(Calc!$Q$28,12),"# ?/??")))&CHAR(34)&IF(Calc!$Q$36," cut down",IF(Calc!$Q$38," — NOT STOCK","")),IF(Calc!$Q$27,"CUSTOM","ANSI/SDI")) | S30: MORTISE TOP TO CL | V30: =Calc!$Q$52
B31: HINGE 1 | E31: =IF(ISNUMBER(Calc!$Q$40),Calc!$Q$40,IF(Calc!$Q$26=0,IF(AND(0=0,'Tag 4'!$P$7="HGC"),"CONTINUOUS",""),"NONE"))
B32: HINGE 2 | E32: =IF(ISNUMBER(Calc!$Q$41),Calc!$Q$41,IF(Calc!$Q$26=0,IF(AND(1=0,'Tag 4'!$P$7="HGC"),"CONTINUOUS",""),"NONE")) | S32: DOOR ELEVATION
B33: HINGE 3 | E33: =IF(ISNUMBER(Calc!$Q$42),Calc!$Q$42,IF(Calc!$Q$26=0,IF(AND(2=0,'Tag 4'!$P$7="HGC"),"CONTINUOUS",""),"NONE"))
B34: HINGE 4 | E34: =IF(ISNUMBER(Calc!$Q$43),Calc!$Q$43,IF(Calc!$Q$26=0,IF(AND(3=0,'Tag 4'!$P$7="HGC"),"CONTINUOUS",""),"NONE")) | I34: SWING (plan) · JAMB PROFILE
B35: STRIKE 1 (E) | E35: =Calc!$Q$46
B36: STRIKE 2 | E36: =Calc!$Q$47
B38: OTHER MEASUREMENTS — FRAME
B39: ASA 4-7/8 TOP TO TOP | E39: =IF(ISNUMBER(Calc!$Q$46),Calc!$Q$46-2.4375,"")
B40: ASA 4-7/8 FTC (lock AFF) | E40: =Calc!$Q$53
B41: DEADBOLT FTC | E41: =IF(ISNUMBER(Calc!$Q$47),Calc!$Q$2-Calc!$Q$47,"")
B42: HAND / SWING | E42: =Calc!$Q$87
B53: ORDER LINES
B54: FRAME | D54: =IF(Calc!$Q$3,'Tag 4'!$W$4&") "&Calc!$Q$64,"")
B55: DOOR | D55: =IF(Calc!$Q$3,'Tag 4'!$W$4*Calc!$Q$5&") "&Calc!$Q$66,"")
B56: NOTES | D56: ='Tag 4'!$L$11&""
B58: APPROVED: | L58: DATE:
B60: =CoPhone | J60: =CoAddr | R60: =CoWeb

Sheet Tag 5
B1: =CoName | R1: ="TAG "&IF('Tag 5'!$S$4="","5",'Tag 5'!$S$4)&" · QTY "&N('Tag 5'!$W$4)
B2: ="FRAME CALCULATOR · "&CoSpec1&" · "&CoSpec2 | R2: ="Printed "&TEXT(NOW(),"mm/dd/yyyy hh:mm")
B4: CUSTOMER | K4: P.O./JOB | R4: TAG # | S4: 5 | V4: QTY | W4: 1
B6: JAMB DEPTH | D6: FIRE RATING | F6: W FT | G6: W IN | H6: H FT | I6: H IN | J6: PAIR | K6: CONST. STYLE | M6: SWING | N6: ANCHOR | P6: HINGE | R6: STRIKE 1 | T6: STRIKE 2 | U6: LOCK 1 | W6: LOCK 2 | X6: LOCATIONS
B7: 534 | D7: 60 MIN | F7: 3 | G7: 0 | H7: 8 | I7: 0 | K7: WELDED | M7: LHR | N7: SSA | P7: U454 | R7: E1 | U7: G3A | X7: CURRIES
B8: ELEVATION | E8: WALL | G8: FRAME GA | H8: DOOR | J8: DOOR GA | K8: HEAD FACE | L8: JAMB FACE | M8: REV HINGE | N8: REV LOCK | O8: REV TOP | P8: UNDERCUT | Q8: MASONRY R.O. W | S8: MASONRY R.O. H | U8: TOL. EA SIDE | V8: LITE W | W8: LITE H | X8: LITE TOP
B9: FG 24"x64" | E9: MASONRY | G9: 16 | H9: HM | J9: 18 | K9: 2 | L9: 2
B10: CUSTOM A | D10: CUSTOM B | F10: CUSTOM C | H10: CUSTOM D | J10: CUSTOM E | L10: HARDWARE NOTES
B13: FRAME SIZE INFO | I13: FRAME ELEVATION — locations from the top of the frame | S13: DOOR SIZE INFO
B14: INSIDE WIDTH | E14: =Calc!$V$1 | S14: OPENING WIDTH | V14: =Calc!$V$1
B15: INSIDE HEIGHT | E15: =Calc!$V$2 | S15: OPENING HEIGHT | V15: =Calc!$V$2
B16: OUTSIDE WIDTH | E16: =Calc!$V$13 | S16: ACTUAL WIDTH | V16: =Calc!$V$24
B17: OUTSIDE HEIGHT | E17: =Calc!$V$14 | S17: ACTUAL HEIGHT | V17: =Calc!$V$25
B18: HEADER FACE | E18: =Calc!$V$12 | S18: REVEAL HINGE / LOCK / TOP | V18: =TRIM(TEXT(Calc!$V$20,"# ?/??"))&CHAR(34)&" · "&TRIM(TEXT(Calc!$V$21,"# ?/??"))&CHAR(34)&" · "&TRIM(TEXT(Calc!$V$22,"# ?/??"))&CHAR(34)
B19: HINGE & STRIKE FACE | E19: =Calc!$V$11 | S19: UNDERCUT | V19: =Calc!$V$23
B20: JAMB DEPTH | E20: =Calc!$V$7 | S20: LITE KIT | V20: =IF(Calc!$V$59,Calc!$V$86&" · top "&TRIM(TEXT(Calc!$V$58,"# ?/??"))&CHAR(34),"FLUSH")
B21: FITS WALL (throat) | E21: =Calc!$V$15
S22: HARDWARE LOCATIONS — DOOR (from top of door)
B23: ROUGH OPENING | S23: HINGE 1 | V23: =IF(ISNUMBER(Calc!$V$40),Calc!$V$40-Calc!$V$22,IF(Calc!$V$26=0,"","NONE"))
B24: DRYWALL W x H | E24: =TRIM(TEXT(Calc!$V$16,"# ?/??"))&CHAR(34)&" x "&TRIM(TEXT(Calc!$V$17,"# ?/??"))&CHAR(34) | S24: HINGE 2 | V24: =IF(ISNUMBER(Calc!$V$41),Calc!$V$41-Calc!$V$22,IF(Calc!$V$26=0,"","NONE"))
B25: MASONRY W x H | E25: =TRIM(TEXT(Calc!$V$18,"# ?/??"))&CHAR(34)&" x "&TRIM(TEXT(Calc!$V$19,"# ?/??"))&CHAR(34) | S25: HINGE 3 | V25: =IF(ISNUMBER(Calc!$V$42),Calc!$V$42-Calc!$V$22,IF(Calc!$V$26=0,"","NONE"))
B26: FACE CHECK | E26: =IF(OR(Calc!$V$11<1,Calc!$V$11>12,Calc!$V$12<1,Calc!$V$12>12),"ERROR — face out of range","OK") | S26: HINGE 4 | V26: =IF(ISNUMBER(Calc!$V$43),Calc!$V$43-Calc!$V$22,IF(Calc!$V$26=0,"","NONE"))
S27: LOCK 1 CYL CL | V27: =Calc!$V$49
B28: HARDWARE LOCATIONS — FRAME | S28: LOCK 2 CYL CL | V28: =Calc!$V$50
B29: MANUFACTURER | E29: ='Tag 5'!$X$7 | S29: TOP MORTISE LOCK | V29: =Calc!$V$51
B30: CHART | E30: =IF(Calc!$V$29,INT(ROUND(Calc!$V$28,4)/12)&"'-"&IF(ROUND(MOD(Calc!$V$28,12),4)=0,"0",TRIM(TEXT(MOD(Calc!$V$28,12),"# ?/??")))&CHAR(34)&IF(Calc!$V$36," cut down",IF(Calc!$V$38," — NOT STOCK","")),IF(Calc!$V$27,"CUSTOM","ANSI/SDI")) | S30: MORTISE TOP TO CL | V30: =Calc!$V$52
B31: HINGE 1 | E31: =IF(ISNUMBER(Calc!$V$40),Calc!$V$40,IF(Calc!$V$26=0,IF(AND(0=0,'Tag 5'!$P$7="HGC"),"CONTINUOUS",""),"NONE"))
B32: HINGE 2 | E32: =IF(ISNUMBER(Calc!$V$41),Calc!$V$41,IF(Calc!$V$26=0,IF(AND(1=0,'Tag 5'!$P$7="HGC"),"CONTINUOUS",""),"NONE")) | S32: DOOR ELEVATION
B33: HINGE 3 | E33: =IF(ISNUMBER(Calc!$V$42),Calc!$V$42,IF(Calc!$V$26=0,IF(AND(2=0,'Tag 5'!$P$7="HGC"),"CONTINUOUS",""),"NONE"))
B34: HINGE 4 | E34: =IF(ISNUMBER(Calc!$V$43),Calc!$V$43,IF(Calc!$V$26=0,IF(AND(3=0,'Tag 5'!$P$7="HGC"),"CONTINUOUS",""),"NONE")) | I34: SWING (plan) · JAMB PROFILE
B35: STRIKE 1 (E) | E35: =Calc!$V$46
B36: STRIKE 2 | E36: =Calc!$V$47
B38: OTHER MEASUREMENTS — FRAME
B39: ASA 4-7/8 TOP TO TOP | E39: =IF(ISNUMBER(Calc!$V$46),Calc!$V$46-2.4375,"")
B40: ASA 4-7/8 FTC (lock AFF) | E40: =Calc!$V$53
B41: DEADBOLT FTC | E41: =IF(ISNUMBER(Calc!$V$47),Calc!$V$2-Calc!$V$47,"")
B42: HAND / SWING | E42: =Calc!$V$87
B53: ORDER LINES
B54: FRAME | D54: =IF(Calc!$V$3,'Tag 5'!$W$4&") "&Calc!$V$64,"")
B55: DOOR | D55: =IF(Calc!$V$3,'Tag 5'!$W$4*Calc!$V$5&") "&Calc!$V$66,"")
B56: NOTES | D56: ='Tag 5'!$L$11&""
B58: APPROVED: | L58: DATE:
B60: =CoPhone | J60: =CoAddr | R60: =CoWeb

Sheet Tag 6
B1: =CoName | R1: ="TAG "&IF('Tag 6'!$S$4="","6",'Tag 6'!$S$4)&" · QTY "&N('Tag 6'!$W$4)
B2: ="FRAME CALCULATOR · "&CoSpec1&" · "&CoSpec2 | R2: ="Printed "&TEXT(NOW(),"mm/dd/yyyy hh:mm")
B4: CUSTOMER | K4: P.O./JOB | R4: TAG # | S4: 6 | V4: QTY | W4: 1
B6: JAMB DEPTH | D6: FIRE RATING | F6: W FT | G6: W IN | H6: H FT | I6: H IN | J6: PAIR | K6: CONST. STYLE | M6: SWING | N6: ANCHOR | P6: HINGE | R6: STRIKE 1 | T6: STRIKE 2 | U6: LOCK 1 | W6: LOCK 2 | X6: LOCATIONS
B7: 534 | D7: NO LAB | F7: 3 | G7: 0 | H7: 7 | I7: 0 | K7: KD-3PC | M7: LH | N7: COMP | P7: U453 | R7: E1 | U7: G2 | X7: CUSTOM
B8: ELEVATION | E8: WALL | G8: FRAME GA | H8: DOOR | J8: DOOR GA | K8: HEAD FACE | L8: JAMB FACE | M8: REV HINGE | N8: REV LOCK | O8: REV TOP | P8: UNDERCUT | Q8: MASONRY R.O. W | S8: MASONRY R.O. H | U8: TOL. EA SIDE | V8: LITE W | W8: LITE H | X8: LITE TOP
B9: FLUSH | E9: DRYWALL | G9: 16 | H9: HM | J9: 18 | K9: 2 | L9: 2
B10: CUSTOM A | D10: CUSTOM B | F10: CUSTOM C | H10: CUSTOM D | J10: CUSTOM E | L10: HARDWARE NOTES
B11: 6 | D11: 36 | F11: 66 | J11: 42
B13: FRAME SIZE INFO | I13: FRAME ELEVATION — locations from the top of the frame | S13: DOOR SIZE INFO
B14: INSIDE WIDTH | E14: =Calc!$AA$1 | S14: OPENING WIDTH | V14: =Calc!$AA$1
B15: INSIDE HEIGHT | E15: =Calc!$AA$2 | S15: OPENING HEIGHT | V15: =Calc!$AA$2
B16: OUTSIDE WIDTH | E16: =Calc!$AA$13 | S16: ACTUAL WIDTH | V16: =Calc!$AA$24
B17: OUTSIDE HEIGHT | E17: =Calc!$AA$14 | S17: ACTUAL HEIGHT | V17: =Calc!$AA$25
B18: HEADER FACE | E18: =Calc!$AA$12 | S18: REVEAL HINGE / LOCK / TOP | V18: =TRIM(TEXT(Calc!$AA$20,"# ?/??"))&CHAR(34)&" · "&TRIM(TEXT(Calc!$AA$21,"# ?/??"))&CHAR(34)&" · "&TRIM(TEXT(Calc!$AA$22,"# ?/??"))&CHAR(34)
B19: HINGE & STRIKE FACE | E19: =Calc!$AA$11 | S19: UNDERCUT | V19: =Calc!$AA$23
B20: JAMB DEPTH | E20: =Calc!$AA$7 | S20: LITE KIT | V20: =IF(Calc!$AA$59,Calc!$AA$86&" · top "&TRIM(TEXT(Calc!$AA$58,"# ?/??"))&CHAR(34),"FLUSH")
B21: FITS WALL (throat) | E21: =Calc!$AA$15
S22: HARDWARE LOCATIONS — DOOR (from top of door)
B23: ROUGH OPENING | S23: HINGE 1 | V23: =IF(ISNUMBER(Calc!$AA$40),Calc!$AA$40-Calc!$AA$22,IF(Calc!$AA$26=0,"","NONE"))
B24: DRYWALL W x H | E24: =TRIM(TEXT(Calc!$AA$16,"# ?/??"))&CHAR(34)&" x "&TRIM(TEXT(Calc!$AA$17,"# ?/??"))&CHAR(34) | S24: HINGE 2 | V24: =IF(ISNUMBER(Calc!$AA$41),Calc!$AA$41-Calc!$AA$22,IF(Calc!$AA$26=0,"","NONE"))
B25: MASONRY W x H | E25: =TRIM(TEXT(Calc!$AA$18,"# ?/??"))&CHAR(34)&" x "&TRIM(TEXT(Calc!$AA$19,"# ?/??"))&CHAR(34) | S25: HINGE 3 | V25: =IF(ISNUMBER(Calc!$AA$42),Calc!$AA$42-Calc!$AA$22,IF(Calc!$AA$26=0,"","NONE"))
B26: FACE CHECK | E26: =IF(OR(Calc!$AA$11<1,Calc!$AA$11>12,Calc!$AA$12<1,Calc!$AA$12>12),"ERROR — face out of range","OK") | S26: HINGE 4 | V26: =IF(ISNUMBER(Calc!$AA$43),Calc!$AA$43-Calc!$AA$22,IF(Calc!$AA$26=0,"","NONE"))
S27: LOCK 1 CYL CL | V27: =Calc!$AA$49
B28: HARDWARE LOCATIONS — FRAME | S28: LOCK 2 CYL CL | V28: =Calc!$AA$50
B29: MANUFACTURER | E29: ='Tag 6'!$X$7 | S29: TOP MORTISE LOCK | V29: =Calc!$AA$51
B30: CHART | E30: =IF(Calc!$AA$29,INT(ROUND(Calc!$AA$28,4)/12)&"'-"&IF(ROUND(MOD(Calc!$AA$28,12),4)=0,"0",TRIM(TEXT(MOD(Calc!$AA$28,12),"# ?/??")))&CHAR(34)&IF(Calc!$AA$36," cut down",IF(Calc!$AA$38," — NOT STOCK","")),IF(Calc!$AA$27,"CUSTOM","ANSI/SDI")) | S30: MORTISE TOP TO CL | V30: =Calc!$AA$52
B31: HINGE 1 | E31: =IF(ISNUMBER(Calc!$AA$40),Calc!$AA$40,IF(Calc!$AA$26=0,IF(AND(0=0,'Tag 6'!$P$7="HGC"),"CONTINUOUS",""),"NONE"))
B32: HINGE 2 | E32: =IF(ISNUMBER(Calc!$AA$41),Calc!$AA$41,IF(Calc!$AA$26=0,IF(AND(1=0,'Tag 6'!$P$7="HGC"),"CONTINUOUS",""),"NONE")) | S32: DOOR ELEVATION
B33: HINGE 3 | E33: =IF(ISNUMBER(Calc!$AA$42),Calc!$AA$42,IF(Calc!$AA$26=0,IF(AND(2=0,'Tag 6'!$P$7="HGC"),"CONTINUOUS",""),"NONE"))
B34: HINGE 4 | E34: =IF(ISNUMBER(Calc!$AA$43),Calc!$AA$43,IF(Calc!$AA$26=0,IF(AND(3=0,'Tag 6'!$P$7="HGC"),"CONTINUOUS",""),"NONE")) | I34: SWING (plan) · JAMB PROFILE
B35: STRIKE 1 (E) | E35: =Calc!$AA$46
B36: STRIKE 2 | E36: =Calc!$AA$47
B38: OTHER MEASUREMENTS — FRAME
B39: ASA 4-7/8 TOP TO TOP | E39: =IF(ISNUMBER(Calc!$AA$46),Calc!$AA$46-2.4375,"")
B40: ASA 4-7/8 FTC (lock AFF) | E40: =Calc!$AA$53
B41: DEADBOLT FTC | E41: =IF(ISNUMBER(Calc!$AA$47),Calc!$AA$2-Calc!$AA$47,"")
B42: HAND / SWING | E42: =Calc!$AA$87
B53: ORDER LINES
B54: FRAME | D54: =IF(Calc!$AA$3,'Tag 6'!$W$4&") "&Calc!$AA$64,"")
B55: DOOR | D55: =IF(Calc!$AA$3,'Tag 6'!$W$4*Calc!$AA$5&") "&Calc!$AA$66,"")
B56: NOTES | D56: ='Tag 6'!$L$11&""
B58: APPROVED: | L58: DATE:
B60: =CoPhone | J60: =CoAddr | R60: =CoWeb

Sheet Tag List
B1: TAG LIST
B2: Every tag on one page, with its order lines — copy straight into the order.
A5: SHEET | B5: TAG | C5: QTY | D5: SIZE | E5: HAND | F5: FRAME ORDER LINE | G5: DOOR ORDER LINE | H5: OUTSIDE W x H | I5: DRYWALL R.O. | J5: HINGES (frame) | K5: E
A6: Tag 1 | B6: ='Tag 1'!$S$4&"" | C6: ='Tag 1'!$W$4 | D6: =Calc!$B$63 | E6: =Calc!$B$87 | F6: =Calc!$B$64 | G6: =Calc!$B$66 | H6: =TRIM(TEXT(Calc!$B$13,"# ?/??"))&CHAR(34)&" x "&TRIM(TEXT(Calc!$B$14,"# ?/??"))&CHAR(34) | I6: =TRIM(TEXT(Calc!$B$16,"# ?/??"))&CHAR(34)&" x "&TRIM(TEXT(Calc!$B$17,"# ?/??"))&CHAR(34) | J6: =IF(ISNUMBER(Calc!$B$40),TRIM(TEXT(Calc!$B$40,"# ?/??"))&CHAR(34),"")&" "&IF(ISNUMBER(Calc!$B$41),TRIM(TEXT(Calc!$B$41,"# ?/??"))&CHAR(34),"")&" "&IF(ISNUMBER(Calc!$B$42),TRIM(TEXT(Calc!$B$42,"# ?/??"))&CHAR(34),"")&" "&IF(ISNUMBER(Calc!$B$43),TRIM(TEXT(Calc!$B$43,"# ?/??"))&CHAR(34),"") | K6: =IF(ISNUMBER(Calc!$B$46),TRIM(TEXT(Calc!$B$46,"# ?/??"))&CHAR(34),"")
A7: Tag 2 | B7: ='Tag 2'!$S$4&"" | C7: ='Tag 2'!$W$4 | D7: =Calc!$G$63 | E7: =Calc!$G$87 | F7: =Calc!$G$64 | G7: =Calc!$G$66 | H7: =TRIM(TEXT(Calc!$G$13,"# ?/??"))&CHAR(34)&" x "&TRIM(TEXT(Calc!$G$14,"# ?/??"))&CHAR(34) | I7: =TRIM(TEXT(Calc!$G$16,"# ?/??"))&CHAR(34)&" x "&TRIM(TEXT(Calc!$G$17,"# ?/??"))&CHAR(34) | J7: =IF(ISNUMBER(Calc!$G$40),TRIM(TEXT(Calc!$G$40,"# ?/??"))&CHAR(34),"")&" "&IF(ISNUMBER(Calc!$G$41),TRIM(TEXT(Calc!$G$41,"# ?/??"))&CHAR(34),"")&" "&IF(ISNUMBER(Calc!$G$42),TRIM(TEXT(Calc!$G$42,"# ?/??"))&CHAR(34),"")&" "&IF(ISNUMBER(Calc!$G$43),TRIM(TEXT(Calc!$G$43,"# ?/??"))&CHAR(34),"") | K7: =IF(ISNUMBER(Calc!$G$46),TRIM(TEXT(Calc!$G$46,"# ?/??"))&CHAR(34),"")
A8: Tag 3 | B8: ='Tag 3'!$S$4&"" | C8: ='Tag 3'!$W$4 | D8: =Calc!$L$63 | E8: =Calc!$L$87 | F8: =Calc!$L$64 | G8: =Calc!$L$66 | H8: =TRIM(TEXT(Calc!$L$13,"# ?/??"))&CHAR(34)&" x "&TRIM(TEXT(Calc!$L$14,"# ?/??"))&CHAR(34) | I8: =TRIM(TEXT(Calc!$L$16,"# ?/??"))&CHAR(34)&" x "&TRIM(TEXT(Calc!$L$17,"# ?/??"))&CHAR(34) | J8: =IF(ISNUMBER(Calc!$L$40),TRIM(TEXT(Calc!$L$40,"# ?/??"))&CHAR(34),"")&" "&IF(ISNUMBER(Calc!$L$41),TRIM(TEXT(Calc!$L$41,"# ?/??"))&CHAR(34),"")&" "&IF(ISNUMBER(Calc!$L$42),TRIM(TEXT(Calc!$L$42,"# ?/??"))&CHAR(34),"")&" "&IF(ISNUMBER(Calc!$L$43),TRIM(TEXT(Calc!$L$43,"# ?/??"))&CHAR(34),"") | K8: =IF(ISNUMBER(Calc!$L$46),TRIM(TEXT(Calc!$L$46,"# ?/??"))&CHAR(34),"")
A9: Tag 4 | B9: ='Tag 4'!$S$4&"" | C9: ='Tag 4'!$W$4 | D9: =Calc!$Q$63 | E9: =Calc!$Q$87 | F9: =Calc!$Q$64 | G9: =Calc!$Q$66 | H9: =TRIM(TEXT(Calc!$Q$13,"# ?/??"))&CHAR(34)&" x "&TRIM(TEXT(Calc!$Q$14,"# ?/??"))&CHAR(34) | I9: =TRIM(TEXT(Calc!$Q$16,"# ?/??"))&CHAR(34)&" x "&TRIM(TEXT(Calc!$Q$17,"# ?/??"))&CHAR(34) | J9: =IF(ISNUMBER(Calc!$Q$40),TRIM(TEXT(Calc!$Q$40,"# ?/??"))&CHAR(34),"")&" "&IF(ISNUMBER(Calc!$Q$41),TRIM(TEXT(Calc!$Q$41,"# ?/??"))&CHAR(34),"")&" "&IF(ISNUMBER(Calc!$Q$42),TRIM(TEXT(Calc!$Q$42,"# ?/??"))&CHAR(34),"")&" "&IF(ISNUMBER(Calc!$Q$43),TRIM(TEXT(Calc!$Q$43,"# ?/??"))&CHAR(34),"") | K9: =IF(ISNUMBER(Calc!$Q$46),TRIM(TEXT(Calc!$Q$46,"# ?/??"))&CHAR(34),"")
A10: Tag 5 | B10: ='Tag 5'!$S$4&"" | C10: ='Tag 5'!$W$4 | D10: =Calc!$V$63 | E10: =Calc!$V$87 | F10: =Calc!$V$64 | G10: =Calc!$V$66 | H10: =TRIM(TEXT(Calc!$V$13,"# ?/??"))&CHAR(34)&" x "&TRIM(TEXT(Calc!$V$14,"# ?/??"))&CHAR(34) | I10: =TRIM(TEXT(Calc!$V$16,"# ?/??"))&CHAR(34)&" x "&TRIM(TEXT(Calc!$V$17,"# ?/??"))&CHAR(34) | J10: =IF(ISNUMBER(Calc!$V$40),TRIM(TEXT(Calc!$V$40,"# ?/??"))&CHAR(34),"")&" "&IF(ISNUMBER(Calc!$V$41),TRIM(TEXT(Calc!$V$41,"# ?/??"))&CHAR(34),"")&" "&IF(ISNUMBER(Calc!$V$42),TRIM(TEXT(Calc!$V$42,"# ?/??"))&CHAR(34),"")&" "&IF(ISNUMBER(Calc!$V$43),TRIM(TEXT(Calc!$V$43,"# ?/??"))&CHAR(34),"") | K10: =IF(ISNUMBER(Calc!$V$46),TRIM(TEXT(Calc!$V$46,"# ?/??"))&CHAR(34),"")
A11: Tag 6 | B11: ='Tag 6'!$S$4&"" | C11: ='Tag 6'!$W$4 | D11: =Calc!$AA$63 | E11: =Calc!$AA$87 | F11: =Calc!$AA$64 | G11: =Calc!$AA$66 | H11: =TRIM(TEXT(Calc!$AA$13,"# ?/??"))&CHAR(34)&" x "&TRIM(TEXT(Calc!$AA$14,"# ?/??"))&CHAR(34) | I11: =TRIM(TEXT(Calc!$AA$16,"# ?/??"))&CHAR(34)&" x "&TRIM(TEXT(Calc!$AA$17,"# ?/??"))&CHAR(34) | J11: =IF(ISNUMBER(Calc!$AA$40),TRIM(TEXT(Calc!$AA$40,"# ?/??"))&CHAR(34),"")&" "&IF(ISNUMBER(Calc!$AA$41),TRIM(TEXT(Calc!$AA$41,"# ?/??"))&CHAR(34),"")&" "&IF(ISNUMBER(Calc!$AA$42),TRIM(TEXT(Calc!$AA$42,"# ?/??"))&CHAR(34),"")&" "&IF(ISNUMBER(Calc!$AA$43),TRIM(TEXT(Calc!$AA$43,"# ?/??"))&CHAR(34),"") | K11: =IF(ISNUMBER(Calc!$AA$46),TRIM(TEXT(Calc!$AA$46,"# ?/??"))&CHAR(34),"")

Sheet Rough Opening
B1: ROUGH OPENING → FRAME
B2: Field measured an opening? Type the rough opening and the frame you want: faces, outside size and the door come out.
B5: TYPE
B6: ROUGH OPENING WIDTH | C6: 40.625
B7: ROUGH OPENING HEIGHT | C7: 86.5
B8: NOMINAL FRAME WIDTH | C8: 36
B9: NOMINAL FRAME HEIGHT | C9: 84
B10: TOLERANCE EACH SIDE | C10: 0
B12: RESULT
B13: HEADER FACE | C13: =C7-C9-C10
B14: HINGE & STRIKE FACE | C14: =(C6-C8)/2-C10
B15: FRAME OUTSIDE WIDTH | C15: =C8+2*C14-0.25
B16: FRAME OUTSIDE HEIGHT | C16: =C9+C13
B17: NET DOOR WIDTH | C17: =C8-0.25
B18: NET DOOR HEIGHT | C18: =C9-0.75
B19: LARGEST STANDARD FRAME WITH 2" FACES | C19: =FLOOR((C6-4-2*C10),2)&" x "&FLOOR((C7-2-C10),1)
B20: CHECK | C20: =IF(OR(C13<1,C13>12,C14<1,C14>12),"Face out of range (1–12): pick another frame size","OK")
B23: Same rule as the 2.0 Frame Calc sheet: header face = R.O. height − frame height; jamb face = (R.O. width − frame width) / 2; outside width less 1/4".

Sheet Bi-Pass
B1: BI-PASS DOOR SIZE — WOOD DOORS
B2: 1" overlap at the centre, 2-7/8" for track and hangers. Type the opening in inches.
B5: NOMINAL FRAME WIDTH | C5: 60
B6: NOMINAL FRAME HEIGHT | C6: 80
B7: LEAVES | C7: 2
B8: CENTRE OVERLAP (each) | C8: 1
B9: TRACK & HANGER CLEARANCE | C9: 2.875
B11: EACH LEAF WIDTH | C11: =C5/C7+C8/2*(C7-1)/(C7/2)
B12: EACH LEAF HEIGHT | C12: =C6-C9
B13: ORDER | C13: =C7&" LEAVES "&TRIM(TEXT(C11,"# ?/??"))&CHAR(34)&" x "&TRIM(TEXT(C12,"# ?/??"))&CHAR(34)
B15: Two leaves: width / 2 + 1/2" (the 2.0 rule). More leaves share the overlaps.

Sheet Locations
B1: MANUFACTURER LOCATIONS
B2: Frame: top inside of frame to the TOP of each hinge; E = strike centre line. Door = frame less 1/8". Edit to suit a maker.
B5: KEY | C5: MAKER | D5: CHART HT | E5: A | F5: B | G5: C | H5: D | I5: E | J5: LEAST NOMINAL (cut-down)
B6: CURRIES|80 | C6: CURRIES | D6: 80 | E6: 5 | F6: 35.25 | G6: 65.5 | I6: 40 | J6: =IF(F6="","",IF(H6<>"",H6,G6)+4.5+MinRail+0.75)
B7: CURRIES|84 | C7: CURRIES | D7: 84 | E7: 5 | F7: 37.25 | G7: 69.5 | I7: 44 | J7: =IF(F7="","",IF(H7<>"",H7,G7)+4.5+MinRail+0.75)
B8: CURRIES|96 | C8: CURRIES | D8: 96 | E8: 5 | F8: 30.5 | G8: 56 | H8: 81.5 | I8: 56 | J8: =IF(F8="","",IF(H8<>"",H8,G8)+4.5+MinRail+0.75)
B9: STEELCRAFT|80 | C9: STEELCRAFT | D9: 80 | E9: 7.5 | F9: 37.4375 | G9: 67.375 | I9: 39.6875 | J9: =IF(F9="","",IF(H9<>"",H9,G9)+4.5+MinRail+0.75)
B10: STEELCRAFT|84 | C10: STEELCRAFT | D10: 84 | E10: 7.5 | F10: 39.4375 | G10: 71.375 | I10: 43.6875 | J10: =IF(F10="","",IF(H10<>"",H10,G10)+4.5+MinRail+0.75)
B11: STEELCRAFT|96 | C11: STEELCRAFT | D11: 96 | E11: 7.5 | F11: 32.78125 | G11: 58.0625 | H11: 83.375 | I11: 55.6875 | J11: =IF(F11="","",IF(H11<>"",H11,G11)+4.5+MinRail+0.75)
B12: AMWELD|80 | C12: AMWELD | D12: 80 | E12: 7.5 | F12: 37.4375 | G12: 67.375 | I12: 39.6875 | J12: =IF(F12="","",IF(H12<>"",H12,G12)+4.5+MinRail+0.75)
B13: AMWELD|84 | C13: AMWELD | D13: 84 | E13: 7.5 | F13: 39.4375 | G13: 71.375 | I13: 43.6875 | J13: =IF(F13="","",IF(H13<>"",H13,G13)+4.5+MinRail+0.75)
B14: AMWELD|96 | C14: AMWELD | D14: 96 | E14: 7.5 | F14: 32.8125 | G14: 58.125 | H14: 83.4375 | I14: 55.6875 | J14: =IF(F14="","",IF(H14<>"",H14,G14)+4.5+MinRail+0.75)
B15: CECO|80 | C15: CECO | D15: 80 | E15: 6.75 | F15: 37.75 | G15: 68.75 | I15: 38.1875 | J15: =IF(F15="","",IF(H15<>"",H15,G15)+4.5+MinRail+0.75)
B16: CECO|84 | C16: CECO | D16: 84 | E16: 6.75 | F16: 39.75 | G16: 72.75 | I16: 42.1875 | J16: =IF(F16="","",IF(H16<>"",H16,G16)+4.5+MinRail+0.75)
B17: CECO|96 | C17: CECO | D17: 96 | E17: 6.75 | F17: 32.75 | G17: 58.75 | H17: 84.75 | I17: 54.1875 | J17: =IF(F17="","",IF(H17<>"",H17,G17)+4.5+MinRail+0.75)
B18: FENESTRA|80 | C18: FENESTRA | D18: 80 | E18: 5.25 | F18: 35.25 | G18: 65.25 | I18: 39.6875 | J18: =IF(F18="","",IF(H18<>"",H18,G18)+4.5+MinRail+0.75)
B19: FENESTRA|84 | C19: FENESTRA | D19: 84 | E19: 5.25 | F19: 37.25 | G19: 69.25 | I19: 43.6875 | J19: =IF(F19="","",IF(H19<>"",H19,G19)+4.5+MinRail+0.75)
B20: FENESTRA|96 | C20: FENESTRA | D20: 96 | E20: 5.25 | F20: 30.625 | G20: 55.9375 | H20: 81.25 | I20: 55.6875 | J20: =IF(F20="","",IF(H20<>"",H20,G20)+4.5+MinRail+0.75)
B21: KEWANEE|80 | C21: KEWANEE | D21: 80 | E21: 7.375 | F21: 37.4375 | G21: 67.5 | I21: 39.6875 | J21: =IF(F21="","",IF(H21<>"",H21,G21)+4.5+MinRail+0.75)
B22: KEWANEE|84 | C22: KEWANEE | D22: 84 | E22: 7.375 | F22: 39.4375 | G22: 71.5 | I22: 43.6875 | J22: =IF(F22="","",IF(H22<>"",H22,G22)+4.5+MinRail+0.75)
B23: KEWANEE|96 | C23: KEWANEE | D23: 96 | E23: 7.375 | F23: 32.75 | G23: 58.125 | H23: 83.5 | I23: 55.6875 | J23: =IF(F23="","",IF(H23<>"",H23,G23)+4.5+MinRail+0.75)
B24: MESKER|80 | C24: MESKER | D24: 80 | E24: 5 | F24: 35.25 | G24: 65.5 | I24: 39.6875 | J24: =IF(F24="","",IF(H24<>"",H24,G24)+4.5+MinRail+0.75)
B25: MESKER|84 | C25: MESKER | D25: 84 | E25: 5 | F25: 37.25 | G25: 69.5 | I25: 43.6875 | J25: =IF(F25="","",IF(H25<>"",H25,G25)+4.5+MinRail+0.75)
B26: MESKER|96 | C26: MESKER | D26: 96 | E26: 5 | F26: 30.5 | G26: 56 | H26: 81.5 | I26: 55.6875 | J26: =IF(F26="","",IF(H26<>"",H26,G26)+4.5+MinRail+0.75)
B27: PIONEER|80 | C27: PIONEER | D27: 80 | E27: 5 | F27: 35.25 | G27: 65.5 | I27: 42 | J27: =IF(F27="","",IF(H27<>"",H27,G27)+4.5+MinRail+0.75)
B28: PIONEER|84 | C28: PIONEER | D28: 84 | E28: 5 | F28: 37.25 | G28: 69.5 | I28: 46 | J28: =IF(F28="","",IF(H28<>"",H28,G28)+4.5+MinRail+0.75)
B29: PIONEER|96 | C29: PIONEER | D29: 96 | E29: 5 | F29: 30.5 | G29: 56 | H29: 81.5 | I29: 58 | J29: =IF(F29="","",IF(H29<>"",H29,G29)+4.5+MinRail+0.75)
B30: REPUBLIC|80 | C30: REPUBLIC | D30: 80 | E30: 7.5 | F30: 37.4375 | G30: 67.375 | I30: 39.6875 | J30: =IF(F30="","",IF(H30<>"",H30,G30)+4.5+MinRail+0.75)
B31: REPUBLIC|84 | C31: REPUBLIC | D31: 84 | E31: 9.5 | F31: 39.4375 | G31: 69.375 | I31: 43.6875 | J31: =IF(F31="","",IF(H31<>"",H31,G31)+4.5+MinRail+0.75)
B32: REPUBLIC|96 | C32: REPUBLIC | D32: 96 | E32: 5 | F32: 30.5 | G32: 56 | H32: 81.5 | I32: 55.6875 | J32: =IF(F32="","",IF(H32<>"",H32,G32)+4.5+MinRail+0.75)
B34: Their 2.0 rule kept: an opening shorter than a chart height takes that chart cut down from the bottom (6'-5" uses the 6'-8" row), as long as the rail under the bottom hinge stays 2-1/8". Shorter than LEAST NOMINAL = not stock: locations are re-spaced and flagged.

Sheet Lists
A1: L_Fire | B1: L_Style | C1: L_Swing | D1: L_Anchor | E1: L_Hinge | F1: L_Strike1 | G1: L_Strike2 | H1: L_Lock1 | I1: L_Lock2 | J1: L_Mfr | K1: L_Elev | L1: L_Wall | M1: L_Mat | N1: L_YN | O1: L_Gauge | P1: L_Face | Q1: L_WFt | R1: L_HFt | S1: L_In | U1: JAMB CODE | V1: INCHES | W1: PRINTS AS | Y1: CODE | Z1: PRINTS AS
A2: NO LAB | B2: KD-3PC | C2: LH | D2: COMP | E2: U453 | F2: E1 | G2: E4 | H2: G2 | I2: G2 | J2: CURRIES | K2: FLUSH | L2: DRYWALL | M2: HM | N2: Y | O2: 16 | P2: 2 | Q2: 0 | R2: 4 | S2: 0 | U2: 3 | V2: 3 | W2: 3" | Y2: LH | Z2: LH
A3: 20 MIN | B3: WELDED | C3: RH | D3: P/D+D.BOLT | E3: U454 | F3: E1E4 | G3: E3 | H3: G2G2 | I3: G16 | J3: STEELCRAFT | K3: FNV 5"x20" | L3: MASONRY | M3: WOOD | O3: 14 | P3: 4 | Q3: 1 | R3: 5 | S3: 1 | U3: 318 | V3: 3.125 | W3: 3-1/8" | Y3: RH | Z3: RH
A4: 45 MIN | C4: LHR | D4: P/D+W.SCREW | E4: HGC | F4: E8 | H4: G2A | I4: G17 | J4: AMWELD | K4: FNV 6"x27" | O4: 18 | Q4: 2 | R4: 6 | S4: 2 | U4: 314 | V4: 3.25 | W4: 3-1/4" | Y4: LHR | Z4: LHR
A5: 60 MIN | C5: RHR | D5: P/D-ONLY | E5: U453-EH | F5: E9 | H5: G3A | J5: CECO | K5: FNV 7"x22" | Q5: 3 | R5: 7 | S5: 3 | U5: 338 | V5: 3.375 | W5: 3-3/8" | Y5: RHR | Z5: RHR
A6: 90 MIN | C6: NH | D6: SSA | E6: U454-EH | F6: RL | H6: G3AEO | J6: FENESTRA | K6: FV 12"x12" | Q6: 4 | R6: 8 | S6: 4 | U6: 312 | V6: 3.5 | W6: 3-1/2" | Y6: NH
A7: 180 MIN | D7: T-MAS | E7: BLANK | F7: G18 | H7: G11 | J7: KEWANEE | K7: HG 24"x24" | R7: 9 | S7: 5 | U7: 358 | V7: 3.625 | W7: 3-5/8" | Y7: KD-3PC | Z7: KD
D8: WMA | H8: G11A | J8: MESKER | K8: HG 24"x30" | S8: 6 | U8: 334 | V8: 3.75 | W8: 3-3/4" | Y8: WELDED | Z8: WELDED
D9: NO ANCHORS | H9: G12 | J9: PIONEER | K9: HG 24"x36" | S9: 7 | U9: 378 | V9: 3.875 | W9: 3-7/8" | Y9: COMP | Z9: COMP
H10: G12A | J10: REPUBLIC | K10: FG 24"x60" | S10: 8 | U10: 4 | V10: 4 | W10: 4" | Y10: P/D+D.BOLT | Z10: P/D+DYNABOLTS
H11: G18 | J11: ANSI/SDI | K11: FG 24"x64" | S11: 9 | U11: 418 | V11: 4.125 | W11: 4-1/8" | Y11: P/D+W.SCREW | Z11: P/D+WOODSCREWS
J12: CUSTOM | K12: FG 22"x60" (WD) | S12: 10 | U12: 414 | V12: 4.25 | W12: 4-1/4" | Y12: P/D-ONLY | Z12: P/D-ONLY
K13: FG 22"x64" (WD) | S13: 11 | U13: 438 | V13: 4.375 | W13: 4-3/8" | Y13: SSA | Z13: SSA
K14: FL 12"x12" | U14: 412 | V14: 4.5 | W14: 4-1/2" | Y14: T-MAS | Z14: T-MAS
K15: FL 18"x12" | U15: 458 | V15: 4.625 | W15: 4-5/8" | Y15: WMA | Z15: WIRE.MAS
K16: FL 24"x12" | U16: 434 | V16: 4.75 | W16: 4-3/4" | Y16: NO ANCHORS
K17: FL 24"x24" | U17: 478 | V17: 4.875 | W17: 4-7/8" | Y17: U453 | Z17: 3-HNG
K18: 1/2" VIEWER | U18: 5 | V18: 5 | W18: 5" | Y18: U454 | Z18: 4-HNG
K19: 9/16" VIEWER | U19: 518 | V19: 5.125 | W19: 5-1/8" | Y19: HGC | Z19: CONT.HNG
K20: CUSTOM LITE | U20: 514 | V20: 5.25 | W20: 5-1/4" | Y20: U453-EH | Z20: 3-HNG 1-ELEC.HNG
U21: 538 | V21: 5.375 | W21: 5-3/8" | Y21: U454-EH | Z21: 4-HNG 1-ELEC.HNG
U22: 512 | V22: 5.5 | W22: 5-1/2" | Y22: BLANK | Z22: BLANK.HNG
U23: 558 | V23: 5.625 | W23: 5-5/8" | Y23: E1 | Z23: 1-478.STK
U24: 534 | V24: 5.75 | W24: 5-3/4" | Y24: E1E4 | Z24: 1-478.STK&DB.STK
U25: 578 | V25: 5.875 | W25: 5-7/8" | Y25: E8 | Z25: 1-RIM
U26: 6 | V26: 6 | W26: 6" | Y26: E9 | Z26: 1-ELEC
U27: 618 | V27: 6.125 | W27: 6-1/8" | Y27: RL | Z27: R.LATCH
U28: 614 | V28: 6.25 | W28: 6-1/4" | Y28: G18 | Z28: BLANK
U29: 638 | V29: 6.375 | W29: 6-3/8" | Y29: E4 | Z29: 1-DB.STK
U30: 612 | V30: 6.5 | W30: 6-1/2" | Y30: E3 | Z30: 1-DB.STR234
U31: 658 | V31: 6.625 | W31: 6-5/8" | Y31: G2 | Z31: CYL.161
U32: 634 | V32: 6.75 | W32: 6-3/4" | Y32: G2G2 | Z32: CYL.161&D.BOLT
... U47: 858 | V47: 8.625 | W47: 8-5/8" | Y47: 180 MIN | Z47: 180 MIN
U48: 834 | V48: 8.75 | W48: 8-3/4"
U49: 878 | V49: 8.875 | W49: 8-7/8"
U50: 9 | V50: 9 | W50: 9"
U51: 918 | V51: 9.125 | W51: 9-1/8"
U52: 914 | V52: 9.25 | W52: 9-1/4"
U53: 938 | V53: 9.375 | W53: 9-3/8"
U54: 912 | V54: 9.5 | W54: 9-1/2"
U55: 958 | V55: 9.625 | W55: 9-5/8"
U56: 934 | V56: 9.75 | W56: 9-3/4"
U57: 978 | V57: 9.875 | W57: 9-7/8"
U58: 10 | V58: 10 | W58: 10"
U59: 1018 | V59: 10.125 | W59: 10-1/8"
... U74: 12 | V74: 12 | W74: 12"

Sheet Calc
A1: W | B1: =N('Tag 1'!$F$7)*12+N('Tag 1'!$G$7) | F1: W | G1: =N('Tag 2'!$F$7)*12+N('Tag 2'!$G$7) | K1: W | L1: =N('Tag 3'!$F$7)*12+N('Tag 3'!$G$7) | P1: W | Q1: =N('Tag 4'!$F$7)*12+N('Tag 4'!$G$7) | U1: W | V1: =N('Tag 5'!$F$7)*12+N('Tag 5'!$G$7) | Z1: W | AA1: =N('Tag 6'!$F$7)*12+N('Tag 6'!$G$7)
A2: H | B2: =N('Tag 1'!$H$7)*12+N('Tag 1'!$I$7) | F2: H | G2: =N('Tag 2'!$H$7)*12+N('Tag 2'!$I$7) | K2: H | L2: =N('Tag 3'!$H$7)*12+N('Tag 3'!$I$7) | P2: H | Q2: =N('Tag 4'!$H$7)*12+N('Tag 4'!$I$7) | U2: H | V2: =N('Tag 5'!$H$7)*12+N('Tag 5'!$I$7) | Z2: H | AA2: =N('Tag 6'!$H$7)*12+N('Tag 6'!$I$7)
A3: ok | B3: =AND(Calc!$B$1>0,Calc!$B$2>0) | F3: ok | G3: =AND(Calc!$G$1>0,Calc!$G$2>0) | K3: ok | L3: =AND(Calc!$L$1>0,Calc!$L$2>0) | P3: ok | Q3: =AND(Calc!$Q$1>0,Calc!$Q$2>0) | U3: ok | V3: =AND(Calc!$V$1>0,Calc!$V$2>0) | Z3: ok | AA3: =AND(Calc!$AA$1>0,Calc!$AA$2>0)
A4: pair | B4: ='Tag 1'!$J$7="Y" | F4: pair | G4: ='Tag 2'!$J$7="Y" | K4: pair | L4: ='Tag 3'!$J$7="Y" | P4: pair | Q4: ='Tag 4'!$J$7="Y" | U4: pair | V4: ='Tag 5'!$J$7="Y" | Z4: pair | AA4: ='Tag 6'!$J$7="Y"
A5: nl | B5: =IF(Calc!$B$4,2,1) | F5: nl | G5: =IF(Calc!$G$4,2,1) | K5: nl | L5: =IF(Calc!$L$4,2,1) | P5: nl | Q5: =IF(Calc!$Q$4,2,1) | U5: nl | V5: =IF(Calc!$V$4,2,1) | Z5: nl | AA5: =IF(Calc!$AA$4,2,1)
A6: JD | B6: =IFERROR(VLOOKUP('Tag 1'!$B$7,T_Jamb,2,FALSE),5.75) | F6: JD | G6: =IFERROR(VLOOKUP('Tag 2'!$B$7,T_Jamb,2,FALSE),5.75) | K6: JD | L6: =IFERROR(VLOOKUP('Tag 3'!$B$7,T_Jamb,2,FALSE),5.75) | P6: JD | Q6: =IFERROR(VLOOKUP('Tag 4'!$B$7,T_Jamb,2,FALSE),5.75) | U6: JD | V6: =IFERROR(VLOOKUP('Tag 5'!$B$7,T_Jamb,2,FALSE),5.75) | Z6: JD | AA6: =IFERROR(VLOOKUP('Tag 6'!$B$7,T_Jamb,2,FALSE),5.75)
A7: JDT | B7: =IFERROR(VLOOKUP('Tag 1'!$B$7,T_Jamb,3,FALSE),"") | F7: JDT | G7: =IFERROR(VLOOKUP('Tag 2'!$B$7,T_Jamb,3,FALSE),"") | K7: JDT | L7: =IFERROR(VLOOKUP('Tag 3'!$B$7,T_Jamb,3,FALSE),"") | P7: JDT | Q7: =IFERROR(VLOOKUP('Tag 4'!$B$7,T_Jamb,3,FALSE),"") | U7: JDT | V7: =IFERROR(VLOOKUP('Tag 5'!$B$7,T_Jamb,3,FALSE),"") | Z7: JDT | AA7: =IFERROR(VLOOKUP('Tag 6'!$B$7,T_Jamb,3,FALSE),"")
A8: mas | B8: ='Tag 1'!$E$9="MASONRY" | F8: mas | G8: ='Tag 2'!$E$9="MASONRY" | K8: mas | L8: ='Tag 3'!$E$9="MASONRY" | P8: mas | Q8: ='Tag 4'!$E$9="MASONRY" | U8: mas | V8: ='Tag 5'!$E$9="MASONRY" | Z8: mas | AA8: ='Tag 6'!$E$9="MASONRY"
A9: weld | B9: ='Tag 1'!$K$7="WELDED" | F9: weld | G9: ='Tag 2'!$K$7="WELDED" | K9: weld | L9: ='Tag 3'!$K$7="WELDED" | P9: weld | Q9: ='Tag 4'!$K$7="WELDED" | U9: weld | V9: ='Tag 5'!$K$7="WELDED" | Z9: weld | AA9: ='Tag 6'!$K$7="WELDED"
A10: tol | B10: =IF(N('Tag 1'!$U$9)>0,'Tag 1'!$U$9,ROTolDef) | F10: tol | G10: =IF(N('Tag 2'!$U$9)>0,'Tag 2'!$U$9,ROTolDef) | K10: tol | L10: =IF(N('Tag 3'!$U$9)>0,'Tag 3'!$U$9,ROTolDef) | P10: tol | Q10: =IF(N('Tag 4'!$U$9)>0,'Tag 4'!$U$9,ROTolDef) | U10: tol | V10: =IF(N('Tag 5'!$U$9)>0,'Tag 5'!$U$9,ROTolDef) | Z10: tol | AA10: =IF(N('Tag 6'!$U$9)>0,'Tag 6'!$U$9,ROTolDef)
A11: jf | B11: =IF(AND(Calc!$B$8,N('Tag 1'!$Q$9)>0),(('Tag 1'!$Q$9-Calc!$B$1)-2*Calc!$B$10)/2,IF(N('Tag 1'!$L$9)>0,'Tag 1'!$L$9,2)) | F11: jf | G11: =IF(AND(Calc!$G$8,N('Tag 2'!$Q$9)>0),(('Tag 2'!$Q$9-Calc!$G$1)-2*Calc!$G$10)/2,IF(N('Tag 2'!$L$9)>0,'Tag 2'!$L$9,2)) | K11: jf | L11: =IF(AND(Calc!$L$8,N('Tag 3'!$Q$9)>0),(('Tag 3'!$Q$9-Calc!$L$1)-2*Calc!$L$10)/2,IF(N('Tag 3'!$L$9)>0,'Tag 3'!$L$9,2)) | P11: jf | Q11: =IF(AND(Calc!$Q$8,N('Tag 4'!$Q$9)>0),(('Tag 4'!$Q$9-Calc!$Q$1)-2*Calc!$Q$10)/2,IF(N('Tag 4'!$L$9)>0,'Tag 4'!$L$9,2)) | U11: jf | V11: =IF(AND(Calc!$V$8,N('Tag 5'!$Q$9)>0),(('Tag 5'!$Q$9-Calc!$V$1)-2*Calc!$V$10)/2,IF(N('Tag 5'!$L$9)>0,'Tag 5'!$L$9,2)) | Z11: jf | AA11: =IF(AND(Calc!$AA$8,N('Tag 6'!$Q$9)>0),(('Tag 6'!$Q$9-Calc!$AA$1)-2*Calc!$AA$10)/2,IF(N('Tag 6'!$L$9)>0,'Tag 6'!$L$9,2))
A12: hf | B12: =IF(AND(Calc!$B$8,N('Tag 1'!$S$9)>0),'Tag 1'!$S$9-Calc!$B$2-Calc!$B$10,IF(N('Tag 1'!$K$9)>0,'Tag 1'!$K$9,2)) | F12: hf | G12: =IF(AND(Calc!$G$8,N('Tag 2'!$S$9)>0),'Tag 2'!$S$9-Calc!$G$2-Calc!$G$10,IF(N('Tag 2'!$K$9)>0,'Tag 2'!$K$9,2)) | K12: hf | L12: =IF(AND(Calc!$L$8,N('Tag 3'!$S$9)>0),'Tag 3'!$S$9-Calc!$L$2-Calc!$L$10,IF(N('Tag 3'!$K$9)>0,'Tag 3'!$K$9,2)) | P12: hf | Q12: =IF(AND(Calc!$Q$8,N('Tag 4'!$S$9)>0),'Tag 4'!$S$9-Calc!$Q$2-Calc!$Q$10,IF(N('Tag 4'!$K$9)>0,'Tag 4'!$K$9,2)) | U12: hf | V12: =IF(AND(Calc!$V$8,N('Tag 5'!$S$9)>0),'Tag 5'!$S$9-Calc!$V$2-Calc!$V$10,IF(N('Tag 5'!$K$9)>0,'Tag 5'!$K$9,2)) | Z12: hf | AA12: =IF(AND(Calc!$AA$8,N('Tag 6'!$S$9)>0),'Tag 6'!$S$9-Calc!$AA$2-Calc!$AA$10,IF(N('Tag 6'!$K$9)>0,'Tag 6'!$K$9,2))
A13: OW | B13: =Calc!$B$1+2*Calc!$B$11 | F13: OW | G13: =Calc!$G$1+2*Calc!$G$11 | K13: OW | L13: =Calc!$L$1+2*Calc!$L$11 | P13: OW | Q13: =Calc!$Q$1+2*Calc!$Q$11 | U13: OW | V13: =Calc!$V$1+2*Calc!$V$11 | Z13: OW | AA13: =Calc!$AA$1+2*Calc!$AA$11
A14: OH | B14: =Calc!$B$2+Calc!$B$12 | F14: OH | G14: =Calc!$G$2+Calc!$G$12 | K14: OH | L14: =Calc!$L$2+Calc!$L$12 | P14: OH | Q14: =Calc!$Q$2+Calc!$Q$12 | U14: OH | V14: =Calc!$V$2+Calc!$V$12 | Z14: OH | AA14: =Calc!$AA$2+Calc!$AA$12
A15: throat | B15: =IF(Calc!$B$8,Calc!$B$6-1.125,Calc!$B$6-0.875) | F15: throat | G15: =IF(Calc!$G$8,Calc!$G$6-1.125,Calc!$G$6-0.875) | K15: throat | L15: =IF(Calc!$L$8,Calc!$L$6-1.125,Calc!$L$6-0.875) | P15: throat | Q15: =IF(Calc!$Q$8,Calc!$Q$6-1.125,Calc!$Q$6-0.875) | U15: throat | V15: =IF(Calc!$V$8,Calc!$V$6-1.125,Calc!$V$6-0.875) | Z15: throat | AA15: =IF(Calc!$AA$8,Calc!$AA$6-1.125,Calc!$AA$6-0.875)
A16: RDW | B16: =Calc!$B$1+RODryW | F16: RDW | G16: =Calc!$G$1+RODryW | K16: RDW | L16: =Calc!$L$1+RODryW | P16: RDW | Q16: =Calc!$Q$1+RODryW | U16: RDW | V16: =Calc!$V$1+RODryW | Z16: RDW | AA16: =Calc!$AA$1+RODryW
A17: RDH | B17: =Calc!$B$2+RODryH | F17: RDH | G17: =Calc!$G$2+RODryH | K17: RDH | L17: =Calc!$L$2+RODryH | P17: RDH | Q17: =Calc!$Q$2+RODryH | U17: RDH | V17: =Calc!$V$2+RODryH | Z17: RDH | AA17: =Calc!$AA$2+RODryH
A18: RMW | B18: =IF(N('Tag 1'!$Q$9)>0,'Tag 1'!$Q$9,Calc!$B$13+2*Calc!$B$10) | F18: RMW | G18: =IF(N('Tag 2'!$Q$9)>0,'Tag 2'!$Q$9,Calc!$G$13+2*Calc!$G$10) | K18: RMW | L18: =IF(N('Tag 3'!$Q$9)>0,'Tag 3'!$Q$9,Calc!$L$13+2*Calc!$L$10) | P18: RMW | Q18: =IF(N('Tag 4'!$Q$9)>0,'Tag 4'!$Q$9,Calc!$Q$13+2*Calc!$Q$10) | U18: RMW | V18: =IF(N('Tag 5'!$Q$9)>0,'Tag 5'!$Q$9,Calc!$V$13+2*Calc!$V$10) | Z18: RMW | AA18: =IF(N('Tag 6'!$Q$9)>0,'Tag 6'!$Q$9,Calc!$AA$13+2*Calc!$AA$10)
A19: RMH | B19: =IF(N('Tag 1'!$S$9)>0,'Tag 1'!$S$9,Calc!$B$14+Calc!$B$10) | F19: RMH | G19: =IF(N('Tag 2'!$S$9)>0,'Tag 2'!$S$9,Calc!$G$14+Calc!$G$10) | K19: RMH | L19: =IF(N('Tag 3'!$S$9)>0,'Tag 3'!$S$9,Calc!$L$14+Calc!$L$10) | P19: RMH | Q19: =IF(N('Tag 4'!$S$9)>0,'Tag 4'!$S$9,Calc!$Q$14+Calc!$Q$10) | U19: RMH | V19: =IF(N('Tag 5'!$S$9)>0,'Tag 5'!$S$9,Calc!$V$14+Calc!$V$10) | Z19: RMH | AA19: =IF(N('Tag 6'!$S$9)>0,'Tag 6'!$S$9,Calc!$AA$14+Calc!$AA$10)
A20: rvh | B20: =IF(ISNUMBER('Tag 1'!$M$9),'Tag 1'!$M$9,RevH) | F20: rvh | G20: =IF(ISNUMBER('Tag 2'!$M$9),'Tag 2'!$M$9,RevH) | K20: rvh | L20: =IF(ISNUMBER('Tag 3'!$M$9),'Tag 3'!$M$9,RevH) | P20: rvh | Q20: =IF(ISNUMBER('Tag 4'!$M$9),'Tag 4'!$M$9,RevH) | U20: rvh | V20: =IF(ISNUMBER('Tag 5'!$M$9),'Tag 5'!$M$9,RevH) | Z20: rvh | AA20: =IF(ISNUMBER('Tag 6'!$M$9),'Tag 6'!$M$9,RevH)
A21: rvl | B21: =IF(ISNUMBER('Tag 1'!$N$9),'Tag 1'!$N$9,RevL) | F21: rvl | G21: =IF(ISNUMBER('Tag 2'!$N$9),'Tag 2'!$N$9,RevL) | K21: rvl | L21: =IF(ISNUMBER('Tag 3'!$N$9),'Tag 3'!$N$9,RevL) | P21: rvl | Q21: =IF(ISNUMBER('Tag 4'!$N$9),'Tag 4'!$N$9,RevL) | U21: rvl | V21: =IF(ISNUMBER('Tag 5'!$N$9),'Tag 5'!$N$9,RevL) | Z21: rvl | AA21: =IF(ISNUMBER('Tag 6'!$N$9),'Tag 6'!$N$9,RevL)
A22: rvt | B22: =IF(ISNUMBER('Tag 1'!$O$9),'Tag 1'!$O$9,RevT) | F22: rvt | G22: =IF(ISNUMBER('Tag 2'!$O$9),'Tag 2'!$O$9,RevT) | K22: rvt | L22: =IF(ISNUMBER('Tag 3'!$O$9),'Tag 3'!$O$9,RevT) | P22: rvt | Q22: =IF(ISNUMBER('Tag 4'!$O$9),'Tag 4'!$O$9,RevT) | U22: rvt | V22: =IF(ISNUMBER('Tag 5'!$O$9),'Tag 5'!$O$9,RevT) | Z22: rvt | AA22: =IF(ISNUMBER('Tag 6'!$O$9),'Tag 6'!$O$9,RevT)
A23: uc | B23: =IF(ISNUMBER('Tag 1'!$P$9),'Tag 1'!$P$9,IF(OR('Tag 1'!$X$7="CURRIES",'Tag 1'!$X$7="PIONEER"),UCCur,UCOth)) | F23: uc | G23: =IF(ISNUMBER('Tag 2'!$P$9),'Tag 2'!$P$9,IF(OR('Tag 2'!$X$7="CURRIES",'Tag 2'!$X$7="PIONEER"),UCCur,UCOth)) | K23: uc | L23: =IF(ISNUMBER('Tag 3'!$P$9),'Tag 3'!$P$9,IF(OR('Tag 3'!$X$7="CURRIES",'Tag 3'!$X$7="PIONEER"),UCCur,UCOth)) | P23: uc | Q23: =IF(ISNUMBER('Tag 4'!$P$9),'Tag 4'!$P$9,IF(OR('Tag 4'!$X$7="CURRIES",'Tag 4'!$X$7="PIONEER"),UCCur,UCOth)) | U23: uc | V23: =IF(ISNUMBER('Tag 5'!$P$9),'Tag 5'!$P$9,IF(OR('Tag 5'!$X$7="CURRIES",'Tag 5'!$X$7="PIONEER"),UCCur,UCOth)) | Z23: uc | AA23: =IF(ISNUMBER('Tag 6'!$P$9),'Tag 6'!$P$9,IF(OR('Tag 6'!$X$7="CURRIES",'Tag 6'!$X$7="PIONEER"),UCCur,UCOth))
A24: LW | B24: =IF(Calc!$B$4,(Calc!$B$1-2*Calc!$B$20-Calc!$B$21)/2,Calc!$B$1-Calc!$B$20-Calc!$B$21) | F24: LW | G24: =IF(Calc!$G$4,(Calc!$G$1-2*Calc!$G$20-Calc!$G$21)/2,Calc!$G$1-Calc!$G$20-Calc!$G$21) | K24: LW | L24: =IF(Calc!$L$4,(Calc!$L$1-2*Calc!$L$20-Calc!$L$21)/2,Calc!$L$1-Calc!$L$20-Calc!$L$21) | P24: LW | Q24: =IF(Calc!$Q$4,(Calc!$Q$1-2*Calc!$Q$20-Calc!$Q$21)/2,Calc!$Q$1-Calc!$Q$20-Calc!$Q$21) | U24: LW | V24: =IF(Calc!$V$4,(Calc!$V$1-2*Calc!$V$20-Calc!$V$21)/2,Calc!$V$1-Calc!$V$20-Calc!$V$21) | Z24: LW | AA24: =IF(Calc!$AA$4,(Calc!$AA$1-2*Calc!$AA$20-Calc!$AA$21)/2,Calc!$AA$1-Calc!$AA$20-Calc!$AA$21)
A25: LH | B25: =Calc!$B$2-Calc!$B$22-Calc!$B$23 | F25: LH | G25: =Calc!$G$2-Calc!$G$22-Calc!$G$23 | K25: LH | L25: =Calc!$L$2-Calc!$L$22-Calc!$L$23 | P25: LH | Q25: =Calc!$Q$2-Calc!$Q$22-Calc!$Q$23 | U25: LH | V25: =Calc!$V$2-Calc!$V$22-Calc!$V$23 | Z25: LH | AA25: =Calc!$AA$2-Calc!$AA$22-Calc!$AA$23
A26: n | B26: =IF(OR('Tag 1'!$P$7="HGC",'Tag 1'!$P$7="BLANK"),0,IF(LEFT('Tag 1'!$P$7,4)="U454",4,IF(LEFT('Tag 1'!$P$7,4)="U453",3,IF(Calc!$B$25<=60,2,IF(Calc!$B$25<=90,3,4))))) | F26: n | G26: =IF(OR('Tag 2'!$P$7="HGC",'Tag 2'!$P$7="BLANK"),0,IF(LEFT('Tag 2'!$P$7,4)="U454",4,IF(LEFT('Tag 2'!$P$7,4)="U453",3,IF(Calc!$G$25<=60,2,IF(Calc!$G$25<=90,3,4))))) | K26: n | L26: =IF(OR('Tag 3'!$P$7="HGC",'Tag 3'!$P$7="BLANK"),0,IF(LEFT('Tag 3'!$P$7,4)="U454",4,IF(LEFT('Tag 3'!$P$7,4)="U453",3,IF(Calc!$L$25<=60,2,IF(Calc!$L$25<=90,3,4))))) | P26: n | Q26: =IF(OR('Tag 4'!$P$7="HGC",'Tag 4'!$P$7="BLANK"),0,IF(LEFT('Tag 4'!$P$7,4)="U454",4,IF(LEFT('Tag 4'!$P$7,4)="U453",3,IF(Calc!$Q$25<=60,2,IF(Calc!$Q$25<=90,3,4))))) | U26: n | V26: =IF(OR('Tag 5'!$P$7="HGC",'Tag 5'!$P$7="BLANK"),0,IF(LEFT('Tag 5'!$P$7,4)="U454",4,IF(LEFT('Tag 5'!$P$7,4)="U453",3,IF(Calc!$V$25<=60,2,IF(Calc!$V$25<=90,3,4))))) | Z26: n | AA26: =IF(OR('Tag 6'!$P$7="HGC",'Tag 6'!$P$7="BLANK"),0,IF(LEFT('Tag 6'!$P$7,4)="U454",4,IF(LEFT('Tag 6'!$P$7,4)="U453",3,IF(Calc!$AA$25<=60,2,IF(Calc!$AA$25<=90,3,4)))))
A27: cust | B27: =OR('Tag 1'!$X$7="CUSTOM",N('Tag 1'!$B$11)+N('Tag 1'!$D$11)+N('Tag 1'!$F$11)+N('Tag 1'!$H$11)+N('Tag 1'!$J$11)>0) | F27: cust | G27: =OR('Tag 2'!$X$7="CUSTOM",N('Tag 2'!$B$11)+N('Tag 2'!$D$11)+N('Tag 2'!$F$11)+N('Tag 2'!$H$11)+N('Tag 2'!$J$11)>0) | K27: cust | L27: =OR('Tag 3'!$X$7="CUSTOM",N('Tag 3'!$B$11)+N('Tag 3'!$D$11)+N('Tag 3'!$F$11)+N('Tag 3'!$H$11)+N('Tag 3'!$J$11)>0) | P27: cust | Q27: =OR('Tag 4'!$X$7="CUSTOM",N('Tag 4'!$B$11)+N('Tag 4'!$D$11)+N('Tag 4'!$F$11)+N('Tag 4'!$H$11)+N('Tag 4'!$J$11)>0) | U27: cust | V27: =OR('Tag 5'!$X$7="CUSTOM",N('Tag 5'!$B$11)+N('Tag 5'!$D$11)+N('Tag 5'!$F$11)+N('Tag 5'!$H$11)+N('Tag 5'!$J$11)>0) | Z27: cust | AA27: =OR('Tag 6'!$X$7="CUSTOM",N('Tag 6'!$B$11)+N('Tag 6'!$D$11)+N('Tag 6'!$F$11)+N('Tag 6'!$H$11)+N('Tag 6'!$J$11)>0)
A28: key | B28: =IF(Calc!$B$2<=80,80,IF(Calc!$B$2<=84,84,96)) | F28: key | G28: =IF(Calc!$G$2<=80,80,IF(Calc!$G$2<=84,84,96)) | K28: key | L28: =IF(Calc!$L$2<=80,80,IF(Calc!$L$2<=84,84,96)) | P28: key | Q28: =IF(Calc!$Q$2<=80,80,IF(Calc!$Q$2<=84,84,96)) | U28: key | V28: =IF(Calc!$V$2<=80,80,IF(Calc!$V$2<=84,84,96)) | Z28: key | AA28: =IF(Calc!$AA$2<=80,80,IF(Calc!$AA$2<=84,84,96))
A29: inC | B29: =AND(NOT(Calc!$B$27),Calc!$B$2<=96,ISNUMBER(MATCH('Tag 1'!$X$7&"|80",T_LocKey,0))) | F29: inC | G29: =AND(NOT(Calc!$G$27),Calc!$G$2<=96,ISNUMBER(MATCH('Tag 2'!$X$7&"|80",T_LocKey,0))) | K29: inC | L29: =AND(NOT(Calc!$L$27),Calc!$L$2<=96,ISNUMBER(MATCH('Tag 3'!$X$7&"|80",T_LocKey,0))) | P29: inC | Q29: =AND(NOT(Calc!$Q$27),Calc!$Q$2<=96,ISNUMBER(MATCH('Tag 4'!$X$7&"|80",T_LocKey,0))) | U29: inC | V29: =AND(NOT(Calc!$V$27),Calc!$V$2<=96,ISNUMBER(MATCH('Tag 5'!$X$7&"|80",T_LocKey,0))) | Z29: inC | AA29: =AND(NOT(Calc!$AA$27),Calc!$AA$2<=96,ISNUMBER(MATCH('Tag 6'!$X$7&"|80",T_LocKey,0)))
A30: cA | B30: =IF(Calc!$B$29,VLOOKUP('Tag 1'!$X$7&"|"&Calc!$B$28,T_Loc,4,FALSE),5) | F30: cA | G30: =IF(Calc!$G$29,VLOOKUP('Tag 2'!$X$7&"|"&Calc!$G$28,T_Loc,4,FALSE),5) | K30: cA | L30: =IF(Calc!$L$29,VLOOKUP('Tag 3'!$X$7&"|"&Calc!$L$28,T_Loc,4,FALSE),5) | P30: cA | Q30: =IF(Calc!$Q$29,VLOOKUP('Tag 4'!$X$7&"|"&Calc!$Q$28,T_Loc,4,FALSE),5) | U30: cA | V30: =IF(Calc!$V$29,VLOOKUP('Tag 5'!$X$7&"|"&Calc!$V$28,T_Loc,4,FALSE),5) | Z30: cA | AA30: =IF(Calc!$AA$29,VLOOKUP('Tag 6'!$X$7&"|"&Calc!$AA$28,T_Loc,4,FALSE),5)
A31: cB | B31: =IF(Calc!$B$29,VLOOKUP('Tag 1'!$X$7&"|"&Calc!$B$28,T_Loc,5,FALSE),"") | F31: cB | G31: =IF(Calc!$G$29,VLOOKUP('Tag 2'!$X$7&"|"&Calc!$G$28,T_Loc,5,FALSE),"") | K31: cB | L31: =IF(Calc!$L$29,VLOOKUP('Tag 3'!$X$7&"|"&Calc!$L$28,T_Loc,5,FALSE),"") | P31: cB | Q31: =IF(Calc!$Q$29,VLOOKUP('Tag 4'!$X$7&"|"&Calc!$Q$28,T_Loc,5,FALSE),"") | U31: cB | V31: =IF(Calc!$V$29,VLOOKUP('Tag 5'!$X$7&"|"&Calc!$V$28,T_Loc,5,FALSE),"") | Z31: cB | AA31: =IF(Calc!$AA$29,VLOOKUP('Tag 6'!$X$7&"|"&Calc!$AA$28,T_Loc,5,FALSE),"")
A32: cC | B32: =IF(Calc!$B$29,VLOOKUP('Tag 1'!$X$7&"|"&Calc!$B$28,T_Loc,6,FALSE),"") | F32: cC | G32: =IF(Calc!$G$29,VLOOKUP('Tag 2'!$X$7&"|"&Calc!$G$28,T_Loc,6,FALSE),"") | K32: cC | L32: =IF(Calc!$L$29,VLOOKUP('Tag 3'!$X$7&"|"&Calc!$L$28,T_Loc,6,FALSE),"") | P32: cC | Q32: =IF(Calc!$Q$29,VLOOKUP('Tag 4'!$X$7&"|"&Calc!$Q$28,T_Loc,6,FALSE),"") | U32: cC | V32: =IF(Calc!$V$29,VLOOKUP('Tag 5'!$X$7&"|"&Calc!$V$28,T_Loc,6,FALSE),"") | Z32: cC | AA32: =IF(Calc!$AA$29,VLOOKUP('Tag 6'!$X$7&"|"&Calc!$AA$28,T_Loc,6,FALSE),"")
A33: cD | B33: =IF(Calc!$B$29,N(VLOOKUP('Tag 1'!$X$7&"|"&Calc!$B$28,T_Loc,7,FALSE)),0) | F33: cD | G33: =IF(Calc!$G$29,N(VLOOKUP('Tag 2'!$X$7&"|"&Calc!$G$28,T_Loc,7,FALSE)),0) | K33: cD | L33: =IF(Calc!$L$29,N(VLOOKUP('Tag 3'!$X$7&"|"&Calc!$L$28,T_Loc,7,FALSE)),0) | P33: cD | Q33: =IF(Calc!$Q$29,N(VLOOKUP('Tag 4'!$X$7&"|"&Calc!$Q$28,T_Loc,7,FALSE)),0) | U33: cD | V33: =IF(Calc!$V$29,N(VLOOKUP('Tag 5'!$X$7&"|"&Calc!$V$28,T_Loc,7,FALSE)),0) | Z33: cD | AA33: =IF(Calc!$AA$29,N(VLOOKUP('Tag 6'!$X$7&"|"&Calc!$AA$28,T_Loc,7,FALSE)),0)
A34: cE | B34: =IF(Calc!$B$29,VLOOKUP('Tag 1'!$X$7&"|"&Calc!$B$28,T_Loc,8,FALSE),Calc!$B$2-LockAFF) | F34: cE | G34: =IF(Calc!$G$29,VLOOKUP('Tag 2'!$X$7&"|"&Calc!$G$28,T_Loc,8,FALSE),Calc!$G$2-LockAFF) | K34: cE | L34: =IF(Calc!$L$29,VLOOKUP('Tag 3'!$X$7&"|"&Calc!$L$28,T_Loc,8,FALSE),Calc!$L$2-LockAFF) | P34: cE | Q34: =IF(Calc!$Q$29,VLOOKUP('Tag 4'!$X$7&"|"&Calc!$Q$28,T_Loc,8,FALSE),Calc!$Q$2-LockAFF) | U34: cE | V34: =IF(Calc!$V$29,VLOOKUP('Tag 5'!$X$7&"|"&Calc!$V$28,T_Loc,8,FALSE),Calc!$V$2-LockAFF) | Z34: cE | AA34: =IF(Calc!$AA$29,VLOOKUP('Tag 6'!$X$7&"|"&Calc!$AA$28,T_Loc,8,FALSE),Calc!$AA$2-LockAFF)
A35: last | B35: =IF(Calc!$B$29,IF(Calc!$B$33>0,Calc!$B$33,Calc!$B$32),Calc!$B$2-10-4.5) | F35: last | G35: =IF(Calc!$G$29,IF(Calc!$G$33>0,Calc!$G$33,Calc!$G$32),Calc!$G$2-10-4.5) | K35: last | L35: =IF(Calc!$L$29,IF(Calc!$L$33>0,Calc!$L$33,Calc!$L$32),Calc!$L$2-10-4.5) | P35: last | Q35: =IF(Calc!$Q$29,IF(Calc!$Q$33>0,Calc!$Q$33,Calc!$Q$32),Calc!$Q$2-10-4.5) | U35: last | V35: =IF(Calc!$V$29,IF(Calc!$V$33>0,Calc!$V$33,Calc!$V$32),Calc!$V$2-10-4.5) | Z35: last | AA35: =IF(Calc!$AA$29,IF(Calc!$AA$33>0,Calc!$AA$33,Calc!$AA$32),Calc!$AA$2-10-4.5)
A36: cutOK | B36: =AND(Calc!$B$29,Calc!$B$2<Calc!$B$28,Calc!$B$2-Calc!$B$35-4.5-0.75>=MinRail) | F36: cutOK | G36: =AND(Calc!$G$29,Calc!$G$2<Calc!$G$28,Calc!$G$2-Calc!$G$35-4.5-0.75>=MinRail) | K36: cutOK | L36: =AND(Calc!$L$29,Calc!$L$2<Calc!$L$28,Calc!$L$2-Calc!$L$35-4.5-0.75>=MinRail) | P36: cutOK | Q36: =AND(Calc!$Q$29,Calc!$Q$2<Calc!$Q$28,Calc!$Q$2-Calc!$Q$35-4.5-0.75>=MinRail) | U36: cutOK | V36: =AND(Calc!$V$29,Calc!$V$2<Calc!$V$28,Calc!$V$2-Calc!$V$35-4.5-0.75>=MinRail) | Z36: cutOK | AA36: =AND(Calc!$AA$29,Calc!$AA$2<Calc!$AA$28,Calc!$AA$2-Calc!$AA$35-4.5-0.75>=MinRail)
A37: exact | B37: =AND(Calc!$B$29,OR(Calc!$B$2=Calc!$B$28,Calc!$B$36),OR(AND(Calc!$B$26=3,Calc!$B$33=0),AND(Calc!$B$26=4,Calc!$B$33>0))) | F37: exact | G37: =AND(Calc!$G$29,OR(Calc!$G$2=Calc!$G$28,Calc!$G$36),OR(AND(Calc!$G$26=3,Calc!$G$33=0),AND(Calc!$G$26=4,Calc!$G$33>0))) | K37: exact | L37: =AND(Calc!$L$29,OR(Calc!$L$2=Calc!$L$28,Calc!$L$36),OR(AND(Calc!$L$26=3,Calc!$L$33=0),AND(Calc!$L$26=4,Calc!$L$33>0))) | P37: exact | Q37: =AND(Calc!$Q$29,OR(Calc!$Q$2=Calc!$Q$28,Calc!$Q$36),OR(AND(Calc!$Q$26=3,Calc!$Q$33=0),AND(Calc!$Q$26=4,Calc!$Q$33>0))) | U37: exact | V37: =AND(Calc!$V$29,OR(Calc!$V$2=Calc!$V$28,Calc!$V$36),OR(AND(Calc!$V$26=3,Calc!$V$33=0),AND(Calc!$V$26=4,Calc!$V$33>0))) | Z37: exact | AA37: =AND(Calc!$AA$29,OR(Calc!$AA$2=Calc!$AA$28,Calc!$AA$36),OR(AND(Calc!$AA$26=3,Calc!$AA$33=0),AND(Calc!$AA$26=4,Calc!$AA$33>0)))
A38: notStock | B38: =AND(Calc!$B$29,Calc!$B$2<Calc!$B$28,NOT(Calc!$B$36)) | F38: notStock | G38: =AND(Calc!$G$29,Calc!$G$2<Calc!$G$28,NOT(Calc!$G$36)) | K38: notStock | L38: =AND(Calc!$L$29,Calc!$L$2<Calc!$L$28,NOT(Calc!$L$36)) | P38: notStock | Q38: =AND(Calc!$Q$29,Calc!$Q$2<Calc!$Q$28,NOT(Calc!$Q$36)) | U38: notStock | V38: =AND(Calc!$V$29,Calc!$V$2<Calc!$V$28,NOT(Calc!$V$36)) | Z38: notStock | AA38: =AND(Calc!$AA$29,Calc!$AA$2<Calc!$AA$28,NOT(Calc!$AA$36))
A39: lastA | B39: =IF(OR(NOT(Calc!$B$29),Calc!$B$2=Calc!$B$28,Calc!$B$36),Calc!$B$35,Calc!$B$2-(Calc!$B$28-Calc!$B$35)) | F39: lastA | G39: =IF(OR(NOT(Calc!$G$29),Calc!$G$2=Calc!$G$28,Calc!$G$36),Calc!$G$35,Calc!$G$2-(Calc!$G$28-Calc!$G$35)) | K39: lastA | L39: =IF(OR(NOT(Calc!$L$29),Calc!$L$2=Calc!$L$28,Calc!$L$36),Calc!$L$35,Calc!$L$2-(Calc!$L$28-Calc!$L$35)) | P39: lastA | Q39: =IF(OR(NOT(Calc!$Q$29),Calc!$Q$2=Calc!$Q$28,Calc!$Q$36),Calc!$Q$35,Calc!$Q$2-(Calc!$Q$28-Calc!$Q$35)) | U39: lastA | V39: =IF(OR(NOT(Calc!$V$29),Calc!$V$2=Calc!$V$28,Calc!$V$36),Calc!$V$35,Calc!$V$2-(Calc!$V$28-Calc!$V$35)) | Z39: lastA | AA39: =IF(OR(NOT(Calc!$AA$29),Calc!$AA$2=Calc!$AA$28,Calc!$AA$36),Calc!$AA$35,Calc!$AA$2-(Calc!$AA$28-Calc!$AA$35))
A40: h1 | B40: =IF(1>Calc!$B$26,"",IF(Calc!$B$27,IF(N('Tag 1'!$B$11)>0,'Tag 1'!$B$11,IF(Calc!$B$26=1,5,5+(Calc!$B$2-14.5-5)*0/MAX(1,Calc!$B$26-1))),IF(Calc!$B$37,Calc!$B$30,IF(Calc!$B$26=1,Calc!$B$30,Calc!$B$30+(Calc!$B$39-Calc!$B$30)*0/MAX(1,Calc!$B$26-1))))) | F40: h1 | G40: =IF(1>Calc!$G$26,"",IF(Calc!$G$27,IF(N('Tag 2'!$B$11)>0,'Tag 2'!$B$11,IF(Calc!$G$26=1,5,5+(Calc!$G$2-14.5-5)*0/MAX(1,Calc!$G$26-1))),IF(Calc!$G$37,Calc!$G$30,IF(Calc!$G$26=1,Calc!$G$30,Calc!$G$30+(Calc!$G$39-Calc!$G$30)*0/MAX(1,Calc!$G$26-1))))) | K40: h1 | L40: =IF(1>Calc!$L$26,"",IF(Calc!$L$27,IF(N('Tag 3'!$B$11)>0,'Tag 3'!$B$11,IF(Calc!$L$26=1,5,5+(Calc!$L$2-14.5-5)*0/MAX(1,Calc!$L$26-1))),IF(Calc!$L$37,Calc!$L$30,IF(Calc!$L$26=1,Calc!$L$30,Calc!$L$30+(Calc!$L$39-Calc!$L$30)*0/MAX(1,Calc!$L$26-1))))) | P40: h1 | Q40: =IF(1>Calc!$Q$26,"",IF(Calc!$Q$27,IF(N('Tag 4'!$B$11)>0,'Tag 4'!$B$11,IF(Calc!$Q$26=1,5,5+(Calc!$Q$2-14.5-5)*0/MAX(1,Calc!$Q$26-1))),IF(Calc!$Q$37,Calc!$Q$30,IF(Calc!$Q$26=1,Calc!$Q$30,Calc!$Q$30+(Calc!$Q$39-Calc!$Q$30)*0/MAX(1,Calc!$Q$26-1))))) | U40: h1 | V40: =IF(1>Calc!$V$26,"",IF(Calc!$V$27,IF(N('Tag 5'!$B$11)>0,'Tag 5'!$B$11,IF(Calc!$V$26=1,5,5+(Calc!$V$2-14.5-5)*0/MAX(1,Calc!$V$26-1))),IF(Calc!$V$37,Calc!$V$30,IF(Calc!$V$26=1,Calc!$V$30,Calc!$V$30+(Calc!$V$39-Calc!$V$30)*0/MAX(1,Calc!$V$26-1))))) | Z40: h1 | AA40: =IF(1>Calc!$AA$26,"",IF(Calc!$AA$27,IF(N('Tag 6'!$B$11)>0,'Tag 6'!$B$11,IF(Calc!$AA$26=1,5,5+(Calc!$AA$2-14.5-5)*0/MAX(1,Calc!$AA$26-1))),IF(Calc!$AA$37,Calc!$AA$30,IF(Calc!$AA$26=1,Calc!$AA$30,Calc!$AA$30+(Calc!$AA$39-Calc!$AA$30)*0/MAX(1,Calc!$AA$26-1)))))
A41: h2 | B41: =IF(2>Calc!$B$26,"",IF(Calc!$B$27,IF(N('Tag 1'!$D$11)>0,'Tag 1'!$D$11,IF(Calc!$B$26=1,5,5+(Calc!$B$2-14.5-5)*1/MAX(1,Calc!$B$26-1))),IF(Calc!$B$37,Calc!$B$31,IF(Calc!$B$26=1,Calc!$B$30,Calc!$B$30+(Calc!$B$39-Calc!$B$30)*1/MAX(1,Calc!$B$26-1))))) | F41: h2 | G41: =IF(2>Calc!$G$26,"",IF(Calc!$G$27,IF(N('Tag 2'!$D$11)>0,'Tag 2'!$D$11,IF(Calc!$G$26=1,5,5+(Calc!$G$2-14.5-5)*1/MAX(1,Calc!$G$26-1))),IF(Calc!$G$37,Calc!$G$31,IF(Calc!$G$26=1,Calc!$G$30,Calc!$G$30+(Calc!$G$39-Calc!$G$30)*1/MAX(1,Calc!$G$26-1))))) | K41: h2 | L41: =IF(2>Calc!$L$26,"",IF(Calc!$L$27,IF(N('Tag 3'!$D$11)>0,'Tag 3'!$D$11,IF(Calc!$L$26=1,5,5+(Calc!$L$2-14.5-5)*1/MAX(1,Calc!$L$26-1))),IF(Calc!$L$37,Calc!$L$31,IF(Calc!$L$26=1,Calc!$L$30,Calc!$L$30+(Calc!$L$39-Calc!$L$30)*1/MAX(1,Calc!$L$26-1))))) | P41: h2 | Q41: =IF(2>Calc!$Q$26,"",IF(Calc!$Q$27,IF(N('Tag 4'!$D$11)>0,'Tag 4'!$D$11,IF(Calc!$Q$26=1,5,5+(Calc!$Q$2-14.5-5)*1/MAX(1,Calc!$Q$26-1))),IF(Calc!$Q$37,Calc!$Q$31,IF(Calc!$Q$26=1,Calc!$Q$30,Calc!$Q$30+(Calc!$Q$39-Calc!$Q$30)*1/MAX(1,Calc!$Q$26-1))))) | U41: h2 | V41: =IF(2>Calc!$V$26,"",IF(Calc!$V$27,IF(N('Tag 5'!$D$11)>0,'Tag 5'!$D$11,IF(Calc!$V$26=1,5,5+(Calc!$V$2-14.5-5)*1/MAX(1,Calc!$V$26-1))),IF(Calc!$V$37,Calc!$V$31,IF(Calc!$V$26=1,Calc!$V$30,Calc!$V$30+(Calc!$V$39-Calc!$V$30)*1/MAX(1,Calc!$V$26-1))))) | Z41: h2 | AA41: =IF(2>Calc!$AA$26,"",IF(Calc!$AA$27,IF(N('Tag 6'!$D$11)>0,'Tag 6'!$D$11,IF(Calc!$AA$26=1,5,5+(Calc!$AA$2-14.5-5)*1/MAX(1,Calc!$AA$26-1))),IF(Calc!$AA$37,Calc!$AA$31,IF(Calc!$AA$26=1,Calc!$AA$30,Calc!$AA$30+(Calc!$AA$39-Calc!$AA$30)*1/MAX(1,Calc!$AA$26-1)))))
A42: h3 | B42: =IF(3>Calc!$B$26,"",IF(Calc!$B$27,IF(N('Tag 1'!$F$11)>0,'Tag 1'!$F$11,IF(Calc!$B$26=1,5,5+(Calc!$B$2-14.5-5)*2/MAX(1,Calc!$B$26-1))),IF(Calc!$B$37,Calc!$B$32,IF(Calc!$B$26=1,Calc!$B$30,Calc!$B$30+(Calc!$B$39-Calc!$B$30)*2/MAX(1,Calc!$B$26-1))))) | F42: h3 | G42: =IF(3>Calc!$G$26,"",IF(Calc!$G$27,IF(N('Tag 2'!$F$11)>0,'Tag 2'!$F$11,IF(Calc!$G$26=1,5,5+(Calc!$G$2-14.5-5)*2/MAX(1,Calc!$G$26-1))),IF(Calc!$G$37,Calc!$G$32,IF(Calc!$G$26=1,Calc!$G$30,Calc!$G$30+(Calc!$G$39-Calc!$G$30)*2/MAX(1,Calc!$G$26-1))))) | K42: h3 | L42: =IF(3>Calc!$L$26,"",IF(Calc!$L$27,IF(N('Tag 3'!$F$11)>0,'Tag 3'!$F$11,IF(Calc!$L$26=1,5,5+(Calc!$L$2-14.5-5)*2/MAX(1,Calc!$L$26-1))),IF(Calc!$L$37,Calc!$L$32,IF(Calc!$L$26=1,Calc!$L$30,Calc!$L$30+(Calc!$L$39-Calc!$L$30)*2/MAX(1,Calc!$L$26-1))))) | P42: h3 | Q42: =IF(3>Calc!$Q$26,"",IF(Calc!$Q$27,IF(N('Tag 4'!$F$11)>0,'Tag 4'!$F$11,IF(Calc!$Q$26=1,5,5+(Calc!$Q$2-14.5-5)*2/MAX(1,Calc!$Q$26-1))),IF(Calc!$Q$37,Calc!$Q$32,IF(Calc!$Q$26=1,Calc!$Q$30,Calc!$Q$30+(Calc!$Q$39-Calc!$Q$30)*2/MAX(1,Calc!$Q$26-1))))) | U42: h3 | V42: =IF(3>Calc!$V$26,"",IF(Calc!$V$27,IF(N('Tag 5'!$F$11)>0,'Tag 5'!$F$11,IF(Calc!$V$26=1,5,5+(Calc!$V$2-14.5-5)*2/MAX(1,Calc!$V$26-1))),IF(Calc!$V$37,Calc!$V$32,IF(Calc!$V$26=1,Calc!$V$30,Calc!$V$30+(Calc!$V$39-Calc!$V$30)*2/MAX(1,Calc!$V$26-1))))) | Z42: h3 | AA42: =IF(3>Calc!$AA$26,"",IF(Calc!$AA$27,IF(N('Tag 6'!$F$11)>0,'Tag 6'!$F$11,IF(Calc!$AA$26=1,5,5+(Calc!$AA$2-14.5-5)*2/MAX(1,Calc!$AA$26-1))),IF(Calc!$AA$37,Calc!$AA$32,IF(Calc!$AA$26=1,Calc!$AA$30,Calc!$AA$30+(Calc!$AA$39-Calc!$AA$30)*2/MAX(1,Calc!$AA$26-1)))))
A43: h4 | B43: =IF(4>Calc!$B$26,"",IF(Calc!$B$27,IF(N('Tag 1'!$H$11)>0,'Tag 1'!$H$11,IF(Calc!$B$26=1,5,5+(Calc!$B$2-14.5-5)*3/MAX(1,Calc!$B$26-1))),IF(Calc!$B$37,Calc!$B$33,IF(Calc!$B$26=1,Calc!$B$30,Calc!$B$30+(Calc!$B$39-Calc!$B$30)*3/MAX(1,Calc!$B$26-1))))) | F43: h4 | G43: =IF(4>Calc!$G$26,"",IF(Calc!$G$27,IF(N('Tag 2'!$H$11)>0,'Tag 2'!$H$11,IF(Calc!$G$26=1,5,5+(Calc!$G$2-14.5-5)*3/MAX(1,Calc!$G$26-1))),IF(Calc!$G$37,Calc!$G$33,IF(Calc!$G$26=1,Calc!$G$30,Calc!$G$30+(Calc!$G$39-Calc!$G$30)*3/MAX(1,Calc!$G$26-1))))) | K43: h4 | L43: =IF(4>Calc!$L$26,"",IF(Calc!$L$27,IF(N('Tag 3'!$H$11)>0,'Tag 3'!$H$11,IF(Calc!$L$26=1,5,5+(Calc!$L$2-14.5-5)*3/MAX(1,Calc!$L$26-1))),IF(Calc!$L$37,Calc!$L$33,IF(Calc!$L$26=1,Calc!$L$30,Calc!$L$30+(Calc!$L$39-Calc!$L$30)*3/MAX(1,Calc!$L$26-1))))) | P43: h4 | Q43: =IF(4>Calc!$Q$26,"",IF(Calc!$Q$27,IF(N('Tag 4'!$H$11)>0,'Tag 4'!$H$11,IF(Calc!$Q$26=1,5,5+(Calc!$Q$2-14.5-5)*3/MAX(1,Calc!$Q$26-1))),IF(Calc!$Q$37,Calc!$Q$33,IF(Calc!$Q$26=1,Calc!$Q$30,Calc!$Q$30+(Calc!$Q$39-Calc!$Q$30)*3/MAX(1,Calc!$Q$26-1))))) | U43: h4 | V43: =IF(4>Calc!$V$26,"",IF(Calc!$V$27,IF(N('Tag 5'!$H$11)>0,'Tag 5'!$H$11,IF(Calc!$V$26=1,5,5+(Calc!$V$2-14.5-5)*3/MAX(1,Calc!$V$26-1))),IF(Calc!$V$37,Calc!$V$33,IF(Calc!$V$26=1,Calc!$V$30,Calc!$V$30+(Calc!$V$39-Calc!$V$30)*3/MAX(1,Calc!$V$26-1))))) | Z43: h4 | AA43: =IF(4>Calc!$AA$26,"",IF(Calc!$AA$27,IF(N('Tag 6'!$H$11)>0,'Tag 6'!$H$11,IF(Calc!$AA$26=1,5,5+(Calc!$AA$2-14.5-5)*3/MAX(1,Calc!$AA$26-1))),IF(Calc!$AA$37,Calc!$AA$33,IF(Calc!$AA$26=1,Calc!$AA$30,Calc!$AA$30+(Calc!$AA$39-Calc!$AA$30)*3/MAX(1,Calc!$AA$26-1)))))
A44: strikeOn | B44: =NOT(OR('Tag 1'!$R$7="E8",'Tag 1'!$R$7="G18",'Tag 1'!$R$7="RL",'Tag 1'!$R$7="")) | F44: strikeOn | G44: =NOT(OR('Tag 2'!$R$7="E8",'Tag 2'!$R$7="G18",'Tag 2'!$R$7="RL",'Tag 2'!$R$7="")) | K44: strikeOn | L44: =NOT(OR('Tag 3'!$R$7="E8",'Tag 3'!$R$7="G18",'Tag 3'!$R$7="RL",'Tag 3'!$R$7="")) | P44: strikeOn | Q44: =NOT(OR('Tag 4'!$R$7="E8",'Tag 4'!$R$7="G18",'Tag 4'!$R$7="RL",'Tag 4'!$R$7="")) | U44: strikeOn | V44: =NOT(OR('Tag 5'!$R$7="E8",'Tag 5'!$R$7="G18",'Tag 5'!$R$7="RL",'Tag 5'!$R$7="")) | Z44: strikeOn | AA44: =NOT(OR('Tag 6'!$R$7="E8",'Tag 6'!$R$7="G18",'Tag 6'!$R$7="RL",'Tag 6'!$R$7=""))
A45: E | B45: =IF(N('Tag 1'!$J$11)>0,'Tag 1'!$J$11,IF(Calc!$B$29,IF(OR(Calc!$B$2=Calc!$B$28,Calc!$B$36),Calc!$B$34,Calc!$B$34+(Calc!$B$2-Calc!$B$28)),Calc!$B$2-LockAFF)) | F45: E | G45: =IF(N('Tag 2'!$J$11)>0,'Tag 2'!$J$11,IF(Calc!$G$29,IF(OR(Calc!$G$2=Calc!$G$28,Calc!$G$36),Calc!$G$34,Calc!$G$34+(Calc!$G$2-Calc!$G$28)),Calc!$G$2-LockAFF)) | K45: E | L45: =IF(N('Tag 3'!$J$11)>0,'Tag 3'!$J$11,IF(Calc!$L$29,IF(OR(Calc!$L$2=Calc!$L$28,Calc!$L$36),Calc!$L$34,Calc!$L$34+(Calc!$L$2-Calc!$L$28)),Calc!$L$2-LockAFF)) | P45: E | Q45: =IF(N('Tag 4'!$J$11)>0,'Tag 4'!$J$11,IF(Calc!$Q$29,IF(OR(Calc!$Q$2=Calc!$Q$28,Calc!$Q$36),Calc!$Q$34,Calc!$Q$34+(Calc!$Q$2-Calc!$Q$28)),Calc!$Q$2-LockAFF)) | U45: E | V45: =IF(N('Tag 5'!$J$11)>0,'Tag 5'!$J$11,IF(Calc!$V$29,IF(OR(Calc!$V$2=Calc!$V$28,Calc!$V$36),Calc!$V$34,Calc!$V$34+(Calc!$V$2-Calc!$V$28)),Calc!$V$2-LockAFF)) | Z45: E | AA45: =IF(N('Tag 6'!$J$11)>0,'Tag 6'!$J$11,IF(Calc!$AA$29,IF(OR(Calc!$AA$2=Calc!$AA$28,Calc!$AA$36),Calc!$AA$34,Calc!$AA$34+(Calc!$AA$2-Calc!$AA$28)),Calc!$AA$2-LockAFF))
A46: E1 | B46: =IF(Calc!$B$44,Calc!$B$45,"") | F46: E1 | G46: =IF(Calc!$G$44,Calc!$G$45,"") | K46: E1 | L46: =IF(Calc!$L$44,Calc!$L$45,"") | P46: E1 | Q46: =IF(Calc!$Q$44,Calc!$Q$45,"") | U46: E1 | V46: =IF(Calc!$V$44,Calc!$V$45,"") | Z46: E1 | AA46: =IF(Calc!$AA$44,Calc!$AA$45,"")
A47: E2 | B47: =IF(OR('Tag 1'!$R$7="E1E4",'Tag 1'!$T$7="E4"),Calc!$B$2-DBAFF,IF('Tag 1'!$T$7="E3","VERIFY","")) | F47: E2 | G47: =IF(OR('Tag 2'!$R$7="E1E4",'Tag 2'!$T$7="E4"),Calc!$G$2-DBAFF,IF('Tag 2'!$T$7="E3","VERIFY","")) | K47: E2 | L47: =IF(OR('Tag 3'!$R$7="E1E4",'Tag 3'!$T$7="E4"),Calc!$L$2-DBAFF,IF('Tag 3'!$T$7="E3","VERIFY","")) | P47: E2 | Q47: =IF(OR('Tag 4'!$R$7="E1E4",'Tag 4'!$T$7="E4"),Calc!$Q$2-DBAFF,IF('Tag 4'!$T$7="E3","VERIFY","")) | U47: E2 | V47: =IF(OR('Tag 5'!$R$7="E1E4",'Tag 5'!$T$7="E4"),Calc!$V$2-DBAFF,IF('Tag 5'!$T$7="E3","VERIFY","")) | Z47: E2 | AA47: =IF(OR('Tag 6'!$R$7="E1E4",'Tag 6'!$T$7="E4"),Calc!$AA$2-DBAFF,IF('Tag 6'!$T$7="E3","VERIFY",""))
A48: mort | B48: =OR(LEFT('Tag 1'!$U$7,2)="G3",'Tag 1'!$U$7="G12") | F48: mort | G48: =OR(LEFT('Tag 2'!$U$7,2)="G3",'Tag 2'!$U$7="G12") | K48: mort | L48: =OR(LEFT('Tag 3'!$U$7,2)="G3",'Tag 3'!$U$7="G12") | P48: mort | Q48: =OR(LEFT('Tag 4'!$U$7,2)="G3",'Tag 4'!$U$7="G12") | U48: mort | V48: =OR(LEFT('Tag 5'!$U$7,2)="G3",'Tag 5'!$U$7="G12") | Z48: mort | AA48: =OR(LEFT('Tag 6'!$U$7,2)="G3",'Tag 6'!$U$7="G12")
A49: cylE | B49: =IF(OR(Calc!$B$48,'Tag 1'!$U$7="G18",'Tag 1'!$U$7="G11",'Tag 1'!$U$7="G11A",'Tag 1'!$U$7="G12A",NOT(ISNUMBER(Calc!$B$45))),"",Calc!$B$45-Calc!$B$22) | F49: cylE | G49: =IF(OR(Calc!$G$48,'Tag 2'!$U$7="G18",'Tag 2'!$U$7="G11",'Tag 2'!$U$7="G11A",'Tag 2'!$U$7="G12A",NOT(ISNUMBER(Calc!$G$45))),"",Calc!$G$45-Calc!$G$22) | K49: cylE | L49: =IF(OR(Calc!$L$48,'Tag 3'!$U$7="G18",'Tag 3'!$U$7="G11",'Tag 3'!$U$7="G11A",'Tag 3'!$U$7="G12A",NOT(ISNUMBER(Calc!$L$45))),"",Calc!$L$45-Calc!$L$22) | P49: cylE | Q49: =IF(OR(Calc!$Q$48,'Tag 4'!$U$7="G18",'Tag 4'!$U$7="G11",'Tag 4'!$U$7="G11A",'Tag 4'!$U$7="G12A",NOT(ISNUMBER(Calc!$Q$45))),"",Calc!$Q$45-Calc!$Q$22) | U49: cylE | V49: =IF(OR(Calc!$V$48,'Tag 5'!$U$7="G18",'Tag 5'!$U$7="G11",'Tag 5'!$U$7="G11A",'Tag 5'!$U$7="G12A",NOT(ISNUMBER(Calc!$V$45))),"",Calc!$V$45-Calc!$V$22) | Z49: cylE | AA49: =IF(OR(Calc!$AA$48,'Tag 6'!$U$7="G18",'Tag 6'!$U$7="G11",'Tag 6'!$U$7="G11A",'Tag 6'!$U$7="G12A",NOT(ISNUMBER(Calc!$AA$45))),"",Calc!$AA$45-Calc!$AA$22)
A50: cyl2 | B50: =IF(AND(ISNUMBER(Calc!$B$47),OR('Tag 1'!$W$7<>"",'Tag 1'!$U$7="G2G2")),Calc!$B$47-Calc!$B$22,"") | F50: cyl2 | G50: =IF(AND(ISNUMBER(Calc!$G$47),OR('Tag 2'!$W$7<>"",'Tag 2'!$U$7="G2G2")),Calc!$G$47-Calc!$G$22,"") | K50: cyl2 | L50: =IF(AND(ISNUMBER(Calc!$L$47),OR('Tag 3'!$W$7<>"",'Tag 3'!$U$7="G2G2")),Calc!$L$47-Calc!$L$22,"") | P50: cyl2 | Q50: =IF(AND(ISNUMBER(Calc!$Q$47),OR('Tag 4'!$W$7<>"",'Tag 4'!$U$7="G2G2")),Calc!$Q$47-Calc!$Q$22,"") | U50: cyl2 | V50: =IF(AND(ISNUMBER(Calc!$V$47),OR('Tag 5'!$W$7<>"",'Tag 5'!$U$7="G2G2")),Calc!$V$47-Calc!$V$22,"") | Z50: cyl2 | AA50: =IF(AND(ISNUMBER(Calc!$AA$47),OR('Tag 6'!$W$7<>"",'Tag 6'!$U$7="G2G2")),Calc!$AA$47-Calc!$AA$22,"")
A51: mtop | B51: =IF(Calc!$B$48,Calc!$B$45+0.25-4,"") | F51: mtop | G51: =IF(Calc!$G$48,Calc!$G$45+0.25-4,"") | K51: mtop | L51: =IF(Calc!$L$48,Calc!$L$45+0.25-4,"") | P51: mtop | Q51: =IF(Calc!$Q$48,Calc!$Q$45+0.25-4,"") | U51: mtop | V51: =IF(Calc!$V$48,Calc!$V$45+0.25-4,"") | Z51: mtop | AA51: =IF(Calc!$AA$48,Calc!$AA$45+0.25-4,"")
A52: mcl | B52: =IF(Calc!$B$48,Calc!$B$45+0.25,"") | F52: mcl | G52: =IF(Calc!$G$48,Calc!$G$45+0.25,"") | K52: mcl | L52: =IF(Calc!$L$48,Calc!$L$45+0.25,"") | P52: mcl | Q52: =IF(Calc!$Q$48,Calc!$Q$45+0.25,"") | U52: mcl | V52: =IF(Calc!$V$48,Calc!$V$45+0.25,"") | Z52: mcl | AA52: =IF(Calc!$AA$48,Calc!$AA$45+0.25,"")
A53: lockAFF | B53: =IF(ISNUMBER(Calc!$B$45),Calc!$B$2-Calc!$B$45,"") | F53: lockAFF | G53: =IF(ISNUMBER(Calc!$G$45),Calc!$G$2-Calc!$G$45,"") | K53: lockAFF | L53: =IF(ISNUMBER(Calc!$L$45),Calc!$L$2-Calc!$L$45,"") | P53: lockAFF | Q53: =IF(ISNUMBER(Calc!$Q$45),Calc!$Q$2-Calc!$Q$45,"") | U53: lockAFF | V53: =IF(ISNUMBER(Calc!$V$45),Calc!$V$2-Calc!$V$45,"") | Z53: lockAFF | AA53: =IF(ISNUMBER(Calc!$AA$45),Calc!$AA$2-Calc!$AA$45,"")
A54: elevS | B54: =SUBSTITUTE(SUBSTITUTE('Tag 1'!$B$9," (WD)",""),CHAR(34),"") | F54: elevS | G54: =SUBSTITUTE(SUBSTITUTE('Tag 2'!$B$9," (WD)",""),CHAR(34),"") | K54: elevS | L54: =SUBSTITUTE(SUBSTITUTE('Tag 3'!$B$9," (WD)",""),CHAR(34),"") | P54: elevS | Q54: =SUBSTITUTE(SUBSTITUTE('Tag 4'!$B$9," (WD)",""),CHAR(34),"") | U54: elevS | V54: =SUBSTITUTE(SUBSTITUTE('Tag 5'!$B$9," (WD)",""),CHAR(34),"") | Z54: elevS | AA54: =SUBSTITUTE(SUBSTITUTE('Tag 6'!$B$9," (WD)",""),CHAR(34),"")
A55: pre | B55: =IF(OR('Tag 1'!$B$9="",'Tag 1'!$B$9="FLUSH",ISNUMBER(SEARCH("VIEWER",'Tag 1'!$B$9))),"",LEFT('Tag 1'!$B$9,FIND(" ",'Tag 1'!$B$9&" ")-1)) | F55: pre | G55: =IF(OR('Tag 2'!$B$9="",'Tag 2'!$B$9="FLUSH",ISNUMBER(SEARCH("VIEWER",'Tag 2'!$B$9))),"",LEFT('Tag 2'!$B$9,FIND(" ",'Tag 2'!$B$9&" ")-1)) | K55: pre | L55: =IF(OR('Tag 3'!$B$9="",'Tag 3'!$B$9="FLUSH",ISNUMBER(SEARCH("VIEWER",'Tag 3'!$B$9))),"",LEFT('Tag 3'!$B$9,FIND(" ",'Tag 3'!$B$9&" ")-1)) | P55: pre | Q55: =IF(OR('Tag 4'!$B$9="",'Tag 4'!$B$9="FLUSH",ISNUMBER(SEARCH("VIEWER",'Tag 4'!$B$9))),"",LEFT('Tag 4'!$B$9,FIND(" ",'Tag 4'!$B$9&" ")-1)) | U55: pre | V55: =IF(OR('Tag 5'!$B$9="",'Tag 5'!$B$9="FLUSH",ISNUMBER(SEARCH("VIEWER",'Tag 5'!$B$9))),"",LEFT('Tag 5'!$B$9,FIND(" ",'Tag 5'!$B$9&" ")-1)) | Z55: pre | AA55: =IF(OR('Tag 6'!$B$9="",'Tag 6'!$B$9="FLUSH",ISNUMBER(SEARCH("VIEWER",'Tag 6'!$B$9))),"",LEFT('Tag 6'!$B$9,FIND(" ",'Tag 6'!$B$9&" ")-1))
A56: lw | B56: =IF(N('Tag 1'!$V$9)>0,'Tag 1'!$V$9,IF(Calc!$B$55="",0,IFERROR(VALUE(MID(Calc!$B$54,FIND(" ",Calc!$B$54)+1,FIND("x",Calc!$B$54)-FIND(" ",Calc!$B$54)-1)),0))) | F56: lw | G56: =IF(N('Tag 2'!$V$9)>0,'Tag 2'!$V$9,IF(Calc!$G$55="",0,IFERROR(VALUE(MID(Calc!$G$54,FIND(" ",Calc!$G$54)+1,FIND("x",Calc!$G$54)-FIND(" ",Calc!$G$54)-1)),0))) | K56: lw | L56: =IF(N('Tag 3'!$V$9)>0,'Tag 3'!$V$9,IF(Calc!$L$55="",0,IFERROR(VALUE(MID(Calc!$L$54,FIND(" ",Calc!$L$54)+1,FIND("x",Calc!$L$54)-FIND(" ",Calc!$L$54)-1)),0))) | P56: lw | Q56: =IF(N('Tag 4'!$V$9)>0,'Tag 4'!$V$9,IF(Calc!$Q$55="",0,IFERROR(VALUE(MID(Calc!$Q$54,FIND(" ",Calc!$Q$54)+1,FIND("x",Calc!$Q$54)-FIND(" ",Calc!$Q$54)-1)),0))) | U56: lw | V56: =IF(N('Tag 5'!$V$9)>0,'Tag 5'!$V$9,IF(Calc!$V$55="",0,IFERROR(VALUE(MID(Calc!$V$54,FIND(" ",Calc!$V$54)+1,FIND("x",Calc!$V$54)-FIND(" ",Calc!$V$54)-1)),0))) | Z56: lw | AA56: =IF(N('Tag 6'!$V$9)>0,'Tag 6'!$V$9,IF(Calc!$AA$55="",0,IFERROR(VALUE(MID(Calc!$AA$54,FIND(" ",Calc!$AA$54)+1,FIND("x",Calc!$AA$54)-FIND(" ",Calc!$AA$54)-1)),0)))
A57: lh | B57: =IF(N('Tag 1'!$W$9)>0,'Tag 1'!$W$9,IF(Calc!$B$55="",0,IFERROR(VALUE(MID(Calc!$B$54,FIND("x",Calc!$B$54)+1,9)),0))) | F57: lh | G57: =IF(N('Tag 2'!$W$9)>0,'Tag 2'!$W$9,IF(Calc!$G$55="",0,IFERROR(VALUE(MID(Calc!$G$54,FIND("x",Calc!$G$54)+1,9)),0))) | K57: lh | L57: =IF(N('Tag 3'!$W$9)>0,'Tag 3'!$W$9,IF(Calc!$L$55="",0,IFERROR(VALUE(MID(Calc!$L$54,FIND("x",Calc!$L$54)+1,9)),0))) | P57: lh | Q57: =IF(N('Tag 4'!$W$9)>0,'Tag 4'!$W$9,IF(Calc!$Q$55="",0,IFERROR(VALUE(MID(Calc!$Q$54,FIND("x",Calc!$Q$54)+1,9)),0))) | U57: lh | V57: =IF(N('Tag 5'!$W$9)>0,'Tag 5'!$W$9,IF(Calc!$V$55="",0,IFERROR(VALUE(MID(Calc!$V$54,FIND("x",Calc!$V$54)+1,9)),0))) | Z57: lh | AA57: =IF(N('Tag 6'!$W$9)>0,'Tag 6'!$W$9,IF(Calc!$AA$55="",0,IFERROR(VALUE(MID(Calc!$AA$54,FIND("x",Calc!$AA$54)+1,9)),0)))
A58: ltop | B58: =IF(N('Tag 1'!$X$9)>0,'Tag 1'!$X$9,IF(Calc!$B$55="FL",Calc!$B$25-8-Calc!$B$57,LiteTop)) | F58: ltop | G58: =IF(N('Tag 2'!$X$9)>0,'Tag 2'!$X$9,IF(Calc!$G$55="FL",Calc!$G$25-8-Calc!$G$57,LiteTop)) | K58: ltop | L58: =IF(N('Tag 3'!$X$9)>0,'Tag 3'!$X$9,IF(Calc!$L$55="FL",Calc!$L$25-8-Calc!$L$57,LiteTop)) | P58: ltop | Q58: =IF(N('Tag 4'!$X$9)>0,'Tag 4'!$X$9,IF(Calc!$Q$55="FL",Calc!$Q$25-8-Calc!$Q$57,LiteTop)) | U58: ltop | V58: =IF(N('Tag 5'!$X$9)>0,'Tag 5'!$X$9,IF(Calc!$V$55="FL",Calc!$V$25-8-Calc!$V$57,LiteTop)) | Z58: ltop | AA58: =IF(N('Tag 6'!$X$9)>0,'Tag 6'!$X$9,IF(Calc!$AA$55="FL",Calc!$AA$25-8-Calc!$AA$57,LiteTop))
A59: hasLite | B59: =AND(Calc!$B$3,Calc!$B$56>0,Calc!$B$57>0) | F59: hasLite | G59: =AND(Calc!$G$3,Calc!$G$56>0,Calc!$G$57>0) | K59: hasLite | L59: =AND(Calc!$L$3,Calc!$L$56>0,Calc!$L$57>0) | P59: hasLite | Q59: =AND(Calc!$Q$3,Calc!$Q$56>0,Calc!$Q$57>0) | U59: hasLite | V59: =AND(Calc!$V$3,Calc!$V$56>0,Calc!$V$57>0) | Z59: hasLite | AA59: =AND(Calc!$AA$3,Calc!$AA$56>0,Calc!$AA$57>0)
A60: hingeL | B60: =OR('Tag 1'!$M$7="LH",'Tag 1'!$M$7="LHR",'Tag 1'!$M$7="NH") | F60: hingeL | G60: =OR('Tag 2'!$M$7="LH",'Tag 2'!$M$7="LHR",'Tag 2'!$M$7="NH") | K60: hingeL | L60: =OR('Tag 3'!$M$7="LH",'Tag 3'!$M$7="LHR",'Tag 3'!$M$7="NH") | P60: hingeL | Q60: =OR('Tag 4'!$M$7="LH",'Tag 4'!$M$7="LHR",'Tag 4'!$M$7="NH") | U60: hingeL | V60: =OR('Tag 5'!$M$7="LH",'Tag 5'!$M$7="LHR",'Tag 5'!$M$7="NH") | Z60: hingeL | AA60: =OR('Tag 6'!$M$7="LH",'Tag 6'!$M$7="LHR",'Tag 6'!$M$7="NH")
A61: rev | B61: =OR('Tag 1'!$M$7="LHR",'Tag 1'!$M$7="RHR") | F61: rev | G61: =OR('Tag 2'!$M$7="LHR",'Tag 2'!$M$7="RHR") | K61: rev | L61: =OR('Tag 3'!$M$7="LHR",'Tag 3'!$M$7="RHR") | P61: rev | Q61: =OR('Tag 4'!$M$7="LHR",'Tag 4'!$M$7="RHR") | U61: rev | V61: =OR('Tag 5'!$M$7="LHR",'Tag 5'!$M$7="RHR") | Z61: rev | AA61: =OR('Tag 6'!$M$7="LHR",'Tag 6'!$M$7="RHR")
A62: hingeTxt | B62: =IF(AND(Calc!$B$4,LEFT('Tag 1'!$P$7,3)="U45"),(2*VALUE(MID('Tag 1'!$P$7,4,1)))&MID(IFERROR(VLOOKUP('Tag 1'!$P$7,T_Leg,2,FALSE),'Tag 1'!$P$7),2,99),IFERROR(VLOOKUP('Tag 1'!$P$7,T_Leg,2,FALSE),'Tag 1'!$P$7)) | F62: hingeTxt | G62: =IF(AND(Calc!$G$4,LEFT('Tag 2'!$P$7,3)="U45"),(2*VALUE(MID('Tag 2'!$P$7,4,1)))&MID(IFERROR(VLOOKUP('Tag 2'!$P$7,T_Leg,2,FALSE),'Tag 2'!$P$7),2,99),IFERROR(VLOOKUP('Tag 2'!$P$7,T_Leg,2,FALSE),'Tag 2'!$P$7)) | K62: hingeTxt | L62: =IF(AND(Calc!$L$4,LEFT('Tag 3'!$P$7,3)="U45"),(2*VALUE(MID('Tag 3'!$P$7,4,1)))&MID(IFERROR(VLOOKUP('Tag 3'!$P$7,T_Leg,2,FALSE),'Tag 3'!$P$7),2,99),IFERROR(VLOOKUP('Tag 3'!$P$7,T_Leg,2,FALSE),'Tag 3'!$P$7)) | P62: hingeTxt | Q62: =IF(AND(Calc!$Q$4,LEFT('Tag 4'!$P$7,3)="U45"),(2*VALUE(MID('Tag 4'!$P$7,4,1)))&MID(IFERROR(VLOOKUP('Tag 4'!$P$7,T_Leg,2,FALSE),'Tag 4'!$P$7),2,99),IFERROR(VLOOKUP('Tag 4'!$P$7,T_Leg,2,FALSE),'Tag 4'!$P$7)) | U62: hingeTxt | V62: =IF(AND(Calc!$V$4,LEFT('Tag 5'!$P$7,3)="U45"),(2*VALUE(MID('Tag 5'!$P$7,4,1)))&MID(IFERROR(VLOOKUP('Tag 5'!$P$7,T_Leg,2,FALSE),'Tag 5'!$P$7),2,99),IFERROR(VLOOKUP('Tag 5'!$P$7,T_Leg,2,FALSE),'Tag 5'!$P$7)) | Z62: hingeTxt | AA62: =IF(AND(Calc!$AA$4,LEFT('Tag 6'!$P$7,3)="U45"),(2*VALUE(MID('Tag 6'!$P$7,4,1)))&MID(IFERROR(VLOOKUP('Tag 6'!$P$7,T_Leg,2,FALSE),'Tag 6'!$P$7),2,99),IFERROR(VLOOKUP('Tag 6'!$P$7,T_Leg,2,FALSE),'Tag 6'!$P$7))
A63: code | B63: ='Tag 1'!$F$7&N('Tag 1'!$G$7)&'Tag 1'!$H$7&N('Tag 1'!$I$7) | F63: code | G63: ='Tag 2'!$F$7&N('Tag 2'!$G$7)&'Tag 2'!$H$7&N('Tag 2'!$I$7) | K63: code | L63: ='Tag 3'!$F$7&N('Tag 3'!$G$7)&'Tag 3'!$H$7&N('Tag 3'!$I$7) | P63: code | Q63: ='Tag 4'!$F$7&N('Tag 4'!$G$7)&'Tag 4'!$H$7&N('Tag 4'!$I$7) | U63: code | V63: ='Tag 5'!$F$7&N('Tag 5'!$G$7)&'Tag 5'!$H$7&N('Tag 5'!$I$7) | Z63: code | AA63: ='Tag 6'!$F$7&N('Tag 6'!$G$7)&'Tag 6'!$H$7&N('Tag 6'!$I$7)
A64: FLINE | B64: =TRIM(Calc!$B$7&" "&Calc!$B$63&" "&IF(Calc!$B$4,"PAIR",IFERROR(VLOOKUP('Tag 1'!$M$7,T_Leg,2,FALSE),'Tag 1'!$M$7))&" "&IFERROR(VLOOKUP('Tag 1'!$K$7,T_Leg,2,FALSE),'Tag 1'!$K$7)&" FRAME | "&IFERROR(VLOOKUP('Tag 1'!$N$7,T_Leg,2,FALSE),'Tag 1'!$N$7)&" | "&Calc!$B$62&" "&IF(Calc!$B$4,"FB.STK",IFERROR(VLOOKUP('Tag 1'!$R$7,T_Leg,2,FALSE),'Tag 1'!$R$7))&IF('Tag 1'!$T$7="",""," "&IFERROR(VLOOKUP('Tag 1'!$T$7,T_Leg,2,FALSE),'Tag 1'!$T$7))&IF(N(Calc!$B$12)>=4," 4"&CHAR(34)&" HEAD","")&" "&IFERROR(VLOOKUP('Tag 1'!$D$7,T_Leg,2,FALSE),'Tag 1'!$D$7)&IF(AND(NOT(Calc!$B$8),NOT(Calc!$B$9))," ( R.O. "&TRIM(TEXT(Calc!$B$16,"# ?/??"))&CHAR(34)&" x "&TRIM(TEXT(Calc!$B$17,"# ?/??"))&CHAR(34)&" )","")) | F64: FLINE | G64: =TRIM(Calc!$G$7&" "&Calc!$G$63&" "&IF(Calc!$G$4,"PAIR",IFERROR(VLOOKUP('Tag 2'!$M$7,T_Leg,2,FALSE),'Tag 2'!$M$7))&" "&IFERROR(VLOOKUP('Tag 2'!$K$7,T_Leg,2,FALSE),'Tag 2'!$K$7)&" FRAME | "&IFERROR(VLOOKUP('Tag 2'!$N$7,T_Leg,2,FALSE),'Tag 2'!$N$7)&" | "&Calc!$G$62&" "&IF(Calc!$G$4,"FB.STK",IFERROR(VLOOKUP('Tag 2'!$R$7,T_Leg,2,FALSE),'Tag 2'!$R$7))&IF('Tag 2'!$T$7="",""," "&IFERROR(VLOOKUP('Tag 2'!$T$7,T_Leg,2,FALSE),'Tag 2'!$T$7))&IF(N(Calc!$G$12)>=4," 4"&CHAR(34)&" HEAD","")&" "&IFERROR(VLOOKUP('Tag 2'!$D$7,T_Leg,2,FALSE),'Tag 2'!$D$7)&IF(AND(NOT(Calc!$G$8),NOT(Calc!$G$9))," ( R.O. "&TRIM(TEXT(Calc!$G$16,"# ?/??"))&CHAR(34)&" x "&TRIM(TEXT(Calc!$G$17,"# ?/??"))&CHAR(34)&" )","")) | K64: FLINE | L64: =TRIM(Calc!$L$7&" "&Calc!$L$63&" "&IF(Calc!$L$4,"PAIR",IFERROR(VLOOKUP('Tag 3'!$M$7,T_Leg,2,FALSE),'Tag 3'!$M$7))&" "&IFERROR(VLOOKUP('Tag 3'!$K$7,T_Leg,2,FALSE),'Tag 3'!$K$7)&" FRAME | "&IFERROR(VLOOKUP('Tag 3'!$N$7,T_Leg,2,FALSE),'Tag 3'!$N$7)&" | "&Calc!$L$62&" "&IF(Calc!$L$4,"FB.STK",IFERROR(VLOOKUP('Tag 3'!$R$7,T_Leg,2,FALSE),'Tag 3'!$R$7))&IF('Tag 3'!$T$7="",""," "&IFERROR(VLOOKUP('Tag 3'!$T$7,T_Leg,2,FALSE),'Tag 3'!$T$7))&IF(N(Calc!$L$12)>=4," 4"&CHAR(34)&" HEAD","")&" "&IFERROR(VLOOKUP('Tag 3'!$D$7,T_Leg,2,FALSE),'Tag 3'!$D$7)&IF(AND(NOT(Calc!$L$8),NOT(Calc!$L$9))," ( R.O. "&TRIM(TEXT(Calc!$L$16,"# ?/??"))&CHAR(34)&" x "&TRIM(TEXT(Calc!$L$17,"# ?/??"))&CHAR(34)&" )","")) | P64: FLINE | Q64: =TRIM(Calc!$Q$7&" "&Calc!$Q$63&" "&IF(Calc!$Q$4,"PAIR",IFERROR(VLOOKUP('Tag 4'!$M$7,T_Leg,2,FALSE),'Tag 4'!$M$7))&" "&IFERROR(VLOOKUP('Tag 4'!$K$7,T_Leg,2,FALSE),'Tag 4'!$K$7)&" FRAME | "&IFERROR(VLOOKUP('Tag 4'!$N$7,T_Leg,2,FALSE),'Tag 4'!$N$7)&" | "&Calc!$Q$62&" "&IF(Calc!$Q$4,"FB.STK",IFERROR(VLOOKUP('Tag 4'!$R$7,T_Leg,2,FALSE),'Tag 4'!$R$7))&IF('Tag 4'!$T$7="",""," "&IFERROR(VLOOKUP('Tag 4'!$T$7,T_Leg,2,FALSE),'Tag 4'!$T$7))&IF(N(Calc!$Q$12)>=4," 4"&CHAR(34)&" HEAD","")&" "&IFERROR(VLOOKUP('Tag 4'!$D$7,T_Leg,2,FALSE),'Tag 4'!$D$7)&IF(AND(NOT(Calc!$Q$8),NOT(Calc!$Q$9))," ( R.O. "&TRIM(TEXT(Calc!$Q$16,"# ?/??"))&CHAR(34)&" x "&TRIM(TEXT(Calc!$Q$17,"# ?/??"))&CHAR(34)&" )","")) | U64: FLINE | V64: =TRIM(Calc!$V$7&" "&Calc!$V$63&" "&IF(Calc!$V$4,"PAIR",IFERROR(VLOOKUP('Tag 5'!$M$7,T_Leg,2,FALSE),'Tag 5'!$M$7))&" "&IFERROR(VLOOKUP('Tag 5'!$K$7,T_Leg,2,FALSE),'Tag 5'!$K$7)&" FRAME | "&IFERROR(VLOOKUP('Tag 5'!$N$7,T_Leg,2,FALSE),'Tag 5'!$N$7)&" | "&Calc!$V$62&" "&IF(Calc!$V$4,"FB.STK",IFERROR(VLOOKUP('Tag 5'!$R$7,T_Leg,2,FALSE),'Tag 5'!$R$7))&IF('Tag 5'!$T$7="",""," "&IFERROR(VLOOKUP('Tag 5'!$T$7,T_Leg,2,FALSE),'Tag 5'!$T$7))&IF(N(Calc!$V$12)>=4," 4"&CHAR(34)&" HEAD","")&" "&IFERROR(VLOOKUP('Tag 5'!$D$7,T_Leg,2,FALSE),'Tag 5'!$D$7)&IF(AND(NOT(Calc!$V$8),NOT(Calc!$V$9))," ( R.O. "&TRIM(TEXT(Calc!$V$16,"# ?/??"))&CHAR(34)&" x "&TRIM(TEXT(Calc!$V$17,"# ?/??"))&CHAR(34)&" )","")) | Z64: FLINE | AA64: =TRIM(Calc!$AA$7&" "&Calc!$AA$63&" "&IF(Calc!$AA$4,"PAIR",IFERROR(VLOOKUP('Tag 6'!$M$7,T_Leg,2,FALSE),'Tag 6'!$M$7))&" "&IFERROR(VLOOKUP('Tag 6'!$K$7,T_Leg,2,FALSE),'Tag 6'!$K$7)&" FRAME | "&IFERROR(VLOOKUP('Tag 6'!$N$7,T_Leg,2,FALSE),'Tag 6'!$N$7)&" | "&Calc!$AA$62&" "&IF(Calc!$AA$4,"FB.STK",IFERROR(VLOOKUP('Tag 6'!$R$7,T_Leg,2,FALSE),'Tag 6'!$R$7))&IF('Tag 6'!$T$7="",""," "&IFERROR(VLOOKUP('Tag 6'!$T$7,T_Leg,2,FALSE),'Tag 6'!$T$7))&IF(N(Calc!$AA$12)>=4," 4"&CHAR(34)&" HEAD","")&" "&IFERROR(VLOOKUP('Tag 6'!$D$7,T_Leg,2,FALSE),'Tag 6'!$D$7)&IF(AND(NOT(Calc!$AA$8),NOT(Calc!$AA$9))," ( R.O. "&TRIM(TEXT(Calc!$AA$16,"# ?/??"))&CHAR(34)&" x "&TRIM(TEXT(Calc!$AA$17,"# ?/??"))&CHAR(34)&" )",""))
A65: dcode | B65: =IF(Calc!$B$4,INT(Calc!$B$1/2/12)&MOD(Calc!$B$1/2,12)&'Tag 1'!$H$7&N('Tag 1'!$I$7),Calc!$B$63) | F65: dcode | G65: =IF(Calc!$G$4,INT(Calc!$G$1/2/12)&MOD(Calc!$G$1/2,12)&'Tag 2'!$H$7&N('Tag 2'!$I$7),Calc!$G$63) | K65: dcode | L65: =IF(Calc!$L$4,INT(Calc!$L$1/2/12)&MOD(Calc!$L$1/2,12)&'Tag 3'!$H$7&N('Tag 3'!$I$7),Calc!$L$63) | P65: dcode | Q65: =IF(Calc!$Q$4,INT(Calc!$Q$1/2/12)&MOD(Calc!$Q$1/2,12)&'Tag 4'!$H$7&N('Tag 4'!$I$7),Calc!$Q$63) | U65: dcode | V65: =IF(Calc!$V$4,INT(Calc!$V$1/2/12)&MOD(Calc!$V$1/2,12)&'Tag 5'!$H$7&N('Tag 5'!$I$7),Calc!$V$63) | Z65: dcode | AA65: =IF(Calc!$AA$4,INT(Calc!$AA$1/2/12)&MOD(Calc!$AA$1/2,12)&'Tag 6'!$H$7&N('Tag 6'!$I$7),Calc!$AA$63)
A66: DLINE | B66: =TRIM(IF('Tag 1'!$H$9="WOOD","WOOD ","HM "&'Tag 1'!$J$9&"GA ")&Calc!$B$65&" "&IF(Calc!$B$4,"PAIR",IFERROR(VLOOKUP('Tag 1'!$M$7,T_Leg,2,FALSE),'Tag 1'!$M$7))&" DOOR | "&'Tag 1'!$B$9&" | "&IFERROR(VLOOKUP('Tag 1'!$P$7,T_Leg,2,FALSE),'Tag 1'!$P$7)&" "&IFERROR(VLOOKUP('Tag 1'!$U$7,T_Leg,2,FALSE),'Tag 1'!$U$7)&IF('Tag 1'!$W$7="",""," "&IFERROR(VLOOKUP('Tag 1'!$W$7,T_Leg,2,FALSE),'Tag 1'!$W$7))&" "&IF(OR('Tag 1'!$X$7="CUSTOM",'Tag 1'!$X$7="ANSI/SDI"),"CUSTOM LOC",'Tag 1'!$X$7)&" "&IFERROR(VLOOKUP('Tag 1'!$D$7,T_Leg,2,FALSE),'Tag 1'!$D$7)) | F66: DLINE | G66: =TRIM(IF('Tag 2'!$H$9="WOOD","WOOD ","HM "&'Tag 2'!$J$9&"GA ")&Calc!$G$65&" "&IF(Calc!$G$4,"PAIR",IFERROR(VLOOKUP('Tag 2'!$M$7,T_Leg,2,FALSE),'Tag 2'!$M$7))&" DOOR | "&'Tag 2'!$B$9&" | "&IFERROR(VLOOKUP('Tag 2'!$P$7,T_Leg,2,FALSE),'Tag 2'!$P$7)&" "&IFERROR(VLOOKUP('Tag 2'!$U$7,T_Leg,2,FALSE),'Tag 2'!$U$7)&IF('Tag 2'!$W$7="",""," "&IFERROR(VLOOKUP('Tag 2'!$W$7,T_Leg,2,FALSE),'Tag 2'!$W$7))&" "&IF(OR('Tag 2'!$X$7="CUSTOM",'Tag 2'!$X$7="ANSI/SDI"),"CUSTOM LOC",'Tag 2'!$X$7)&" "&IFERROR(VLOOKUP('Tag 2'!$D$7,T_Leg,2,FALSE),'Tag 2'!$D$7)) | K66: DLINE | L66: =TRIM(IF('Tag 3'!$H$9="WOOD","WOOD ","HM "&'Tag 3'!$J$9&"GA ")&Calc!$L$65&" "&IF(Calc!$L$4,"PAIR",IFERROR(VLOOKUP('Tag 3'!$M$7,T_Leg,2,FALSE),'Tag 3'!$M$7))&" DOOR | "&'Tag 3'!$B$9&" | "&IFERROR(VLOOKUP('Tag 3'!$P$7,T_Leg,2,FALSE),'Tag 3'!$P$7)&" "&IFERROR(VLOOKUP('Tag 3'!$U$7,T_Leg,2,FALSE),'Tag 3'!$U$7)&IF('Tag 3'!$W$7="",""," "&IFERROR(VLOOKUP('Tag 3'!$W$7,T_Leg,2,FALSE),'Tag 3'!$W$7))&" "&IF(OR('Tag 3'!$X$7="CUSTOM",'Tag 3'!$X$7="ANSI/SDI"),"CUSTOM LOC",'Tag 3'!$X$7)&" "&IFERROR(VLOOKUP('Tag 3'!$D$7,T_Leg,2,FALSE),'Tag 3'!$D$7)) | P66: DLINE | Q66: =TRIM(IF('Tag 4'!$H$9="WOOD","WOOD ","HM "&'Tag 4'!$J$9&"GA ")&Calc!$Q$65&" "&IF(Calc!$Q$4,"PAIR",IFERROR(VLOOKUP('Tag 4'!$M$7,T_Leg,2,FALSE),'Tag 4'!$M$7))&" DOOR | "&'Tag 4'!$B$9&" | "&IFERROR(VLOOKUP('Tag 4'!$P$7,T_Leg,2,FALSE),'Tag 4'!$P$7)&" "&IFERROR(VLOOKUP('Tag 4'!$U$7,T_Leg,2,FALSE),'Tag 4'!$U$7)&IF('Tag 4'!$W$7="",""," "&IFERROR(VLOOKUP('Tag 4'!$W$7,T_Leg,2,FALSE),'Tag 4'!$W$7))&" "&IF(OR('Tag 4'!$X$7="CUSTOM",'Tag 4'!$X$7="ANSI/SDI"),"CUSTOM LOC",'Tag 4'!$X$7)&" "&IFERROR(VLOOKUP('Tag 4'!$D$7,T_Leg,2,FALSE),'Tag 4'!$D$7)) | U66: DLINE | V66: =TRIM(IF('Tag 5'!$H$9="WOOD","WOOD ","HM "&'Tag 5'!$J$9&"GA ")&Calc!$V$65&" "&IF(Calc!$V$4,"PAIR",IFERROR(VLOOKUP('Tag 5'!$M$7,T_Leg,2,FALSE),'Tag 5'!$M$7))&" DOOR | "&'Tag 5'!$B$9&" | "&IFERROR(VLOOKUP('Tag 5'!$P$7,T_Leg,2,FALSE),'Tag 5'!$P$7)&" "&IFERROR(VLOOKUP('Tag 5'!$U$7,T_Leg,2,FALSE),'Tag 5'!$U$7)&IF('Tag 5'!$W$7="",""," "&IFERROR(VLOOKUP('Tag 5'!$W$7,T_Leg,2,FALSE),'Tag 5'!$W$7))&" "&IF(OR('Tag 5'!$X$7="CUSTOM",'Tag 5'!$X$7="ANSI/SDI"),"CUSTOM LOC",'Tag 5'!$X$7)&" "&IFERROR(VLOOKUP('Tag 5'!$D$7,T_Leg,2,FALSE),'Tag 5'!$D$7)) | Z66: DLINE | AA66: =TRIM(IF('Tag 6'!$H$9="WOOD","WOOD ","HM "&'Tag 6'!$J$9&"GA ")&Calc!$AA$65&" "&IF(Calc!$AA$4,"PAIR",IFERROR(VLOOKUP('Tag 6'!$M$7,T_Leg,2,FALSE),'Tag 6'!$M$7))&" DOOR | "&'Tag 6'!$B$9&" | "&IFERROR(VLOOKUP('Tag 6'!$P$7,T_Leg,2,FALSE),'Tag 6'!$P$7)&" "&IFERROR(VLOOKUP('Tag 6'!$U$7,T_Leg,2,FALSE),'Tag 6'!$U$7)&IF('Tag 6'!$W$7="",""," "&IFERROR(VLOOKUP('Tag 6'!$W$7,T_Leg,2,FALSE),'Tag 6'!$W$7))&" "&IF(OR('Tag 6'!$X$7="CUSTOM",'Tag 6'!$X$7="ANSI/SDI"),"CUSTOM LOC",'Tag 6'!$X$7)&" "&IFERROR(VLOOKUP('Tag 6'!$D$7,T_Leg,2,FALSE),'Tag 6'!$D$7))
A67: th1 | B67: =IF(ISNUMBER(Calc!$B$40),TRIM(TEXT(Calc!$B$40,"# ?/??"))&CHAR(34),"") | F67: th1 | G67: =IF(ISNUMBER(Calc!$G$40),TRIM(TEXT(Calc!$G$40,"# ?/??"))&CHAR(34),"") | K67: th1 | L67: =IF(ISNUMBER(Calc!$L$40),TRIM(TEXT(Calc!$L$40,"# ?/??"))&CHAR(34),"") | P67: th1 | Q67: =IF(ISNUMBER(Calc!$Q$40),TRIM(TEXT(Calc!$Q$40,"# ?/??"))&CHAR(34),"") | U67: th1 | V67: =IF(ISNUMBER(Calc!$V$40),TRIM(TEXT(Calc!$V$40,"# ?/??"))&CHAR(34),"") | Z67: th1 | AA67: =IF(ISNUMBER(Calc!$AA$40),TRIM(TEXT(Calc!$AA$40,"# ?/??"))&CHAR(34),"")
A68: dh1 | B68: =IF(ISNUMBER(Calc!$B$40),TRIM(TEXT(Calc!$B$40-Calc!$B$22,"# ?/??"))&CHAR(34),"") | F68: dh1 | G68: =IF(ISNUMBER(Calc!$G$40),TRIM(TEXT(Calc!$G$40-Calc!$G$22,"# ?/??"))&CHAR(34),"") | K68: dh1 | L68: =IF(ISNUMBER(Calc!$L$40),TRIM(TEXT(Calc!$L$40-Calc!$L$22,"# ?/??"))&CHAR(34),"") | P68: dh1 | Q68: =IF(ISNUMBER(Calc!$Q$40),TRIM(TEXT(Calc!$Q$40-Calc!$Q$22,"# ?/??"))&CHAR(34),"") | U68: dh1 | V68: =IF(ISNUMBER(Calc!$V$40),TRIM(TEXT(Calc!$V$40-Calc!$V$22,"# ?/??"))&CHAR(34),"") | Z68: dh1 | AA68: =IF(ISNUMBER(Calc!$AA$40),TRIM(TEXT(Calc!$AA$40-Calc!$AA$22,"# ?/??"))&CHAR(34),"")
A69: th2 | B69: =IF(ISNUMBER(Calc!$B$41),TRIM(TEXT(Calc!$B$41,"# ?/??"))&CHAR(34),"") | F69: th2 | G69: =IF(ISNUMBER(Calc!$G$41),TRIM(TEXT(Calc!$G$41,"# ?/??"))&CHAR(34),"") | K69: th2 | L69: =IF(ISNUMBER(Calc!$L$41),TRIM(TEXT(Calc!$L$41,"# ?/??"))&CHAR(34),"") | P69: th2 | Q69: =IF(ISNUMBER(Calc!$Q$41),TRIM(TEXT(Calc!$Q$41,"# ?/??"))&CHAR(34),"") | U69: th2 | V69: =IF(ISNUMBER(Calc!$V$41),TRIM(TEXT(Calc!$V$41,"# ?/??"))&CHAR(34),"") | Z69: th2 | AA69: =IF(ISNUMBER(Calc!$AA$41),TRIM(TEXT(Calc!$AA$41,"# ?/??"))&CHAR(34),"")
A70: dh2 | B70: =IF(ISNUMBER(Calc!$B$41),TRIM(TEXT(Calc!$B$41-Calc!$B$22,"# ?/??"))&CHAR(34),"") | F70: dh2 | G70: =IF(ISNUMBER(Calc!$G$41),TRIM(TEXT(Calc!$G$41-Calc!$G$22,"# ?/??"))&CHAR(34),"") | K70: dh2 | L70: =IF(ISNUMBER(Calc!$L$41),TRIM(TEXT(Calc!$L$41-Calc!$L$22,"# ?/??"))&CHAR(34),"") | P70: dh2 | Q70: =IF(ISNUMBER(Calc!$Q$41),TRIM(TEXT(Calc!$Q$41-Calc!$Q$22,"# ?/??"))&CHAR(34),"") | U70: dh2 | V70: =IF(ISNUMBER(Calc!$V$41),TRIM(TEXT(Calc!$V$41-Calc!$V$22,"# ?/??"))&CHAR(34),"") | Z70: dh2 | AA70: =IF(ISNUMBER(Calc!$AA$41),TRIM(TEXT(Calc!$AA$41-Calc!$AA$22,"# ?/??"))&CHAR(34),"")
A71: th3 | B71: =IF(ISNUMBER(Calc!$B$42),TRIM(TEXT(Calc!$B$42,"# ?/??"))&CHAR(34),"") | F71: th3 | G71: =IF(ISNUMBER(Calc!$G$42),TRIM(TEXT(Calc!$G$42,"# ?/??"))&CHAR(34),"") | K71: th3 | L71: =IF(ISNUMBER(Calc!$L$42),TRIM(TEXT(Calc!$L$42,"# ?/??"))&CHAR(34),"") | P71: th3 | Q71: =IF(ISNUMBER(Calc!$Q$42),TRIM(TEXT(Calc!$Q$42,"# ?/??"))&CHAR(34),"") | U71: th3 | V71: =IF(ISNUMBER(Calc!$V$42),TRIM(TEXT(Calc!$V$42,"# ?/??"))&CHAR(34),"") | Z71: th3 | AA71: =IF(ISNUMBER(Calc!$AA$42),TRIM(TEXT(Calc!$AA$42,"# ?/??"))&CHAR(34),"")
A72: dh3 | B72: =IF(ISNUMBER(Calc!$B$42),TRIM(TEXT(Calc!$B$42-Calc!$B$22,"# ?/??"))&CHAR(34),"") | F72: dh3 | G72: =IF(ISNUMBER(Calc!$G$42),TRIM(TEXT(Calc!$G$42-Calc!$G$22,"# ?/??"))&CHAR(34),"") | K72: dh3 | L72: =IF(ISNUMBER(Calc!$L$42),TRIM(TEXT(Calc!$L$42-Calc!$L$22,"# ?/??"))&CHAR(34),"") | P72: dh3 | Q72: =IF(ISNUMBER(Calc!$Q$42),TRIM(TEXT(Calc!$Q$42-Calc!$Q$22,"# ?/??"))&CHAR(34),"") | U72: dh3 | V72: =IF(ISNUMBER(Calc!$V$42),TRIM(TEXT(Calc!$V$42-Calc!$V$22,"# ?/??"))&CHAR(34),"") | Z72: dh3 | AA72: =IF(ISNUMBER(Calc!$AA$42),TRIM(TEXT(Calc!$AA$42-Calc!$AA$22,"# ?/??"))&CHAR(34),"")
A73: th4 | B73: =IF(ISNUMBER(Calc!$B$43),TRIM(TEXT(Calc!$B$43,"# ?/??"))&CHAR(34),"") | F73: th4 | G73: =IF(ISNUMBER(Calc!$G$43),TRIM(TEXT(Calc!$G$43,"# ?/??"))&CHAR(34),"") | K73: th4 | L73: =IF(ISNUMBER(Calc!$L$43),TRIM(TEXT(Calc!$L$43,"# ?/??"))&CHAR(34),"") | P73: th4 | Q73: =IF(ISNUMBER(Calc!$Q$43),TRIM(TEXT(Calc!$Q$43,"# ?/??"))&CHAR(34),"") | U73: th4 | V73: =IF(ISNUMBER(Calc!$V$43),TRIM(TEXT(Calc!$V$43,"# ?/??"))&CHAR(34),"") | Z73: th4 | AA73: =IF(ISNUMBER(Calc!$AA$43),TRIM(TEXT(Calc!$AA$43,"# ?/??"))&CHAR(34),"")
A74: dh4 | B74: =IF(ISNUMBER(Calc!$B$43),TRIM(TEXT(Calc!$B$43-Calc!$B$22,"# ?/??"))&CHAR(34),"") | F74: dh4 | G74: =IF(ISNUMBER(Calc!$G$43),TRIM(TEXT(Calc!$G$43-Calc!$G$22,"# ?/??"))&CHAR(34),"") | K74: dh4 | L74: =IF(ISNUMBER(Calc!$L$43),TRIM(TEXT(Calc!$L$43-Calc!$L$22,"# ?/??"))&CHAR(34),"") | P74: dh4 | Q74: =IF(ISNUMBER(Calc!$Q$43),TRIM(TEXT(Calc!$Q$43-Calc!$Q$22,"# ?/??"))&CHAR(34),"") | U74: dh4 | V74: =IF(ISNUMBER(Calc!$V$43),TRIM(TEXT(Calc!$V$43-Calc!$V$22,"# ?/??"))&CHAR(34),"") | Z74: dh4 | AA74: =IF(ISNUMBER(Calc!$AA$43),TRIM(TEXT(Calc!$AA$43-Calc!$AA$22,"# ?/??"))&CHAR(34),"")
A75: tE1 | B75: =IF(ISNUMBER(Calc!$B$46),TRIM(TEXT(Calc!$B$46,"# ?/??"))&CHAR(34)&" TTC","") | F75: tE1 | G75: =IF(ISNUMBER(Calc!$G$46),TRIM(TEXT(Calc!$G$46,"# ?/??"))&CHAR(34)&" TTC","") | K75: tE1 | L75: =IF(ISNUMBER(Calc!$L$46),TRIM(TEXT(Calc!$L$46,"# ?/??"))&CHAR(34)&" TTC","") | P75: tE1 | Q75: =IF(ISNUMBER(Calc!$Q$46),TRIM(TEXT(Calc!$Q$46,"# ?/??"))&CHAR(34)&" TTC","") | U75: tE1 | V75: =IF(ISNUMBER(Calc!$V$46),TRIM(TEXT(Calc!$V$46,"# ?/??"))&CHAR(34)&" TTC","") | Z75: tE1 | AA75: =IF(ISNUMBER(Calc!$AA$46),TRIM(TEXT(Calc!$AA$46,"# ?/??"))&CHAR(34)&" TTC","")
A76: tE2 | B76: =IF(ISNUMBER(Calc!$B$47),TRIM(TEXT(Calc!$B$47,"# ?/??"))&CHAR(34)&" TTC",IF(Calc!$B$47="VERIFY","VERIFY","")) | F76: tE2 | G76: =IF(ISNUMBER(Calc!$G$47),TRIM(TEXT(Calc!$G$47,"# ?/??"))&CHAR(34)&" TTC",IF(Calc!$G$47="VERIFY","VERIFY","")) | K76: tE2 | L76: =IF(ISNUMBER(Calc!$L$47),TRIM(TEXT(Calc!$L$47,"# ?/??"))&CHAR(34)&" TTC",IF(Calc!$L$47="VERIFY","VERIFY","")) | P76: tE2 | Q76: =IF(ISNUMBER(Calc!$Q$47),TRIM(TEXT(Calc!$Q$47,"# ?/??"))&CHAR(34)&" TTC",IF(Calc!$Q$47="VERIFY","VERIFY","")) | U76: tE2 | V76: =IF(ISNUMBER(Calc!$V$47),TRIM(TEXT(Calc!$V$47,"# ?/??"))&CHAR(34)&" TTC",IF(Calc!$V$47="VERIFY","VERIFY","")) | Z76: tE2 | AA76: =IF(ISNUMBER(Calc!$AA$47),TRIM(TEXT(Calc!$AA$47,"# ?/??"))&CHAR(34)&" TTC",IF(Calc!$AA$47="VERIFY","VERIFY",""))
A77: tC1 | B77: =IF(ISNUMBER(Calc!$B$49),TRIM(TEXT(Calc!$B$49,"# ?/??"))&CHAR(34)&" CL",IF(ISNUMBER(Calc!$B$52),"MORT "&TRIM(TEXT(Calc!$B$52,"# ?/??"))&CHAR(34),"")) | F77: tC1 | G77: =IF(ISNUMBER(Calc!$G$49),TRIM(TEXT(Calc!$G$49,"# ?/??"))&CHAR(34)&" CL",IF(ISNUMBER(Calc!$G$52),"MORT "&TRIM(TEXT(Calc!$G$52,"# ?/??"))&CHAR(34),"")) | K77: tC1 | L77: =IF(ISNUMBER(Calc!$L$49),TRIM(TEXT(Calc!$L$49,"# ?/??"))&CHAR(34)&" CL",IF(ISNUMBER(Calc!$L$52),"MORT "&TRIM(TEXT(Calc!$L$52,"# ?/??"))&CHAR(34),"")) | P77: tC1 | Q77: =IF(ISNUMBER(Calc!$Q$49),TRIM(TEXT(Calc!$Q$49,"# ?/??"))&CHAR(34)&" CL",IF(ISNUMBER(Calc!$Q$52),"MORT "&TRIM(TEXT(Calc!$Q$52,"# ?/??"))&CHAR(34),"")) | U77: tC1 | V77: =IF(ISNUMBER(Calc!$V$49),TRIM(TEXT(Calc!$V$49,"# ?/??"))&CHAR(34)&" CL",IF(ISNUMBER(Calc!$V$52),"MORT "&TRIM(TEXT(Calc!$V$52,"# ?/??"))&CHAR(34),"")) | Z77: tC1 | AA77: =IF(ISNUMBER(Calc!$AA$49),TRIM(TEXT(Calc!$AA$49,"# ?/??"))&CHAR(34)&" CL",IF(ISNUMBER(Calc!$AA$52),"MORT "&TRIM(TEXT(Calc!$AA$52,"# ?/??"))&CHAR(34),""))
A78: tC2 | B78: =IF(ISNUMBER(Calc!$B$50),TRIM(TEXT(Calc!$B$50,"# ?/??"))&CHAR(34)&" CL","") | F78: tC2 | G78: =IF(ISNUMBER(Calc!$G$50),TRIM(TEXT(Calc!$G$50,"# ?/??"))&CHAR(34)&" CL","") | K78: tC2 | L78: =IF(ISNUMBER(Calc!$L$50),TRIM(TEXT(Calc!$L$50,"# ?/??"))&CHAR(34)&" CL","") | P78: tC2 | Q78: =IF(ISNUMBER(Calc!$Q$50),TRIM(TEXT(Calc!$Q$50,"# ?/??"))&CHAR(34)&" CL","") | U78: tC2 | V78: =IF(ISNUMBER(Calc!$V$50),TRIM(TEXT(Calc!$V$50,"# ?/??"))&CHAR(34)&" CL","") | Z78: tC2 | AA78: =IF(ISNUMBER(Calc!$AA$50),TRIM(TEXT(Calc!$AA$50,"# ?/??"))&CHAR(34)&" CL","")
A79: tW | B79: =TRIM(TEXT(Calc!$B$1,"# ?/??"))&CHAR(34) | F79: tW | G79: =TRIM(TEXT(Calc!$G$1,"# ?/??"))&CHAR(34) | K79: tW | L79: =TRIM(TEXT(Calc!$L$1,"# ?/??"))&CHAR(34) | P79: tW | Q79: =TRIM(TEXT(Calc!$Q$1,"# ?/??"))&CHAR(34) | U79: tW | V79: =TRIM(TEXT(Calc!$V$1,"# ?/??"))&CHAR(34) | Z79: tW | AA79: =TRIM(TEXT(Calc!$AA$1,"# ?/??"))&CHAR(34)
A80: tH | B80: =TRIM(TEXT(Calc!$B$2,"# ?/??"))&CHAR(34) | F80: tH | G80: =TRIM(TEXT(Calc!$G$2,"# ?/??"))&CHAR(34) | K80: tH | L80: =TRIM(TEXT(Calc!$L$2,"# ?/??"))&CHAR(34) | P80: tH | Q80: =TRIM(TEXT(Calc!$Q$2,"# ?/??"))&CHAR(34) | U80: tH | V80: =TRIM(TEXT(Calc!$V$2,"# ?/??"))&CHAR(34) | Z80: tH | AA80: =TRIM(TEXT(Calc!$AA$2,"# ?/??"))&CHAR(34)
A81: tOW | B81: =TRIM(TEXT(Calc!$B$13,"# ?/??"))&CHAR(34) | F81: tOW | G81: =TRIM(TEXT(Calc!$G$13,"# ?/??"))&CHAR(34) | K81: tOW | L81: =TRIM(TEXT(Calc!$L$13,"# ?/??"))&CHAR(34) | P81: tOW | Q81: =TRIM(TEXT(Calc!$Q$13,"# ?/??"))&CHAR(34) | U81: tOW | V81: =TRIM(TEXT(Calc!$V$13,"# ?/??"))&CHAR(34) | Z81: tOW | AA81: =TRIM(TEXT(Calc!$AA$13,"# ?/??"))&CHAR(34)
A82: tOH | B82: =TRIM(TEXT(Calc!$B$14,"# ?/??"))&CHAR(34) | F82: tOH | G82: =TRIM(TEXT(Calc!$G$14,"# ?/??"))&CHAR(34) | K82: tOH | L82: =TRIM(TEXT(Calc!$L$14,"# ?/??"))&CHAR(34) | P82: tOH | Q82: =TRIM(TEXT(Calc!$Q$14,"# ?/??"))&CHAR(34) | U82: tOH | V82: =TRIM(TEXT(Calc!$V$14,"# ?/??"))&CHAR(34) | Z82: tOH | AA82: =TRIM(TEXT(Calc!$AA$14,"# ?/??"))&CHAR(34)
A83: tLW | B83: =IF(Calc!$B$4,"2 × ","")&TRIM(TEXT(Calc!$B$24,"# ?/??"))&CHAR(34) | F83: tLW | G83: =IF(Calc!$G$4,"2 × ","")&TRIM(TEXT(Calc!$G$24,"# ?/??"))&CHAR(34) | K83: tLW | L83: =IF(Calc!$L$4,"2 × ","")&TRIM(TEXT(Calc!$L$24,"# ?/??"))&CHAR(34) | P83: tLW | Q83: =IF(Calc!$Q$4,"2 × ","")&TRIM(TEXT(Calc!$Q$24,"# ?/??"))&CHAR(34) | U83: tLW | V83: =IF(Calc!$V$4,"2 × ","")&TRIM(TEXT(Calc!$V$24,"# ?/??"))&CHAR(34) | Z83: tLW | AA83: =IF(Calc!$AA$4,"2 × ","")&TRIM(TEXT(Calc!$AA$24,"# ?/??"))&CHAR(34)
A84: tLH | B84: =TRIM(TEXT(Calc!$B$25,"# ?/??"))&CHAR(34) | F84: tLH | G84: =TRIM(TEXT(Calc!$G$25,"# ?/??"))&CHAR(34) | K84: tLH | L84: =TRIM(TEXT(Calc!$L$25,"# ?/??"))&CHAR(34) | P84: tLH | Q84: =TRIM(TEXT(Calc!$Q$25,"# ?/??"))&CHAR(34) | U84: tLH | V84: =TRIM(TEXT(Calc!$V$25,"# ?/??"))&CHAR(34) | Z84: tLH | AA84: =TRIM(TEXT(Calc!$AA$25,"# ?/??"))&CHAR(34)
A85: tUC | B85: ="UC "&TRIM(TEXT(Calc!$B$23,"# ?/??"))&CHAR(34) | F85: tUC | G85: ="UC "&TRIM(TEXT(Calc!$G$23,"# ?/??"))&CHAR(34) | K85: tUC | L85: ="UC "&TRIM(TEXT(Calc!$L$23,"# ?/??"))&CHAR(34) | P85: tUC | Q85: ="UC "&TRIM(TEXT(Calc!$Q$23,"# ?/??"))&CHAR(34) | U85: tUC | V85: ="UC "&TRIM(TEXT(Calc!$V$23,"# ?/??"))&CHAR(34) | Z85: tUC | AA85: ="UC "&TRIM(TEXT(Calc!$AA$23,"# ?/??"))&CHAR(34)
A86: tLite | B86: =IF(Calc!$B$59,Calc!$B$56&" x "&Calc!$B$57&IF(Calc!$B$55="FL"," LVR",""),"") | F86: tLite | G86: =IF(Calc!$G$59,Calc!$G$56&" x "&Calc!$G$57&IF(Calc!$G$55="FL"," LVR",""),"") | K86: tLite | L86: =IF(Calc!$L$59,Calc!$L$56&" x "&Calc!$L$57&IF(Calc!$L$55="FL"," LVR",""),"") | P86: tLite | Q86: =IF(Calc!$Q$59,Calc!$Q$56&" x "&Calc!$Q$57&IF(Calc!$Q$55="FL"," LVR",""),"") | U86: tLite | V86: =IF(Calc!$V$59,Calc!$V$56&" x "&Calc!$V$57&IF(Calc!$V$55="FL"," LVR",""),"") | Z86: tLite | AA86: =IF(Calc!$AA$59,Calc!$AA$56&" x "&Calc!$AA$57&IF(Calc!$AA$55="FL"," LVR",""),"")
A87: tHand | B87: ='Tag 1'!$M$7&IF(Calc!$B$4," PAIR","")&IF(Calc!$B$61," · swings out","") | F87: tHand | G87: ='Tag 2'!$M$7&IF(Calc!$G$4," PAIR","")&IF(Calc!$G$61," · swings out","") | K87: tHand | L87: ='Tag 3'!$M$7&IF(Calc!$L$4," PAIR","")&IF(Calc!$L$61," · swings out","") | P87: tHand | Q87: ='Tag 4'!$M$7&IF(Calc!$Q$4," PAIR","")&IF(Calc!$Q$61," · swings out","") | U87: tHand | V87: ='Tag 5'!$M$7&IF(Calc!$V$4," PAIR","")&IF(Calc!$V$61," · swings out","") | Z87: tHand | AA87: ='Tag 6'!$M$7&IF(Calc!$AA$4," PAIR","")&IF(Calc!$AA$61," · swings out","")
A88: fs | B88: =MIN(96/MAX(1,Calc!$B$13),140/MAX(1,Calc!$B$14)) | F88: fs | G88: =MIN(96/MAX(1,Calc!$G$13),140/MAX(1,Calc!$G$14)) | K88: fs | L88: =MIN(96/MAX(1,Calc!$L$13),140/MAX(1,Calc!$L$14)) | P88: fs | Q88: =MIN(96/MAX(1,Calc!$Q$13),140/MAX(1,Calc!$Q$14)) | U88: fs | V88: =MIN(96/MAX(1,Calc!$V$13),140/MAX(1,Calc!$V$14)) | Z88: fs | AA88: =MIN(96/MAX(1,Calc!$AA$13),140/MAX(1,Calc!$AA$14))
A89: fx | B89: =52+(96-Calc!$B$13*Calc!$B$88)/2 | F89: fx | G89: =52+(96-Calc!$G$13*Calc!$G$88)/2 | K89: fx | L89: =52+(96-Calc!$L$13*Calc!$L$88)/2 | P89: fx | Q89: =52+(96-Calc!$Q$13*Calc!$Q$88)/2 | U89: fx | V89: =52+(96-Calc!$V$13*Calc!$V$88)/2 | Z89: fx | AA89: =52+(96-Calc!$AA$13*Calc!$AA$88)/2
A90: ds | B90: =MIN(90/MAX(1,Calc!$B$24*Calc!$B$5+IF(Calc!$B$4,1,0)),140/MAX(1,Calc!$B$2)) | F90: ds | G90: =MIN(90/MAX(1,Calc!$G$24*Calc!$G$5+IF(Calc!$G$4,1,0)),140/MAX(1,Calc!$G$2)) | K90: ds | L90: =MIN(90/MAX(1,Calc!$L$24*Calc!$L$5+IF(Calc!$L$4,1,0)),140/MAX(1,Calc!$L$2)) | P90: ds | Q90: =MIN(90/MAX(1,Calc!$Q$24*Calc!$Q$5+IF(Calc!$Q$4,1,0)),140/MAX(1,Calc!$Q$2)) | U90: ds | V90: =MIN(90/MAX(1,Calc!$V$24*Calc!$V$5+IF(Calc!$V$4,1,0)),140/MAX(1,Calc!$V$2)) | Z90: ds | AA90: =MIN(90/MAX(1,Calc!$AA$24*Calc!$AA$5+IF(Calc!$AA$4,1,0)),140/MAX(1,Calc!$AA$2))
A91: dx | B91: =55+(90-(Calc!$B$24*Calc!$B$5)*Calc!$B$90)/2 | F91: dx | G91: =55+(90-(Calc!$G$24*Calc!$G$5)*Calc!$G$90)/2 | K91: dx | L91: =55+(90-(Calc!$L$24*Calc!$L$5)*Calc!$L$90)/2 | P91: dx | Q91: =55+(90-(Calc!$Q$24*Calc!$Q$5)*Calc!$Q$90)/2 | U91: dx | V91: =55+(90-(Calc!$V$24*Calc!$V$5)*Calc!$V$90)/2 | Z91: dx | AA91: =55+(90-(Calc!$AA$24*Calc!$AA$5)*Calc!$AA$90)/2
A92: lx | B92: =IF(Calc!$B$56>10,(Calc!$B$24-Calc!$B$56)/2,IF(OR(Calc!$B$60,Calc!$B$4),Calc!$B$24-LiteEdge-Calc!$B$56,LiteEdge)) | F92: lx | G92: =IF(Calc!$G$56>10,(Calc!$G$24-Calc!$G$56)/2,IF(OR(Calc!$G$60,Calc!$G$4),Calc!$G$24-LiteEdge-Calc!$G$56,LiteEdge)) | K92: lx | L92: =IF(Calc!$L$56>10,(Calc!$L$24-Calc!$L$56)/2,IF(OR(Calc!$L$60,Calc!$L$4),Calc!$L$24-LiteEdge-Calc!$L$56,LiteEdge)) | P92: lx | Q92: =IF(Calc!$Q$56>10,(Calc!$Q$24-Calc!$Q$56)/2,IF(OR(Calc!$Q$60,Calc!$Q$4),Calc!$Q$24-LiteEdge-Calc!$Q$56,LiteEdge)) | U92: lx | V92: =IF(Calc!$V$56>10,(Calc!$V$24-Calc!$V$56)/2,IF(OR(Calc!$V$60,Calc!$V$4),Calc!$V$24-LiteEdge-Calc!$V$56,LiteEdge)) | Z92: lx | AA92: =IF(Calc!$AA$56>10,(Calc!$AA$24-Calc!$AA$56)/2,IF(OR(Calc!$AA$60,Calc!$AA$4),Calc!$AA$24-LiteEdge-Calc!$AA$56,LiteEdge))
A93: ps | B93: =120/MAX(1,Calc!$B$1+30) | F93: ps | G93: =120/MAX(1,Calc!$G$1+30) | K93: ps | L93: =120/MAX(1,Calc!$L$1+30) | P93: ps | Q93: =120/MAX(1,Calc!$Q$1+30) | U93: ps | V93: =120/MAX(1,Calc!$V$1+30) | Z93: ps | AA93: =120/MAX(1,Calc!$AA$1+30)
A94: px | B94: =100-(Calc!$B$1/2)*Calc!$B$93 | F94: px | G94: =100-(Calc!$G$1/2)*Calc!$G$93 | K94: px | L94: =100-(Calc!$L$1/2)*Calc!$L$93 | P94: px | Q94: =100-(Calc!$Q$1/2)*Calc!$Q$93 | U94: px | V94: =100-(Calc!$V$1/2)*Calc!$V$93 | Z94: px | AA94: =100-(Calc!$AA$1/2)*Calc!$AA$93
A95: dir | B95: =IF(Calc!$B$61,-1,1) | F95: dir | G95: =IF(Calc!$G$61,-1,1) | K95: dir | L95: =IF(Calc!$L$61,-1,1) | P95: dir | Q95: =IF(Calc!$Q$61,-1,1) | U95: dir | V95: =IF(Calc!$V$61,-1,1) | Z95: dir | AA95: =IF(Calc!$AA$61,-1,1)
A96: lwp | B96: =IF(Calc!$B$4,Calc!$B$1/2,Calc!$B$1) | F96: lwp | G96: =IF(Calc!$G$4,Calc!$G$1/2,Calc!$G$1) | K96: lwp | L96: =IF(Calc!$L$4,Calc!$L$1/2,Calc!$L$1) | P96: lwp | Q96: =IF(Calc!$Q$4,Calc!$Q$1/2,Calc!$Q$1) | U96: lwp | V96: =IF(Calc!$V$4,Calc!$V$1/2,Calc!$V$1) | Z96: lwp | AA96: =IF(Calc!$AA$4,Calc!$AA$1/2,Calc!$AA$1)
A97: rs | B97: =150/MAX(6,Calc!$B$6+3) | F97: rs | G97: =150/MAX(6,Calc!$G$6+3) | K97: rs | L97: =150/MAX(6,Calc!$L$6+3) | P97: rs | Q97: =150/MAX(6,Calc!$Q$6+3) | U97: rs | V97: =150/MAX(6,Calc!$V$6+3) | Z97: rs | AA97: =150/MAX(6,Calc!$AA$6+3)
A98: rx | B98: =100-(Calc!$B$6/2)*Calc!$B$97 | F98: rx | G98: =100-(Calc!$G$6/2)*Calc!$G$97 | K98: rx | L98: =100-(Calc!$L$6/2)*Calc!$L$97 | P98: rx | Q98: =100-(Calc!$Q$6/2)*Calc!$Q$97 | U98: rx | V98: =100-(Calc!$V$6/2)*Calc!$V$97 | Z98: rx | AA98: =100-(Calc!$AA$6/2)*Calc!$AA$97
A99: R2 | B99: =1.9375 | F99: R2 | G99: =1.9375 | K99: R2 | L99: =1.9375 | P99: R2 | Q99: =1.9375 | U99: R2 | V99: =1.9375 | Z99: R2 | AA99: =1.9375
A100: R1 | B100: =MAX(0.5,MIN(1.9375,Calc!$B$6-1.9375-1)) | F100: R1 | G100: =MAX(0.5,MIN(1.9375,Calc!$G$6-1.9375-1)) | K100: R1 | L100: =MAX(0.5,MIN(1.9375,Calc!$L$6-1.9375-1)) | P100: R1 | Q100: =MAX(0.5,MIN(1.9375,Calc!$Q$6-1.9375-1)) | U100: R1 | V100: =MAX(0.5,MIN(1.9375,Calc!$V$6-1.9375-1)) | Z100: R1 | AA100: =MAX(0.5,MIN(1.9375,Calc!$AA$6-1.9375-1))
...
