Workbook
Name Scope: Lists!$A$5:$A$7
Name Floor: Lists!$B$5:$B$15
Name Category: Lists!$C$5:$C$6
Name FireRating: Lists!$D$5:$D$10
Name FrameType: Lists!$E$5:$E$10
Name Profile: Lists!$F$5:$F$8
Name JambDepth: Lists!$G$5:$G$77
Name GaugeFrame: Lists!$H$5:$H$6
Name SteelType: Lists!$I$5:$I$8
Name Construction: Lists!$J$5:$J$6
Name AnchorType: Lists!$K$5:$K$12
Name Handing: Lists!$L$5:$L$20
Name YesNo: Lists!$M$5:$M$6
Name Manufacturer: Lists!$N$5:$N$6
Name HingePrep: Lists!$O$5:$O$12
Name StrikePrep: Lists!$P$5:$P$15
Name HeaderPrep: Lists!$Q$5:$Q$9
Name CloserPrep: Lists!$R$5:$R$11
Name DoorMaterial: Lists!$S$5:$S$14
Name GaugeDoor: Lists!$T$5:$T$7
Name WoodCore: Lists!$U$5:$U$8
Name FaceType: Lists!$V$5:$V$23
Name ManufLoc: Lists!$W$5:$W$10
Name LockPrep: Lists!$X$5:$X$27
Name Edge: Lists!$Y$5:$Y$8
Name Astragal: Lists!$Z$5:$Z$6
Name Series: Lists!$AA$5:$AA$11
Name WoodFinish: Lists!$AB$5:$AB$12
Name WallType: Lists!$AD$5:$AD$12
Name WallHR: Lists!$AE$5:$AE$11
Name SLSide: Lists!$AF$5:$AF$7
Name IBC: Lists!$AH$5:$AI$23
Name CODES: Codes!$A$5:$B$400
Name JobName: Job!$C$5
Name JobNo: Job!$C$6
Name JobAddress: Job!$C$7
Name JobGC: Job!$C$8
Name JobArch: Job!$C$9
Name JobEst: Job!$C$10
Name JobDate: Job!$C$11
Name JobBid: Job!$C$12
Name JobSupplier: Job!$C$13
Name JobRev: Job!$C$14
Name JobDocs: Job!$C$15
Name FaceW: Job!$C$21
Name EdgeClr: Job!$C$22
Name MeetClr: Job!$C$23
Name HeadClr: Job!$C$24
Name Undercut: Job!$C$25
Name ROSide: Job!$C$26
Name ROTop: Job!$C$27
Name ClearDeduct: Job!$C$28
Name LockAFF: Job!$C$29
Name tk_MARK: Takeoff!$A$6:$A$505
Name tk_QTY: Takeoff!$B$6:$B$505
Name tk_SCOPE: Takeoff!$C$6:$C$505
Name tk_FLOOR: Takeoff!$D$6:$D$505
Name tk_CAT: Takeoff!$E$6:$E$505
Name tk_ROOMF: Takeoff!$F$6:$F$505
Name tk_ROOMT: Takeoff!$G$6:$G$505

Sheet Start
B2: TAKEOFF FORM 3.0
B3: Door, frame and hardware takeoff · live elevations · code checks · order lines
B5: GO TO
B6: Job | C6: Job name, dates, clearances
B7: Takeoff | C7: One row per opening — the only place you type openings
B8: Elevation | C8: Pick a mark: drawing, sizes, order lines, checks
B9: Elevations | C9: Every elevation type, six to a page, ready to print
B10: Hardware | C10: Hardware sets, items, opening counts and job quantities
B11: Frame order | C11: Frame order lines for the supplier
B12: Door order | C12: Door order lines with leaf sizes
B13: Summary | C13: Counts by rating, scope, floor, material, lite
B14: Lists | C14: Every dropdown — edit here
B15: Codes | C15: What each code prints on an order line
B19: HOW TO USE IT
B20: 1 | C20: Fill in the Job sheet once. Set the clearances (undercut, edge gaps, frame face) to suit your frame maker.
B21: 2 | C21: On Takeoff type one row per opening. Pick SCOPE first: it decides whether the row makes a frame line, a door line, or both.
B22: 3 | C22: Size: W FT, W IN, H FT, H IN (3 · 0 · 7 · 0 = 3070). Fractions as decimals: 0.5 = 1/2". PAIR = Y for a pair. Transom and sidelite are glass sizes in inches.
B23: 4 | C23: Give WALL TYPE and WALL HR when the plans show them: the sheet then checks the door rating against IBC Table 716.1(2).
B24: 5 | C24: Amber cells are required and still empty. CHECK says OK, CHECK (worth a look) or FIX (missing or wrong) and the next column says why.
B25: 6 | C25: Elevation draws any mark at scale; Elevations draws one of each type for the submittal or the shop. Both follow the Takeoff live.
B26: 7 | C26: Hardware: list each set on the Hardware sheet, then pick the set on the Takeoff. Opening counts and job quantities follow.
B27: 8 | C27: Frame order and Door order build themselves. Print them or copy the lines into the supplier’s portal.
B28: 9 | C28: The eight sample openings (101–108) show every feature. Select the white/yellow input cells of those rows and press Delete to start a job; the formulas stay.
B31: COLOUR KEY
C32: Opening inputs
C33: Frame inputs
C34: Door inputs
C35: Hardware
C36: Calculated — do not type
C38: Required and still empty
B39: Blue | C39: Text you typed (inputs)
B41: WHAT IS NEW IN 3.0 (vs. 2.0)
B42: • | C42: Live elevations at scale: frame, leaves, lites/louvers, transom, sidelites, hinges, lever, swing and dimensions — for one mark or every type.
B43: • | C43: Calculated leaf size, frame overall, rough opening, clear width, hinges per leaf, lite size and elevation type on every row.
B44: • | C44: Code checks: door vs wall rating (IBC 716.1(2)), FRP labels, pair/hand both ways, 180/90 min glass limit, ADA 32" clear, S-label corridors, closer reinforcement, oversize leaves.
B45: • | C45: Two levels: FIX (blocks the order) and CHECK (worth a look). Required cells light up amber until filled.
B46: • | C46: Hardware sets with items, opening counts and job quantities.
B47: • | C47: Transom, sidelite and wall columns; door hand and hinge prep default to the frame when blank; foldable column groups; filters; print setup on every sheet.
B48: • | C48: Same codes and lists as 2.0: order lines read exactly as before.

Sheet Job
B2: JOB
B3: Fill this in once. It prints on the takeoff, the order sheets and the elevations.
B5: Job name
B6: Job number
B7: Address
B8: General contractor
B9: Architect
B10: Estimator
B11: Date | C11: =TODAY()
B12: Bid date
B13: Supplier | C13: CURRIES
B14: Revision | C14: REV 0
B15: Drawings / addenda
B18: SIZES AND CLEARANCES (inches)
B19: Used for leaf size, frame overall, rough opening, clear width and the elevations. Change them to suit the frame maker.
B21: Frame face (jamb & head) | C21: 2 | D21: Standard 2" face. A 4" head is picked per opening on the Takeoff.
B22: Hinge & strike edge clearance | C22: 0.125 | D22: Gap each side between leaf and frame rabbet (NFPA 80 max 1/8" on steel).
B23: Meeting edge clearance (pairs) | C23: 0.125 | D23: Gap between leaves of a pair.
B24: Head clearance | C24: 0.125 | D24: Gap between top of leaf and head rabbet.
B25: Undercut | C25: 0.75 | D25: Floor to bottom of leaf. NFPA 80 allows 3/4" max on rated doors over a non-combustible floor.
B26: Rough opening allowance, each side | C26: 0.25 | D26: Added to frame overall width, each side.
B27: Rough opening allowance, head | C27: 0.25 | D27: Added to frame overall height.
B28: Clear width deduction | C28: 2.625 | D28: Nominal leaf width minus this = approx. clear opening at 90° (stop + 1-3/4" door + knuckle).
B29: Lock / lever height (AFF) | C29: 40.3125 | D29: Lock centre line from finished floor, for the elevation.

Sheet Takeoff
A1: =IF(JobName="","TAKEOFF — fill in the job on the Job sheet",JobName&IF(JobNo="",""," — job "&JobNo))
A2: =COUNTIF(tk_MARK,"?*")&" rows · "&SUM(tk_QTY)&" openings · "&SUMPRODUCT(tk_QTY,tk_LEAVES)&" leaves · "&COUNTIF(tk_CHECK,"FIX")&" to fix · "&COUNTIF(tk_CHECK,"CHECK")&" to check"
A3: Yellow-tinted columns are yours; grey ones calculate. Pick from the dropdowns. Click a group’s [−] above the letters to fold it away.
A4: OPENING | S4: FRAME | AH4: DOOR | AU4: HARDWARE | AW4: CALCULATED
A5: MARK | B5: QTY | C5: SCOPE | D5: FLOOR | E5: CATEGORY | F5: ROOM FROM | G5: ROOM TO | H5: FIRE RATING | I5: WALL TYPE | J5: WALL HR | K5: W FT | L5: W IN | M5: H FT | N5: H IN | O5: PAIR | P5: TRANSOM H (IN) | Q5: SIDELITE W (IN) | R5: SIDELITE SIDE | S5: FRAME TYPE | T5: PROFILE | U5: JAMB DEPTH | V5: GAUGE | W5: STEEL | X5: CONSTR. | Y5: ANCHOR | Z5: HAND | AA5: MANUF. | AB5: 4" HEAD | AC5: HINGE PREP | AD5: STRIKE PREP | AE5: HEADER PREP | AF5: CLOSER REINF. | AG5: FRAME NOTES | AH5: MATERIAL | AI5: GAUGE | AJ5: WOOD CORE | AK5: WOOD FINISH | AL5: FACE TYPE | AM5: SERIES | AN5: DOOR HAND (blank = frame) | AO5: HW LOCATIONS | AP5: HINGE PREP (blank = frame) | AQ5: LOCK PREP | AR5: EDGE | AS5: ASTRAGAL | AT5: DOOR NOTES | AU5: HW SET | AV5: HARDWARE NOTES | AW5: CHECK | AX5: WHAT TO FIX / CHECK | AY5: SIZE | AZ5: CODE | BA5: W (IN) | BB5: H (IN) | BC5: LEAVES | BD5: LEAF W | BE5: LEAF H | BF5: FRAME O/A W | BG5: FRAME O/A H | BH5: ROUGH OPG W | BI5: ROUGH OPG H | BJ5: CLEAR W (approx) | BK5: HINGES / LEAF | BL5: LITE KIT | BM5: LITE W | BN5: LITE H | BO5: DOOR MIN | BP5: WALL NEEDS (MIN) | BQ5: FRAME ORDER LINE | BR5: DOOR ORDER LINE | BS5: ELEV TYPE | BT5: FSEQ | BU5: DSEQ | BV5: EKEY | BW5: ERRS | BX5: WARNS
A6: 101 | B6: 1 | C6: FRAME & DOOR | D6: 1st | E6: INTERIOR | F6: CORRIDOR | G6: OFFICE 101 | H6: 20 MIN | I6: CORRIDOR | J6: 1 | K6: 3 | L6: 0 | M6: 7 | N6: 0 | S6: 3F | T6: M | U6: 534 | V6: 16 | W6: CR | X6: KD | Y6: SC | Z6: R | AA6: CU | AC6: U453 | AD6: E1 | AF6: E11 | AH6: CR | AI6: 18 | AL6: FNV-6"x27" | AM6: 707 | AO6: CURRIES | AQ6: G2 | AU6: 1 | AW6: =IF($A6="","",IF($BW6<>"","FIX",IF($BX6<>"","CHECK","OK"))) | AX6: =IF($A6="","",IF($BW6<>"","FIX: "&LEFT($BW6,LEN($BW6)-2)&IF($BX6<>""," · ",""),"")&IF($BX6<>"","CHECK: "&LEFT($BX6,LEN($BX6)-2),"")) | AY6: =IF(OR($A6="",$K6=""),"",$K6&"'-"&N($L6)&CHAR(34)&" x "&$M6&"'-"&N($N6)&CHAR(34)) | AZ6: =IF(OR($A6="",$K6=""),"",$K6&N($L6)&$M6&N($N6)) | BA6: =IF(OR($A6="",$K6=""),"",$K6*12+N($L6)) | BB6: =IF(OR($A6="",$M6=""),"",$M6*12+N($N6)) | BC6: =IF($A6="","",IF(OR($C6="FRAME ONLY",$S6="BL"),0,IF($O6="Y",2,1))) | BD6: =IF(OR(N($BC6)=0,$BA6=""),"",($BA6-2*EdgeClr-IF($BC6=2,MeetClr,0))/$BC6) | BE6: =IF(OR(N($BC6)=0,$BB6=""),"",$BB6-HeadClr-Undercut) | BF6: =IF($BA6="","",$BA6+2*FaceW+IF(N($Q6)>0,($Q6+FaceW)*IF($R6="LR",2,1),0)) | BG6: =IF($BB6="","",$BB6+IF($AB6="Y",4,FaceW)+IF(N($P6)>0,$P6+FaceW,0)+IF(OR($S6="4F",$S6="BL"),FaceW,0)) | BH6: =IF($BF6="","",$BF6+2*ROSide) | BI6: =IF($BG6="","",$BG6+ROTop) | BJ6: =IF(OR(N($BC6)=0,$BA6=""),"",$BA6/$BC6-ClearDeduct) | BK6: =IF(OR(N($BC6)=0,$BE6=""),"",IF(OR($AC6="HGC",$AP6="HGC"),"CONT",IF($BE6<=60,2,IF($BE6<=90,3,IF($BE6<=120,4,5))))) | BL6: =IF(N($BC6)=0,"",IF(OR($AL6="",$AL6="FLUSH"),"FLUSH",IFERROR(LEFT($AL6,FIND("-",$AL6)-1),LEFT($AL6,2)))) | BM6: =IF($BL6="","",IFERROR(VALUE(MID($AL6,FIND("-",$AL6)+1,FIND(CHAR(34)&"x",$AL6)-FIND("-",$AL6)-1)),0)) | BN6: =IF($BL6="","",IFERROR(VALUE(MID($AL6,FIND(CHAR(34)&"x",$AL6)+2,FIND(CHAR(34),$AL6,FIND(CHAR(34)&"x",$AL6)+2)-FIND(CHAR(34)&"x",$AL6)-2)),0)) | BO6: =IF(OR($A6="",$H6="",$H6="NO LAB"),0,IFERROR(VALUE(LEFT($H6,FIND(" ",$H6)-1)),0)) | BP6: =IF(OR($A6="",$I6="",$I6="NON-RATED",N($J6)=0),"",IFERROR(VLOOKUP($I6&"|"&$J6,IBC,2,FALSE),"?")) | BQ6: =IF(NOT(AND($A6<>"",$C6<>"DOOR ONLY")),"",TRIM(IFERROR(VLOOKUP($U6,CODES,2,FALSE),"")&" "&$AZ6&" "&IFERROR(VLOOKUP($Z6,CODES,2,FALSE),"")&" "&IFERROR(VLOOKUP($X6,CODES,2,FALSE),"")&" "&IFERROR(VLOOKUP($S6,CODES,2,FALSE),"")&IF(N($P6)>0," w/TRANSOM "&$P6&CHAR(34),"")&IF(N($Q6)>0," w/SIDELITE "&$Q6&CHAR(34)&" "&IF($R6="","R",$R6),"")&IF($Y6=""," | "," | "&IFERROR(VLOOKUP($Y6,CODES,2,FALSE),"")&" | ")&IFERROR(VLOOKUP($AC6,CODES,2,FALSE),"")&" "&IFERROR(VLOOKUP($AD6,CODES,2,FALSE),"")&IF(OR($AE6="",$AE6="-"),""," "&$AE6)&IF(OR($AF6="",$AF6="-"),""," "&$AF6)&IF($AB6="Y"," 4"&CHAR(34)&" HEAD","")&" "&IFERROR(VLOOKUP($H6,CODES,2,FALSE),""))) | BR6: =IF(NOT(AND($A6<>"",N($BC6)>0)),"",TRIM(IFERROR(VLOOKUP($AH6,CODES,2,FALSE),"")&IF($AI6=""," "," "&$AI6&"GA ")&$AZ6&" "&IF($AN6="",IFERROR(VLOOKUP($Z6,CODES,2,FALSE),""),IFERROR(VLOOKUP($AN6,CODES,2,FALSE),""))&IF($BC6=2," PAIR","")&" DOOR | "&IF($AL6="","?",$AL6)&" | "&IF($AP6="",IFERROR(VLOOKUP($AC6,CODES,2,FALSE),""),IFERROR(VLOOKUP($AP6,CODES,2,FALSE),""))&" "&IFERROR(VLOOKUP($AQ6,CODES,2,FALSE),"")&IF(OR($AR6="",$AR6="-"),""," SEAM "&$AR6)&IF($AS6="Y"," ASTRAGAL","")&IF($AJ6=""," "," "&$AJ6)&IF($AK6=""," "," "&$AK6)&IF($AO6="",""," "&$AO6)&IF($AM6=""," "," SERIES "&$AM6)&" "&IFERROR(VLOOKUP($H6,CODES,2,FALSE),""))) | BS6: =IF(BV6="","",IF(COUNTIF($BV$6:BV6,BV6)=1,MAX($BS$5:BS5)+1,INDEX($BS$5:BS5,MATCH(BV6,$BV$5:BV5,0)))) | BT6: =IF(NOT(AND($A6<>"",$C6<>"DOOR ONLY")),"",MAX($BT$5:BT5)+1) | BU6: =IF(NOT(AND($A6<>"",N($BC6)>0)),"",MAX($BU$5:BU5)+1) | BV6: =IF(OR($A6="",$BA6="",$BB6=""),"",$AZ6&"|"&$O6&"|"&$AL6&"|"&$S6&"|"&$P6&"|"&$Q6&$R6&"|"&$C6&"|"&$AB6) | BW6: =IF($A6="","",IF($B6="","qty, ","")&IF($C6="","scope, ","")&IF(OR($K6="",$M6=""),"size, ","")&IF(AND($A6<>"",$C6<>"DOOR ONLY"),IF($U6="","jamb depth, ","")&IF($X6="","construction, ","")&IF($Y6="","anchor, ","")&IF($S6="","frame type, ",""),"")&IF(AND(N($BC6)>0,$Z6=""),"hand, ","")&IF(N($BC6)>0,IF($AH6="","door material, ","")&IF($AL6="","face type, ","")&IF($AQ6="","lock prep, ","")&IF(AND($AP6="",$AC6=""),"hinge prep, ",""),"")&IF(AND($BO6>0,$AH6="FRP"),"FRP cannot carry a label, ","")&IF(AND($O6="Y",OR($Z6="L",$Z6="R",$Z6="LR",$Z6="RR")),"pair marked but hand is single, ","")&IF(AND($O6<>"Y",OR($Z6="PR",AND(LEN($Z6)>1,ISNUMBER(SEARCH("-",$Z6))))),"pair hand on a single door, ","")&IF(AND(ISNUMBER($BP6),$BO6<N($BP6)),"wall needs a "&$BP6&" min door, ","")&IF(AND($BO6>=180,AND(OR($BL6="FG",$BL6="HG",$BL6="FNV",$BL6="FV"),N($BM6)*N($BN6)>100)),"180 min lite over 100 sq in, ","")&IF(N($BD6)>48,"leaf wider than 4'-0"&CHAR(34)&", ","")) | BX6: =IF($A6="","",IF(AND($BO6>0,AND($A6<>"",$C6<>"DOOR ONLY"),$X6="KD",$E6="EXTERIOR"),"KD label on an exterior opening, ","")&IF(AND($E6="EXTERIOR",OR(AND(AND($A6<>"",$C6<>"DOOR ONLY"),$W6="CR"),AND(N($BC6)>0,$AH6="CR"))),"exterior in CR steel (G9?), ","")&IF(AND(ISNUMBER($BJ6),N($BJ6)<32),"clear width ~"&TEXT($BJ6,"0.0")&CHAR(34)&" under 32"&CHAR(34)&" (ADA), ","")&IF(AND($BO6=90,AND(OR($BL6="FG",$BL6="HG",$BL6="FNV",$BL6="FV"),N($BM6)*N($BN6)>100)),"90 min lite over 100 sq in (stair/exit), ","")&IF(AND($BO6>0,AND($A6<>"",$C6<>"DOOR ONLY"),OR($AF6="",$AF6="-")),"rated: closer reinf.?, ","")&IF(OR($I6="CORRIDOR",$I6="SMOKE BARRIER"),"S label + smoke gasketing, ","")&IF($BP6="?","wall type/hr not in IBC table, ","")&IF(AND(N($BC6)>0,$AU6=""),"no hardware set, ","")&IF(AND($AU6<>"",ISNA(MATCH($AU6,HWSets,0))),"set "&$AU6&" not on Hardware sheet, ","")&IF(N($BE6)>96,"leaf over 8'-0"&CHAR(34)&" - check listing, ",""))
A7: 102 | B7: 4 | C7: FRAME & DOOR | D7: 1st | E7: INTERIOR | F7: OFFICE | G7: STORAGE | H7: NO LAB | I7: NON-RATED | K7: 3 | L7: 0 | M7: 7 | N7: 0 | S7: 3F | T7: M | U7: 478 | V7: 16 | W7: CR | X7: KD | Y7: SC | Z7: LR | AA7: CU | AC7: U453 | AD7: E1 | AH7: OAK-PC | AJ7: PC | AK7: RNB | AL7: FLUSH | AQ7: G2 | AU7: 1 | AW7: =IF($A7="","",IF($BW7<>"","FIX",IF($BX7<>"","CHECK","OK"))) | AX7: =IF($A7="","",IF($BW7<>"","FIX: "&LEFT($BW7,LEN($BW7)-2)&IF($BX7<>""," · ",""),"")&IF($BX7<>"","CHECK: "&LEFT($BX7,LEN($BX7)-2),"")) | AY7: =IF(OR($A7="",$K7=""),"",$K7&"'-"&N($L7)&CHAR(34)&" x "&$M7&"'-"&N($N7)&CHAR(34)) | AZ7: =IF(OR($A7="",$K7=""),"",$K7&N($L7)&$M7&N($N7)) | BA7: =IF(OR($A7="",$K7=""),"",$K7*12+N($L7)) | BB7: =IF(OR($A7="",$M7=""),"",$M7*12+N($N7)) | BC7: =IF($A7="","",IF(OR($C7="FRAME ONLY",$S7="BL"),0,IF($O7="Y",2,1))) | BD7: =IF(OR(N($BC7)=0,$BA7=""),"",($BA7-2*EdgeClr-IF($BC7=2,MeetClr,0))/$BC7) | BE7: =IF(OR(N($BC7)=0,$BB7=""),"",$BB7-HeadClr-Undercut) | BF7: =IF($BA7="","",$BA7+2*FaceW+IF(N($Q7)>0,($Q7+FaceW)*IF($R7="LR",2,1),0)) | BG7: =IF($BB7="","",$BB7+IF($AB7="Y",4,FaceW)+IF(N($P7)>0,$P7+FaceW,0)+IF(OR($S7="4F",$S7="BL"),FaceW,0)) | BH7: =IF($BF7="","",$BF7+2*ROSide) | BI7: =IF($BG7="","",$BG7+ROTop) | BJ7: =IF(OR(N($BC7)=0,$BA7=""),"",$BA7/$BC7-ClearDeduct) | BK7: =IF(OR(N($BC7)=0,$BE7=""),"",IF(OR($AC7="HGC",$AP7="HGC"),"CONT",IF($BE7<=60,2,IF($BE7<=90,3,IF($BE7<=120,4,5))))) | BL7: =IF(N($BC7)=0,"",IF(OR($AL7="",$AL7="FLUSH"),"FLUSH",IFERROR(LEFT($AL7,FIND("-",$AL7)-1),LEFT($AL7,2)))) | BM7: =IF($BL7="","",IFERROR(VALUE(MID($AL7,FIND("-",$AL7)+1,FIND(CHAR(34)&"x",$AL7)-FIND("-",$AL7)-1)),0)) | BN7: =IF($BL7="","",IFERROR(VALUE(MID($AL7,FIND(CHAR(34)&"x",$AL7)+2,FIND(CHAR(34),$AL7,FIND(CHAR(34)&"x",$AL7)+2)-FIND(CHAR(34)&"x",$AL7)-2)),0)) | BO7: =IF(OR($A7="",$H7="",$H7="NO LAB"),0,IFERROR(VALUE(LEFT($H7,FIND(" ",$H7)-1)),0)) | BP7: =IF(OR($A7="",$I7="",$I7="NON-RATED",N($J7)=0),"",IFERROR(VLOOKUP($I7&"|"&$J7,IBC,2,FALSE),"?")) | BQ7: =IF(NOT(AND($A7<>"",$C7<>"DOOR ONLY")),"",TRIM(IFERROR(VLOOKUP($U7,CODES,2,FALSE),"")&" "&$AZ7&" "&IFERROR(VLOOKUP($Z7,CODES,2,FALSE),"")&" "&IFERROR(VLOOKUP($X7,CODES,2,FALSE),"")&" "&IFERROR(VLOOKUP($S7,CODES,2,FALSE),"")&IF(N($P7)>0," w/TRANSOM "&$P7&CHAR(34),"")&IF(N($Q7)>0," w/SIDELITE "&$Q7&CHAR(34)&" "&IF($R7="","R",$R7),"")&IF($Y7=""," | "," | "&IFERROR(VLOOKUP($Y7,CODES,2,FALSE),"")&" | ")&IFERROR(VLOOKUP($AC7,CODES,2,FALSE),"")&" "&IFERROR(VLOOKUP($AD7,CODES,2,FALSE),"")&IF(OR($AE7="",$AE7="-"),""," "&$AE7)&IF(OR($AF7="",$AF7="-"),""," "&$AF7)&IF($AB7="Y"," 4"&CHAR(34)&" HEAD","")&" "&IFERROR(VLOOKUP($H7,CODES,2,FALSE),""))) | BR7: =IF(NOT(AND($A7<>"",N($BC7)>0)),"",TRIM(IFERROR(VLOOKUP($AH7,CODES,2,FALSE),"")&IF($AI7=""," "," "&$AI7&"GA ")&$AZ7&" "&IF($AN7="",IFERROR(VLOOKUP($Z7,CODES,2,FALSE),""),IFERROR(VLOOKUP($AN7,CODES,2,FALSE),""))&IF($BC7=2," PAIR","")&" DOOR | "&IF($AL7="","?",$AL7)&" | "&IF($AP7="",IFERROR(VLOOKUP($AC7,CODES,2,FALSE),""),IFERROR(VLOOKUP($AP7,CODES,2,FALSE),""))&" "&IFERROR(VLOOKUP($AQ7,CODES,2,FALSE),"")&IF(OR($AR7="",$AR7="-"),""," SEAM "&$AR7)&IF($AS7="Y"," ASTRAGAL","")&IF($AJ7=""," "," "&$AJ7)&IF($AK7=""," "," "&$AK7)&IF($AO7="",""," "&$AO7)&IF($AM7=""," "," SERIES "&$AM7)&" "&IFERROR(VLOOKUP($H7,CODES,2,FALSE),""))) | BS7: =IF(BV7="","",IF(COUNTIF($BV$6:BV7,BV7)=1,MAX($BS$5:BS6)+1,INDEX($BS$5:BS6,MATCH(BV7,$BV$5:BV6,0)))) | BT7: =IF(NOT(AND($A7<>"",$C7<>"DOOR ONLY")),"",MAX($BT$5:BT6)+1) | BU7: =IF(NOT(AND($A7<>"",N($BC7)>0)),"",MAX($BU$5:BU6)+1) | BV7: =IF(OR($A7="",$BA7="",$BB7=""),"",$AZ7&"|"&$O7&"|"&$AL7&"|"&$S7&"|"&$P7&"|"&$Q7&$R7&"|"&$C7&"|"&$AB7) | BW7: =IF($A7="","",IF($B7="","qty, ","")&IF($C7="","scope, ","")&IF(OR($K7="",$M7=""),"size, ","")&IF(AND($A7<>"",$C7<>"DOOR ONLY"),IF($U7="","jamb depth, ","")&IF($X7="","construction, ","")&IF($Y7="","anchor, ","")&IF($S7="","frame type, ",""),"")&IF(AND(N($BC7)>0,$Z7=""),"hand, ","")&IF(N($BC7)>0,IF($AH7="","door material, ","")&IF($AL7="","face type, ","")&IF($AQ7="","lock prep, ","")&IF(AND($AP7="",$AC7=""),"hinge prep, ",""),"")&IF(AND($BO7>0,$AH7="FRP"),"FRP cannot carry a label, ","")&IF(AND($O7="Y",OR($Z7="L",$Z7="R",$Z7="LR",$Z7="RR")),"pair marked but hand is single, ","")&IF(AND($O7<>"Y",OR($Z7="PR",AND(LEN($Z7)>1,ISNUMBER(SEARCH("-",$Z7))))),"pair hand on a single door, ","")&IF(AND(ISNUMBER($BP7),$BO7<N($BP7)),"wall needs a "&$BP7&" min door, ","")&IF(AND($BO7>=180,AND(OR($BL7="FG",$BL7="HG",$BL7="FNV",$BL7="FV"),N($BM7)*N($BN7)>100)),"180 min lite over 100 sq in, ","")&IF(N($BD7)>48,"leaf wider than 4'-0"&CHAR(34)&", ","")) | BX7: =IF($A7="","",IF(AND($BO7>0,AND($A7<>"",$C7<>"DOOR ONLY"),$X7="KD",$E7="EXTERIOR"),"KD label on an exterior opening, ","")&IF(AND($E7="EXTERIOR",OR(AND(AND($A7<>"",$C7<>"DOOR ONLY"),$W7="CR"),AND(N($BC7)>0,$AH7="CR"))),"exterior in CR steel (G9?), ","")&IF(AND(ISNUMBER($BJ7),N($BJ7)<32),"clear width ~"&TEXT($BJ7,"0.0")&CHAR(34)&" under 32"&CHAR(34)&" (ADA), ","")&IF(AND($BO7=90,AND(OR($BL7="FG",$BL7="HG",$BL7="FNV",$BL7="FV"),N($BM7)*N($BN7)>100)),"90 min lite over 100 sq in (stair/exit), ","")&IF(AND($BO7>0,AND($A7<>"",$C7<>"DOOR ONLY"),OR($AF7="",$AF7="-")),"rated: closer reinf.?, ","")&IF(OR($I7="CORRIDOR",$I7="SMOKE BARRIER"),"S label + smoke gasketing, ","")&IF($BP7="?","wall type/hr not in IBC table, ","")&IF(AND(N($BC7)>0,$AU7=""),"no hardware set, ","")&IF(AND($AU7<>"",ISNA(MATCH($AU7,HWSets,0))),"set "&$AU7&" not on Hardware sheet, ","")&IF(N($BE7)>96,"leaf over 8'-0"&CHAR(34)&" - check listing, ",""))
A8: 103 | B8: 1 | C8: FRAME & DOOR | D8: 1st | E8: INTERIOR | F8: CORRIDOR | G8: STAIR 1 | H8: 90 MIN | I8: SHAFT / EXIT ENCL. | J8: 2 | K8: 6 | L8: 0 | M8: 7 | N8: 0 | O8: Y | S8: 3F | T8: M | U8: 834 | V8: 14 | W8: CR | X8: WGS | Y8: T | Z8: RR-A | AA8: CU | AC8: U454 | AD8: E1 | AE8: H5 | AF8: E11 | AH8: CR | AI8: 16 | AL8: HG-24"x30" | AM8: 707 | AO8: CURRIES | AQ8: G12 | AR8: - | AS8: Y | AU8: 2 | AW8: =IF($A8="","",IF($BW8<>"","FIX",IF($BX8<>"","CHECK","OK"))) | AX8: =IF($A8="","",IF($BW8<>"","FIX: "&LEFT($BW8,LEN($BW8)-2)&IF($BX8<>""," · ",""),"")&IF($BX8<>"","CHECK: "&LEFT($BX8,LEN($BX8)-2),"")) | AY8: =IF(OR($A8="",$K8=""),"",$K8&"'-"&N($L8)&CHAR(34)&" x "&$M8&"'-"&N($N8)&CHAR(34)) | AZ8: =IF(OR($A8="",$K8=""),"",$K8&N($L8)&$M8&N($N8)) | BA8: =IF(OR($A8="",$K8=""),"",$K8*12+N($L8)) | BB8: =IF(OR($A8="",$M8=""),"",$M8*12+N($N8)) | BC8: =IF($A8="","",IF(OR($C8="FRAME ONLY",$S8="BL"),0,IF($O8="Y",2,1))) | BD8: =IF(OR(N($BC8)=0,$BA8=""),"",($BA8-2*EdgeClr-IF($BC8=2,MeetClr,0))/$BC8) | BE8: =IF(OR(N($BC8)=0,$BB8=""),"",$BB8-HeadClr-Undercut) | BF8: =IF($BA8="","",$BA8+2*FaceW+IF(N($Q8)>0,($Q8+FaceW)*IF($R8="LR",2,1),0)) | BG8: =IF($BB8="","",$BB8+IF($AB8="Y",4,FaceW)+IF(N($P8)>0,$P8+FaceW,0)+IF(OR($S8="4F",$S8="BL"),FaceW,0)) | BH8: =IF($BF8="","",$BF8+2*ROSide) | BI8: =IF($BG8="","",$BG8+ROTop) | BJ8: =IF(OR(N($BC8)=0,$BA8=""),"",$BA8/$BC8-ClearDeduct) | BK8: =IF(OR(N($BC8)=0,$BE8=""),"",IF(OR($AC8="HGC",$AP8="HGC"),"CONT",IF($BE8<=60,2,IF($BE8<=90,3,IF($BE8<=120,4,5))))) | BL8: =IF(N($BC8)=0,"",IF(OR($AL8="",$AL8="FLUSH"),"FLUSH",IFERROR(LEFT($AL8,FIND("-",$AL8)-1),LEFT($AL8,2)))) | BM8: =IF($BL8="","",IFERROR(VALUE(MID($AL8,FIND("-",$AL8)+1,FIND(CHAR(34)&"x",$AL8)-FIND("-",$AL8)-1)),0)) | BN8: =IF($BL8="","",IFERROR(VALUE(MID($AL8,FIND(CHAR(34)&"x",$AL8)+2,FIND(CHAR(34),$AL8,FIND(CHAR(34)&"x",$AL8)+2)-FIND(CHAR(34)&"x",$AL8)-2)),0)) | BO8: =IF(OR($A8="",$H8="",$H8="NO LAB"),0,IFERROR(VALUE(LEFT($H8,FIND(" ",$H8)-1)),0)) | BP8: =IF(OR($A8="",$I8="",$I8="NON-RATED",N($J8)=0),"",IFERROR(VLOOKUP($I8&"|"&$J8,IBC,2,FALSE),"?")) | BQ8: =IF(NOT(AND($A8<>"",$C8<>"DOOR ONLY")),"",TRIM(IFERROR(VLOOKUP($U8,CODES,2,FALSE),"")&" "&$AZ8&" "&IFERROR(VLOOKUP($Z8,CODES,2,FALSE),"")&" "&IFERROR(VLOOKUP($X8,CODES,2,FALSE),"")&" "&IFERROR(VLOOKUP($S8,CODES,2,FALSE),"")&IF(N($P8)>0," w/TRANSOM "&$P8&CHAR(34),"")&IF(N($Q8)>0," w/SIDELITE "&$Q8&CHAR(34)&" "&IF($R8="","R",$R8),"")&IF($Y8=""," | "," | "&IFERROR(VLOOKUP($Y8,CODES,2,FALSE),"")&" | ")&IFERROR(VLOOKUP($AC8,CODES,2,FALSE),"")&" "&IFERROR(VLOOKUP($AD8,CODES,2,FALSE),"")&IF(OR($AE8="",$AE8="-"),""," "&$AE8)&IF(OR($AF8="",$AF8="-"),""," "&$AF8)&IF($AB8="Y"," 4"&CHAR(34)&" HEAD","")&" "&IFERROR(VLOOKUP($H8,CODES,2,FALSE),""))) | BR8: =IF(NOT(AND($A8<>"",N($BC8)>0)),"",TRIM(IFERROR(VLOOKUP($AH8,CODES,2,FALSE),"")&IF($AI8=""," "," "&$AI8&"GA ")&$AZ8&" "&IF($AN8="",IFERROR(VLOOKUP($Z8,CODES,2,FALSE),""),IFERROR(VLOOKUP($AN8,CODES,2,FALSE),""))&IF($BC8=2," PAIR","")&" DOOR | "&IF($AL8="","?",$AL8)&" | "&IF($AP8="",IFERROR(VLOOKUP($AC8,CODES,2,FALSE),""),IFERROR(VLOOKUP($AP8,CODES,2,FALSE),""))&" "&IFERROR(VLOOKUP($AQ8,CODES,2,FALSE),"")&IF(OR($AR8="",$AR8="-"),""," SEAM "&$AR8)&IF($AS8="Y"," ASTRAGAL","")&IF($AJ8=""," "," "&$AJ8)&IF($AK8=""," "," "&$AK8)&IF($AO8="",""," "&$AO8)&IF($AM8=""," "," SERIES "&$AM8)&" "&IFERROR(VLOOKUP($H8,CODES,2,FALSE),""))) | BS8: =IF(BV8="","",IF(COUNTIF($BV$6:BV8,BV8)=1,MAX($BS$5:BS7)+1,INDEX($BS$5:BS7,MATCH(BV8,$BV$5:BV7,0)))) | BT8: =IF(NOT(AND($A8<>"",$C8<>"DOOR ONLY")),"",MAX($BT$5:BT7)+1) | BU8: =IF(NOT(AND($A8<>"",N($BC8)>0)),"",MAX($BU$5:BU7)+1) | BV8: =IF(OR($A8="",$BA8="",$BB8=""),"",$AZ8&"|"&$O8&"|"&$AL8&"|"&$S8&"|"&$P8&"|"&$Q8&$R8&"|"&$C8&"|"&$AB8) | BW8: =IF($A8="","",IF($B8="","qty, ","")&IF($C8="","scope, ","")&IF(OR($K8="",$M8=""),"size, ","")&IF(AND($A8<>"",$C8<>"DOOR ONLY"),IF($U8="","jamb depth, ","")&IF($X8="","construction, ","")&IF($Y8="","anchor, ","")&IF($S8="","frame type, ",""),"")&IF(AND(N($BC8)>0,$Z8=""),"hand, ","")&IF(N($BC8)>0,IF($AH8="","door material, ","")&IF($AL8="","face type, ","")&IF($AQ8="","lock prep, ","")&IF(AND($AP8="",$AC8=""),"hinge prep, ",""),"")&IF(AND($BO8>0,$AH8="FRP"),"FRP cannot carry a label, ","")&IF(AND($O8="Y",OR($Z8="L",$Z8="R",$Z8="LR",$Z8="RR")),"pair marked but hand is single, ","")&IF(AND($O8<>"Y",OR($Z8="PR",AND(LEN($Z8)>1,ISNUMBER(SEARCH("-",$Z8))))),"pair hand on a single door, ","")&IF(AND(ISNUMBER($BP8),$BO8<N($BP8)),"wall needs a "&$BP8&" min door, ","")&IF(AND($BO8>=180,AND(OR($BL8="FG",$BL8="HG",$BL8="FNV",$BL8="FV"),N($BM8)*N($BN8)>100)),"180 min lite over 100 sq in, ","")&IF(N($BD8)>48,"leaf wider than 4'-0"&CHAR(34)&", ","")) | BX8: =IF($A8="","",IF(AND($BO8>0,AND($A8<>"",$C8<>"DOOR ONLY"),$X8="KD",$E8="EXTERIOR"),"KD label on an exterior opening, ","")&IF(AND($E8="EXTERIOR",OR(AND(AND($A8<>"",$C8<>"DOOR ONLY"),$W8="CR"),AND(N($BC8)>0,$AH8="CR"))),"exterior in CR steel (G9?), ","")&IF(AND(ISNUMBER($BJ8),N($BJ8)<32),"clear width ~"&TEXT($BJ8,"0.0")&CHAR(34)&" under 32"&CHAR(34)&" (ADA), ","")&IF(AND($BO8=90,AND(OR($BL8="FG",$BL8="HG",$BL8="FNV",$BL8="FV"),N($BM8)*N($BN8)>100)),"90 min lite over 100 sq in (stair/exit), ","")&IF(AND($BO8>0,AND($A8<>"",$C8<>"DOOR ONLY"),OR($AF8="",$AF8="-")),"rated: closer reinf.?, ","")&IF(OR($I8="CORRIDOR",$I8="SMOKE BARRIER"),"S label + smoke gasketing, ","")&IF($BP8="?","wall type/hr not in IBC table, ","")&IF(AND(N($BC8)>0,$AU8=""),"no hardware set, ","")&IF(AND($AU8<>"",ISNA(MATCH($AU8,HWSets,0))),"set "&$AU8&" not on Hardware sheet, ","")&IF(N($BE8)>96,"leaf over 8'-0"&CHAR(34)&" - check listing, ",""))
A9: 104 | B9: 1 | C9: FRAME & DOOR | D9: GROUND | E9: EXTERIOR | F9: EXTERIOR | G9: LOBBY | H9: NO LAB | I9: EXTERIOR | J9: 0 | K9: 3 | L9: 0 | M9: 7 | N9: 0 | P9: 24 | Q9: 18 | R9: R | S9: 3FV | T9: M | U9: 658 | V9: 14 | W9: G9 | X9: WGS | Y9: WMA | Z9: L | AA9: CU | AB9: Y | AC9: HGC | AD9: G18 | AF9: E11 | AH9: RK | AI9: 16 | AL9: FG-24"x64" | AM9: 707 | AO9: CURRIES | AQ9: G11 | AU9: 3 | AW9: =IF($A9="","",IF($BW9<>"","FIX",IF($BX9<>"","CHECK","OK"))) | AX9: =IF($A9="","",IF($BW9<>"","FIX: "&LEFT($BW9,LEN($BW9)-2)&IF($BX9<>""," · ",""),"")&IF($BX9<>"","CHECK: "&LEFT($BX9,LEN($BX9)-2),"")) | AY9: =IF(OR($A9="",$K9=""),"",$K9&"'-"&N($L9)&CHAR(34)&" x "&$M9&"'-"&N($N9)&CHAR(34)) | AZ9: =IF(OR($A9="",$K9=""),"",$K9&N($L9)&$M9&N($N9)) | BA9: =IF(OR($A9="",$K9=""),"",$K9*12+N($L9)) | BB9: =IF(OR($A9="",$M9=""),"",$M9*12+N($N9)) | BC9: =IF($A9="","",IF(OR($C9="FRAME ONLY",$S9="BL"),0,IF($O9="Y",2,1))) | BD9: =IF(OR(N($BC9)=0,$BA9=""),"",($BA9-2*EdgeClr-IF($BC9=2,MeetClr,0))/$BC9) | BE9: =IF(OR(N($BC9)=0,$BB9=""),"",$BB9-HeadClr-Undercut) | BF9: =IF($BA9="","",$BA9+2*FaceW+IF(N($Q9)>0,($Q9+FaceW)*IF($R9="LR",2,1),0)) | BG9: =IF($BB9="","",$BB9+IF($AB9="Y",4,FaceW)+IF(N($P9)>0,$P9+FaceW,0)+IF(OR($S9="4F",$S9="BL"),FaceW,0)) | BH9: =IF($BF9="","",$BF9+2*ROSide) | BI9: =IF($BG9="","",$BG9+ROTop) | BJ9: =IF(OR(N($BC9)=0,$BA9=""),"",$BA9/$BC9-ClearDeduct) | BK9: =IF(OR(N($BC9)=0,$BE9=""),"",IF(OR($AC9="HGC",$AP9="HGC"),"CONT",IF($BE9<=60,2,IF($BE9<=90,3,IF($BE9<=120,4,5))))) | BL9: =IF(N($BC9)=0,"",IF(OR($AL9="",$AL9="FLUSH"),"FLUSH",IFERROR(LEFT($AL9,FIND("-",$AL9)-1),LEFT($AL9,2)))) | BM9: =IF($BL9="","",IFERROR(VALUE(MID($AL9,FIND("-",$AL9)+1,FIND(CHAR(34)&"x",$AL9)-FIND("-",$AL9)-1)),0)) | BN9: =IF($BL9="","",IFERROR(VALUE(MID($AL9,FIND(CHAR(34)&"x",$AL9)+2,FIND(CHAR(34),$AL9,FIND(CHAR(34)&"x",$AL9)+2)-FIND(CHAR(34)&"x",$AL9)-2)),0)) | BO9: =IF(OR($A9="",$H9="",$H9="NO LAB"),0,IFERROR(VALUE(LEFT($H9,FIND(" ",$H9)-1)),0)) | BP9: =IF(OR($A9="",$I9="",$I9="NON-RATED",N($J9)=0),"",IFERROR(VLOOKUP($I9&"|"&$J9,IBC,2,FALSE),"?")) | BQ9: =IF(NOT(AND($A9<>"",$C9<>"DOOR ONLY")),"",TRIM(IFERROR(VLOOKUP($U9,CODES,2,FALSE),"")&" "&$AZ9&" "&IFERROR(VLOOKUP($Z9,CODES,2,FALSE),"")&" "&IFERROR(VLOOKUP($X9,CODES,2,FALSE),"")&" "&IFERROR(VLOOKUP($S9,CODES,2,FALSE),"")&IF(N($P9)>0," w/TRANSOM "&$P9&CHAR(34),"")&IF(N($Q9)>0," w/SIDELITE "&$Q9&CHAR(34)&" "&IF($R9="","R",$R9),"")&IF($Y9=""," | "," | "&IFERROR(VLOOKUP($Y9,CODES,2,FALSE),"")&" | ")&IFERROR(VLOOKUP($AC9,CODES,2,FALSE),"")&" "&IFERROR(VLOOKUP($AD9,CODES,2,FALSE),"")&IF(OR($AE9="",$AE9="-"),""," "&$AE9)&IF(OR($AF9="",$AF9="-"),""," "&$AF9)&IF($AB9="Y"," 4"&CHAR(34)&" HEAD","")&" "&IFERROR(VLOOKUP($H9,CODES,2,FALSE),""))) | BR9: =IF(NOT(AND($A9<>"",N($BC9)>0)),"",TRIM(IFERROR(VLOOKUP($AH9,CODES,2,FALSE),"")&IF($AI9=""," "," "&$AI9&"GA ")&$AZ9&" "&IF($AN9="",IFERROR(VLOOKUP($Z9,CODES,2,FALSE),""),IFERROR(VLOOKUP($AN9,CODES,2,FALSE),""))&IF($BC9=2," PAIR","")&" DOOR | "&IF($AL9="","?",$AL9)&" | "&IF($AP9="",IFERROR(VLOOKUP($AC9,CODES,2,FALSE),""),IFERROR(VLOOKUP($AP9,CODES,2,FALSE),""))&" "&IFERROR(VLOOKUP($AQ9,CODES,2,FALSE),"")&IF(OR($AR9="",$AR9="-"),""," SEAM "&$AR9)&IF($AS9="Y"," ASTRAGAL","")&IF($AJ9=""," "," "&$AJ9)&IF($AK9=""," "," "&$AK9)&IF($AO9="",""," "&$AO9)&IF($AM9=""," "," SERIES "&$AM9)&" "&IFERROR(VLOOKUP($H9,CODES,2,FALSE),""))) | BS9: =IF(BV9="","",IF(COUNTIF($BV$6:BV9,BV9)=1,MAX($BS$5:BS8)+1,INDEX($BS$5:BS8,MATCH(BV9,$BV$5:BV8,0)))) | BT9: =IF(NOT(AND($A9<>"",$C9<>"DOOR ONLY")),"",MAX($BT$5:BT8)+1) | BU9: =IF(NOT(AND($A9<>"",N($BC9)>0)),"",MAX($BU$5:BU8)+1) | BV9: =IF(OR($A9="",$BA9="",$BB9=""),"",$AZ9&"|"&$O9&"|"&$AL9&"|"&$S9&"|"&$P9&"|"&$Q9&$R9&"|"&$C9&"|"&$AB9) | BW9: =IF($A9="","",IF($B9="","qty, ","")&IF($C9="","scope, ","")&IF(OR($K9="",$M9=""),"size, ","")&IF(AND($A9<>"",$C9<>"DOOR ONLY"),IF($U9="","jamb depth, ","")&IF($X9="","construction, ","")&IF($Y9="","anchor, ","")&IF($S9="","frame type, ",""),"")&IF(AND(N($BC9)>0,$Z9=""),"hand, ","")&IF(N($BC9)>0,IF($AH9="","door material, ","")&IF($AL9="","face type, ","")&IF($AQ9="","lock prep, ","")&IF(AND($AP9="",$AC9=""),"hinge prep, ",""),"")&IF(AND($BO9>0,$AH9="FRP"),"FRP cannot carry a label, ","")&IF(AND($O9="Y",OR($Z9="L",$Z9="R",$Z9="LR",$Z9="RR")),"pair marked but hand is single, ","")&IF(AND($O9<>"Y",OR($Z9="PR",AND(LEN($Z9)>1,ISNUMBER(SEARCH("-",$Z9))))),"pair hand on a single door, ","")&IF(AND(ISNUMBER($BP9),$BO9<N($BP9)),"wall needs a "&$BP9&" min door, ","")&IF(AND($BO9>=180,AND(OR($BL9="FG",$BL9="HG",$BL9="FNV",$BL9="FV"),N($BM9)*N($BN9)>100)),"180 min lite over 100 sq in, ","")&IF(N($BD9)>48,"leaf wider than 4'-0"&CHAR(34)&", ","")) | BX9: =IF($A9="","",IF(AND($BO9>0,AND($A9<>"",$C9<>"DOOR ONLY"),$X9="KD",$E9="EXTERIOR"),"KD label on an exterior opening, ","")&IF(AND($E9="EXTERIOR",OR(AND(AND($A9<>"",$C9<>"DOOR ONLY"),$W9="CR"),AND(N($BC9)>0,$AH9="CR"))),"exterior in CR steel (G9?), ","")&IF(AND(ISNUMBER($BJ9),N($BJ9)<32),"clear width ~"&TEXT($BJ9,"0.0")&CHAR(34)&" under 32"&CHAR(34)&" (ADA), ","")&IF(AND($BO9=90,AND(OR($BL9="FG",$BL9="HG",$BL9="FNV",$BL9="FV"),N($BM9)*N($BN9)>100)),"90 min lite over 100 sq in (stair/exit), ","")&IF(AND($BO9>0,AND($A9<>"",$C9<>"DOOR ONLY"),OR($AF9="",$AF9="-")),"rated: closer reinf.?, ","")&IF(OR($I9="CORRIDOR",$I9="SMOKE BARRIER"),"S label + smoke gasketing, ","")&IF($BP9="?","wall type/hr not in IBC table, ","")&IF(AND(N($BC9)>0,$AU9=""),"no hardware set, ","")&IF(AND($AU9<>"",ISNA(MATCH($AU9,HWSets,0))),"set "&$AU9&" not on Hardware sheet, ","")&IF(N($BE9)>96,"leaf over 8'-0"&CHAR(34)&" - check listing, ",""))
A10: 105 | B10: 2 | C10: FRAME ONLY | D10: 1st | E10: INTERIOR | F10: RECEPTION | G10: OFFICE | H10: NO LAB | K10: 4 | L10: 0 | M10: 3 | N10: 0 | S10: BL | T10: C | U10: 478 | V10: 16 | W10: CR | X10: KD | Y10: SC | AA10: CU | AC10: BLK | AW10: =IF($A10="","",IF($BW10<>"","FIX",IF($BX10<>"","CHECK","OK"))) | AX10: =IF($A10="","",IF($BW10<>"","FIX: "&LEFT($BW10,LEN($BW10)-2)&IF($BX10<>""," · ",""),"")&IF($BX10<>"","CHECK: "&LEFT($BX10,LEN($BX10)-2),"")) | AY10: =IF(OR($A10="",$K10=""),"",$K10&"'-"&N($L10)&CHAR(34)&" x "&$M10&"'-"&N($N10)&CHAR(34)) | AZ10: =IF(OR($A10="",$K10=""),"",$K10&N($L10)&$M10&N($N10)) | BA10: =IF(OR($A10="",$K10=""),"",$K10*12+N($L10)) | BB10: =IF(OR($A10="",$M10=""),"",$M10*12+N($N10)) | BC10: =IF($A10="","",IF(OR($C10="FRAME ONLY",$S10="BL"),0,IF($O10="Y",2,1))) | BD10: =IF(OR(N($BC10)=0,$BA10=""),"",($BA10-2*EdgeClr-IF($BC10=2,MeetClr,0))/$BC10) | BE10: =IF(OR(N($BC10)=0,$BB10=""),"",$BB10-HeadClr-Undercut) | BF10: =IF($BA10="","",$BA10+2*FaceW+IF(N($Q10)>0,($Q10+FaceW)*IF($R10="LR",2,1),0)) | BG10: =IF($BB10="","",$BB10+IF($AB10="Y",4,FaceW)+IF(N($P10)>0,$P10+FaceW,0)+IF(OR($S10="4F",$S10="BL"),FaceW,0)) | BH10: =IF($BF10="","",$BF10+2*ROSide) | BI10: =IF($BG10="","",$BG10+ROTop) | BJ10: =IF(OR(N($BC10)=0,$BA10=""),"",$BA10/$BC10-ClearDeduct) | BK10: =IF(OR(N($BC10)=0,$BE10=""),"",IF(OR($AC10="HGC",$AP10="HGC"),"CONT",IF($BE10<=60,2,IF($BE10<=90,3,IF($BE10<=120,4,5))))) | BL10: =IF(N($BC10)=0,"",IF(OR($AL10="",$AL10="FLUSH"),"FLUSH",IFERROR(LEFT($AL10,FIND("-",$AL10)-1),LEFT($AL10,2)))) | BM10: =IF($BL10="","",IFERROR(VALUE(MID($AL10,FIND("-",$AL10)+1,FIND(CHAR(34)&"x",$AL10)-FIND("-",$AL10)-1)),0)) | BN10: =IF($BL10="","",IFERROR(VALUE(MID($AL10,FIND(CHAR(34)&"x",$AL10)+2,FIND(CHAR(34),$AL10,FIND(CHAR(34)&"x",$AL10)+2)-FIND(CHAR(34)&"x",$AL10)-2)),0)) | BO10: =IF(OR($A10="",$H10="",$H10="NO LAB"),0,IFERROR(VALUE(LEFT($H10,FIND(" ",$H10)-1)),0)) | BP10: =IF(OR($A10="",$I10="",$I10="NON-RATED",N($J10)=0),"",IFERROR(VLOOKUP($I10&"|"&$J10,IBC,2,FALSE),"?")) | BQ10: =IF(NOT(AND($A10<>"",$C10<>"DOOR ONLY")),"",TRIM(IFERROR(VLOOKUP($U10,CODES,2,FALSE),"")&" "&$AZ10&" "&IFERROR(VLOOKUP($Z10,CODES,2,FALSE),"")&" "&IFERROR(VLOOKUP($X10,CODES,2,FALSE),"")&" "&IFERROR(VLOOKUP($S10,CODES,2,FALSE),"")&IF(N($P10)>0," w/TRANSOM "&$P10&CHAR(34),"")&IF(N($Q10)>0," w/SIDELITE "&$Q10&CHAR(34)&" "&IF($R10="","R",$R10),"")&IF($Y10=""," | "," | "&IFERROR(VLOOKUP($Y10,CODES,2,FALSE),"")&" | ")&IFERROR(VLOOKUP($AC10,CODES,2,FALSE),"")&" "&IFERROR(VLOOKUP($AD10,CODES,2,FALSE),"")&IF(OR($AE10="",$AE10="-"),""," "&$AE10)&IF(OR($AF10="",$AF10="-"),""," "&$AF10)&IF($AB10="Y"," 4"&CHAR(34)&" HEAD","")&" "&IFERROR(VLOOKUP($H10,CODES,2,FALSE),""))) | BR10: =IF(NOT(AND($A10<>"",N($BC10)>0)),"",TRIM(IFERROR(VLOOKUP($AH10,CODES,2,FALSE),"")&IF($AI10=""," "," "&$AI10&"GA ")&$AZ10&" "&IF($AN10="",IFERROR(VLOOKUP($Z10,CODES,2,FALSE),""),IFERROR(VLOOKUP($AN10,CODES,2,FALSE),""))&IF($BC10=2," PAIR","")&" DOOR | "&IF($AL10="","?",$AL10)&" | "&IF($AP10="",IFERROR(VLOOKUP($AC10,CODES,2,FALSE),""),IFERROR(VLOOKUP($AP10,CODES,2,FALSE),""))&" "&IFERROR(VLOOKUP($AQ10,CODES,2,FALSE),"")&IF(OR($AR10="",$AR10="-"),""," SEAM "&$AR10)&IF($AS10="Y"," ASTRAGAL","")&IF($AJ10=""," "," "&$AJ10)&IF($AK10=""," "," "&$AK10)&IF($AO10="",""," "&$AO10)&IF($AM10=""," "," SERIES "&$AM10)&" "&IFERROR(VLOOKUP($H10,CODES,2,FALSE),""))) | BS10: =IF(BV10="","",IF(COUNTIF($BV$6:BV10,BV10)=1,MAX($BS$5:BS9)+1,INDEX($BS$5:BS9,MATCH(BV10,$BV$5:BV9,0)))) | BT10: =IF(NOT(AND($A10<>"",$C10<>"DOOR ONLY")),"",MAX($BT$5:BT9)+1) | BU10: =IF(NOT(AND($A10<>"",N($BC10)>0)),"",MAX($BU$5:BU9)+1) | BV10: =IF(OR($A10="",$BA10="",$BB10=""),"",$AZ10&"|"&$O10&"|"&$AL10&"|"&$S10&"|"&$P10&"|"&$Q10&$R10&"|"&$C10&"|"&$AB10) | BW10: =IF($A10="","",IF($B10="","qty, ","")&IF($C10="","scope, ","")&IF(OR($K10="",$M10=""),"size, ","")&IF(AND($A10<>"",$C10<>"DOOR ONLY"),IF($U10="","jamb depth, ","")&IF($X10="","construction, ","")&IF($Y10="","anchor, ","")&IF($S10="","frame type, ",""),"")&IF(AND(N($BC10)>0,$Z10=""),"hand, ","")&IF(N($BC10)>0,IF($AH10="","door material, ","")&IF($AL10="","face type, ","")&IF($AQ10="","lock prep, ","")&IF(AND($AP10="",$AC10=""),"hinge prep, ",""),"")&IF(AND($BO10>0,$AH10="FRP"),"FRP cannot carry a label, ","")&IF(AND($O10="Y",OR($Z10="L",$Z10="R",$Z10="LR",$Z10="RR")),"pair marked but hand is single, ","")&IF(AND($O10<>"Y",OR($Z10="PR",AND(LEN($Z10)>1,ISNUMBER(SEARCH("-",$Z10))))),"pair hand on a single door, ","")&IF(AND(ISNUMBER($BP10),$BO10<N($BP10)),"wall needs a "&$BP10&" min door, ","")&IF(AND($BO10>=180,AND(OR($BL10="FG",$BL10="HG",$BL10="FNV",$BL10="FV"),N($BM10)*N($BN10)>100)),"180 min lite over 100 sq in, ","")&IF(N($BD10)>48,"leaf wider than 4'-0"&CHAR(34)&", ","")) | BX10: =IF($A10="","",IF(AND($BO10>0,AND($A10<>"",$C10<>"DOOR ONLY"),$X10="KD",$E10="EXTERIOR"),"KD label on an exterior opening, ","")&IF(AND($E10="EXTERIOR",OR(AND(AND($A10<>"",$C10<>"DOOR ONLY"),$W10="CR"),AND(N($BC10)>0,$AH10="CR"))),"exterior in CR steel (G9?), ","")&IF(AND(ISNUMBER($BJ10),N($BJ10)<32),"clear width ~"&TEXT($BJ10,"0.0")&CHAR(34)&" under 32"&CHAR(34)&" (ADA), ","")&IF(AND($BO10=90,AND(OR($BL10="FG",$BL10="HG",$BL10="FNV",$BL10="FV"),N($BM10)*N($BN10)>100)),"90 min lite over 100 sq in (stair/exit), ","")&IF(AND($BO10>0,AND($A10<>"",$C10<>"DOOR ONLY"),OR($AF10="",$AF10="-")),"rated: closer reinf.?, ","")&IF(OR($I10="CORRIDOR",$I10="SMOKE BARRIER"),"S label + smoke gasketing, ","")&IF($BP10="?","wall type/hr not in IBC table, ","")&IF(AND(N($BC10)>0,$AU10=""),"no hardware set, ","")&IF(AND($AU10<>"",ISNA(MATCH($AU10,HWSets,0))),"set "&$AU10&" not on Hardware sheet, ","")&IF(N($BE10)>96,"leaf over 8'-0"&CHAR(34)&" - check listing, ",""))
A11: 106 | B11: 1 | C11: FRAME & DOOR | D11: 2nd | E11: INTERIOR | F11: CORRIDOR | G11: MECH 201 | H11: 60 MIN | I11: FIRE BARRIER | J11: 2 | K11: 3 | L11: 6 | M11: 7 | N11: 0 | S11: 3F | T11: M | U11: 534 | V11: 16 | W11: CR | X11: KD | Y11: SC | Z11: L | AA11: CU | AC11: U453 | AD11: E1 | AF11: E11 | AH11: CR | AI11: 18 | AL11: FLUSH | AM11: 707 | AO11: CURRIES | AQ11: G2 | AU11: 1 | AW11: =IF($A11="","",IF($BW11<>"","FIX",IF($BX11<>"","CHECK","OK"))) | AX11: =IF($A11="","",IF($BW11<>"","FIX: "&LEFT($BW11,LEN($BW11)-2)&IF($BX11<>""," · ",""),"")&IF($BX11<>"","CHECK: "&LEFT($BX11,LEN($BX11)-2),"")) | AY11: =IF(OR($A11="",$K11=""),"",$K11&"'-"&N($L11)&CHAR(34)&" x "&$M11&"'-"&N($N11)&CHAR(34)) | AZ11: =IF(OR($A11="",$K11=""),"",$K11&N($L11)&$M11&N($N11)) | BA11: =IF(OR($A11="",$K11=""),"",$K11*12+N($L11)) | BB11: =IF(OR($A11="",$M11=""),"",$M11*12+N($N11)) | BC11: =IF($A11="","",IF(OR($C11="FRAME ONLY",$S11="BL"),0,IF($O11="Y",2,1))) | BD11: =IF(OR(N($BC11)=0,$BA11=""),"",($BA11-2*EdgeClr-IF($BC11=2,MeetClr,0))/$BC11) | BE11: =IF(OR(N($BC11)=0,$BB11=""),"",$BB11-HeadClr-Undercut) | BF11: =IF($BA11="","",$BA11+2*FaceW+IF(N($Q11)>0,($Q11+FaceW)*IF($R11="LR",2,1),0)) | BG11: =IF($BB11="","",$BB11+IF($AB11="Y",4,FaceW)+IF(N($P11)>0,$P11+FaceW,0)+IF(OR($S11="4F",$S11="BL"),FaceW,0)) | BH11: =IF($BF11="","",$BF11+2*ROSide) | BI11: =IF($BG11="","",$BG11+ROTop) | BJ11: =IF(OR(N($BC11)=0,$BA11=""),"",$BA11/$BC11-ClearDeduct) | BK11: =IF(OR(N($BC11)=0,$BE11=""),"",IF(OR($AC11="HGC",$AP11="HGC"),"CONT",IF($BE11<=60,2,IF($BE11<=90,3,IF($BE11<=120,4,5))))) | BL11: =IF(N($BC11)=0,"",IF(OR($AL11="",$AL11="FLUSH"),"FLUSH",IFERROR(LEFT($AL11,FIND("-",$AL11)-1),LEFT($AL11,2)))) | BM11: =IF($BL11="","",IFERROR(VALUE(MID($AL11,FIND("-",$AL11)+1,FIND(CHAR(34)&"x",$AL11)-FIND("-",$AL11)-1)),0)) | BN11: =IF($BL11="","",IFERROR(VALUE(MID($AL11,FIND(CHAR(34)&"x",$AL11)+2,FIND(CHAR(34),$AL11,FIND(CHAR(34)&"x",$AL11)+2)-FIND(CHAR(34)&"x",$AL11)-2)),0)) | BO11: =IF(OR($A11="",$H11="",$H11="NO LAB"),0,IFERROR(VALUE(LEFT($H11,FIND(" ",$H11)-1)),0)) | BP11: =IF(OR($A11="",$I11="",$I11="NON-RATED",N($J11)=0),"",IFERROR(VLOOKUP($I11&"|"&$J11,IBC,2,FALSE),"?")) | BQ11: =IF(NOT(AND($A11<>"",$C11<>"DOOR ONLY")),"",TRIM(IFERROR(VLOOKUP($U11,CODES,2,FALSE),"")&" "&$AZ11&" "&IFERROR(VLOOKUP($Z11,CODES,2,FALSE),"")&" "&IFERROR(VLOOKUP($X11,CODES,2,FALSE),"")&" "&IFERROR(VLOOKUP($S11,CODES,2,FALSE),"")&IF(N($P11)>0," w/TRANSOM "&$P11&CHAR(34),"")&IF(N($Q11)>0," w/SIDELITE "&$Q11&CHAR(34)&" "&IF($R11="","R",$R11),"")&IF($Y11=""," | "," | "&IFERROR(VLOOKUP($Y11,CODES,2,FALSE),"")&" | ")&IFERROR(VLOOKUP($AC11,CODES,2,FALSE),"")&" "&IFERROR(VLOOKUP($AD11,CODES,2,FALSE),"")&IF(OR($AE11="",$AE11="-"),""," "&$AE11)&IF(OR($AF11="",$AF11="-"),""," "&$AF11)&IF($AB11="Y"," 4"&CHAR(34)&" HEAD","")&" "&IFERROR(VLOOKUP($H11,CODES,2,FALSE),""))) | BR11: =IF(NOT(AND($A11<>"",N($BC11)>0)),"",TRIM(IFERROR(VLOOKUP($AH11,CODES,2,FALSE),"")&IF($AI11=""," "," "&$AI11&"GA ")&$AZ11&" "&IF($AN11="",IFERROR(VLOOKUP($Z11,CODES,2,FALSE),""),IFERROR(VLOOKUP($AN11,CODES,2,FALSE),""))&IF($BC11=2," PAIR","")&" DOOR | "&IF($AL11="","?",$AL11)&" | "&IF($AP11="",IFERROR(VLOOKUP($AC11,CODES,2,FALSE),""),IFERROR(VLOOKUP($AP11,CODES,2,FALSE),""))&" "&IFERROR(VLOOKUP($AQ11,CODES,2,FALSE),"")&IF(OR($AR11="",$AR11="-"),""," SEAM "&$AR11)&IF($AS11="Y"," ASTRAGAL","")&IF($AJ11=""," "," "&$AJ11)&IF($AK11=""," "," "&$AK11)&IF($AO11="",""," "&$AO11)&IF($AM11=""," "," SERIES "&$AM11)&" "&IFERROR(VLOOKUP($H11,CODES,2,FALSE),""))) | BS11: =IF(BV11="","",IF(COUNTIF($BV$6:BV11,BV11)=1,MAX($BS$5:BS10)+1,INDEX($BS$5:BS10,MATCH(BV11,$BV$5:BV10,0)))) | BT11: =IF(NOT(AND($A11<>"",$C11<>"DOOR ONLY")),"",MAX($BT$5:BT10)+1) | BU11: =IF(NOT(AND($A11<>"",N($BC11)>0)),"",MAX($BU$5:BU10)+1) | BV11: =IF(OR($A11="",$BA11="",$BB11=""),"",$AZ11&"|"&$O11&"|"&$AL11&"|"&$S11&"|"&$P11&"|"&$Q11&$R11&"|"&$C11&"|"&$AB11) | BW11: =IF($A11="","",IF($B11="","qty, ","")&IF($C11="","scope, ","")&IF(OR($K11="",$M11=""),"size, ","")&IF(AND($A11<>"",$C11<>"DOOR ONLY"),IF($U11="","jamb depth, ","")&IF($X11="","construction, ","")&IF($Y11="","anchor, ","")&IF($S11="","frame type, ",""),"")&IF(AND(N($BC11)>0,$Z11=""),"hand, ","")&IF(N($BC11)>0,IF($AH11="","door material, ","")&IF($AL11="","face type, ","")&IF($AQ11="","lock prep, ","")&IF(AND($AP11="",$AC11=""),"hinge prep, ",""),"")&IF(AND($BO11>0,$AH11="FRP"),"FRP cannot carry a label, ","")&IF(AND($O11="Y",OR($Z11="L",$Z11="R",$Z11="LR",$Z11="RR")),"pair marked but hand is single, ","")&IF(AND($O11<>"Y",OR($Z11="PR",AND(LEN($Z11)>1,ISNUMBER(SEARCH("-",$Z11))))),"pair hand on a single door, ","")&IF(AND(ISNUMBER($BP11),$BO11<N($BP11)),"wall needs a "&$BP11&" min door, ","")&IF(AND($BO11>=180,AND(OR($BL11="FG",$BL11="HG",$BL11="FNV",$BL11="FV"),N($BM11)*N($BN11)>100)),"180 min lite over 100 sq in, ","")&IF(N($BD11)>48,"leaf wider than 4'-0"&CHAR(34)&", ","")) | BX11: =IF($A11="","",IF(AND($BO11>0,AND($A11<>"",$C11<>"DOOR ONLY"),$X11="KD",$E11="EXTERIOR"),"KD label on an exterior opening, ","")&IF(AND($E11="EXTERIOR",OR(AND(AND($A11<>"",$C11<>"DOOR ONLY"),$W11="CR"),AND(N($BC11)>0,$AH11="CR"))),"exterior in CR steel (G9?), ","")&IF(AND(ISNUMBER($BJ11),N($BJ11)<32),"clear width ~"&TEXT($BJ11,"0.0")&CHAR(34)&" under 32"&CHAR(34)&" (ADA), ","")&IF(AND($BO11=90,AND(OR($BL11="FG",$BL11="HG",$BL11="FNV",$BL11="FV"),N($BM11)*N($BN11)>100)),"90 min lite over 100 sq in (stair/exit), ","")&IF(AND($BO11>0,AND($A11<>"",$C11<>"DOOR ONLY"),OR($AF11="",$AF11="-")),"rated: closer reinf.?, ","")&IF(OR($I11="CORRIDOR",$I11="SMOKE BARRIER"),"S label + smoke gasketing, ","")&IF($BP11="?","wall type/hr not in IBC table, ","")&IF(AND(N($BC11)>0,$AU11=""),"no hardware set, ","")&IF(AND($AU11<>"",ISNA(MATCH($AU11,HWSets,0))),"set "&$AU11&" not on Hardware sheet, ","")&IF(N($BE11)>96,"leaf over 8'-0"&CHAR(34)&" - check listing, ",""))
A12: 107 | B12: 2 | C12: DOOR ONLY | D12: 2nd | E12: INTERIOR | F12: OFFICE | G12: TOILET | H12: NO LAB | I12: NON-RATED | K12: 2 | L12: 8 | M12: 7 | N12: 0 | Z12: RR | AC12: U453 | AH12: BIR-PC | AJ12: PC | AK12: RWB | AL12: FLUSH | AQ12: G2 | AU12: 1 | AW12: =IF($A12="","",IF($BW12<>"","FIX",IF($BX12<>"","CHECK","OK"))) | AX12: =IF($A12="","",IF($BW12<>"","FIX: "&LEFT($BW12,LEN($BW12)-2)&IF($BX12<>""," · ",""),"")&IF($BX12<>"","CHECK: "&LEFT($BX12,LEN($BX12)-2),"")) | AY12: =IF(OR($A12="",$K12=""),"",$K12&"'-"&N($L12)&CHAR(34)&" x "&$M12&"'-"&N($N12)&CHAR(34)) | AZ12: =IF(OR($A12="",$K12=""),"",$K12&N($L12)&$M12&N($N12)) | BA12: =IF(OR($A12="",$K12=""),"",$K12*12+N($L12)) | BB12: =IF(OR($A12="",$M12=""),"",$M12*12+N($N12)) | BC12: =IF($A12="","",IF(OR($C12="FRAME ONLY",$S12="BL"),0,IF($O12="Y",2,1))) | BD12: =IF(OR(N($BC12)=0,$BA12=""),"",($BA12-2*EdgeClr-IF($BC12=2,MeetClr,0))/$BC12) | BE12: =IF(OR(N($BC12)=0,$BB12=""),"",$BB12-HeadClr-Undercut) | BF12: =IF($BA12="","",$BA12+2*FaceW+IF(N($Q12)>0,($Q12+FaceW)*IF($R12="LR",2,1),0)) | BG12: =IF($BB12="","",$BB12+IF($AB12="Y",4,FaceW)+IF(N($P12)>0,$P12+FaceW,0)+IF(OR($S12="4F",$S12="BL"),FaceW,0)) | BH12: =IF($BF12="","",$BF12+2*ROSide) | BI12: =IF($BG12="","",$BG12+ROTop) | BJ12: =IF(OR(N($BC12)=0,$BA12=""),"",$BA12/$BC12-ClearDeduct) | BK12: =IF(OR(N($BC12)=0,$BE12=""),"",IF(OR($AC12="HGC",$AP12="HGC"),"CONT",IF($BE12<=60,2,IF($BE12<=90,3,IF($BE12<=120,4,5))))) | BL12: =IF(N($BC12)=0,"",IF(OR($AL12="",$AL12="FLUSH"),"FLUSH",IFERROR(LEFT($AL12,FIND("-",$AL12)-1),LEFT($AL12,2)))) | BM12: =IF($BL12="","",IFERROR(VALUE(MID($AL12,FIND("-",$AL12)+1,FIND(CHAR(34)&"x",$AL12)-FIND("-",$AL12)-1)),0)) | BN12: =IF($BL12="","",IFERROR(VALUE(MID($AL12,FIND(CHAR(34)&"x",$AL12)+2,FIND(CHAR(34),$AL12,FIND(CHAR(34)&"x",$AL12)+2)-FIND(CHAR(34)&"x",$AL12)-2)),0)) | BO12: =IF(OR($A12="",$H12="",$H12="NO LAB"),0,IFERROR(VALUE(LEFT($H12,FIND(" ",$H12)-1)),0)) | BP12: =IF(OR($A12="",$I12="",$I12="NON-RATED",N($J12)=0),"",IFERROR(VLOOKUP($I12&"|"&$J12,IBC,2,FALSE),"?")) | BQ12: =IF(NOT(AND($A12<>"",$C12<>"DOOR ONLY")),"",TRIM(IFERROR(VLOOKUP($U12,CODES,2,FALSE),"")&" "&$AZ12&" "&IFERROR(VLOOKUP($Z12,CODES,2,FALSE),"")&" "&IFERROR(VLOOKUP($X12,CODES,2,FALSE),"")&" "&IFERROR(VLOOKUP($S12,CODES,2,FALSE),"")&IF(N($P12)>0," w/TRANSOM "&$P12&CHAR(34),"")&IF(N($Q12)>0," w/SIDELITE "&$Q12&CHAR(34)&" "&IF($R12="","R",$R12),"")&IF($Y12=""," | "," | "&IFERROR(VLOOKUP($Y12,CODES,2,FALSE),"")&" | ")&IFERROR(VLOOKUP($AC12,CODES,2,FALSE),"")&" "&IFERROR(VLOOKUP($AD12,CODES,2,FALSE),"")&IF(OR($AE12="",$AE12="-"),""," "&$AE12)&IF(OR($AF12="",$AF12="-"),""," "&$AF12)&IF($AB12="Y"," 4"&CHAR(34)&" HEAD","")&" "&IFERROR(VLOOKUP($H12,CODES,2,FALSE),""))) | BR12: =IF(NOT(AND($A12<>"",N($BC12)>0)),"",TRIM(IFERROR(VLOOKUP($AH12,CODES,2,FALSE),"")&IF($AI12=""," "," "&$AI12&"GA ")&$AZ12&" "&IF($AN12="",IFERROR(VLOOKUP($Z12,CODES,2,FALSE),""),IFERROR(VLOOKUP($AN12,CODES,2,FALSE),""))&IF($BC12=2," PAIR","")&" DOOR | "&IF($AL12="","?",$AL12)&" | "&IF($AP12="",IFERROR(VLOOKUP($AC12,CODES,2,FALSE),""),IFERROR(VLOOKUP($AP12,CODES,2,FALSE),""))&" "&IFERROR(VLOOKUP($AQ12,CODES,2,FALSE),"")&IF(OR($AR12="",$AR12="-"),""," SEAM "&$AR12)&IF($AS12="Y"," ASTRAGAL","")&IF($AJ12=""," "," "&$AJ12)&IF($AK12=""," "," "&$AK12)&IF($AO12="",""," "&$AO12)&IF($AM12=""," "," SERIES "&$AM12)&" "&IFERROR(VLOOKUP($H12,CODES,2,FALSE),""))) | BS12: =IF(BV12="","",IF(COUNTIF($BV$6:BV12,BV12)=1,MAX($BS$5:BS11)+1,INDEX($BS$5:BS11,MATCH(BV12,$BV$5:BV11,0)))) | BT12: =IF(NOT(AND($A12<>"",$C12<>"DOOR ONLY")),"",MAX($BT$5:BT11)+1) | BU12: =IF(NOT(AND($A12<>"",N($BC12)>0)),"",MAX($BU$5:BU11)+1) | BV12: =IF(OR($A12="",$BA12="",$BB12=""),"",$AZ12&"|"&$O12&"|"&$AL12&"|"&$S12&"|"&$P12&"|"&$Q12&$R12&"|"&$C12&"|"&$AB12) | BW12: =IF($A12="","",IF($B12="","qty, ","")&IF($C12="","scope, ","")&IF(OR($K12="",$M12=""),"size, ","")&IF(AND($A12<>"",$C12<>"DOOR ONLY"),IF($U12="","jamb depth, ","")&IF($X12="","construction, ","")&IF($Y12="","anchor, ","")&IF($S12="","frame type, ",""),"")&IF(AND(N($BC12)>0,$Z12=""),"hand, ","")&IF(N($BC12)>0,IF($AH12="","door material, ","")&IF($AL12="","face type, ","")&IF($AQ12="","lock prep, ","")&IF(AND($AP12="",$AC12=""),"hinge prep, ",""),"")&IF(AND($BO12>0,$AH12="FRP"),"FRP cannot carry a label, ","")&IF(AND($O12="Y",OR($Z12="L",$Z12="R",$Z12="LR",$Z12="RR")),"pair marked but hand is single, ","")&IF(AND($O12<>"Y",OR($Z12="PR",AND(LEN($Z12)>1,ISNUMBER(SEARCH("-",$Z12))))),"pair hand on a single door, ","")&IF(AND(ISNUMBER($BP12),$BO12<N($BP12)),"wall needs a "&$BP12&" min door, ","")&IF(AND($BO12>=180,AND(OR($BL12="FG",$BL12="HG",$BL12="FNV",$BL12="FV"),N($BM12)*N($BN12)>100)),"180 min lite over 100 sq in, ","")&IF(N($BD12)>48,"leaf wider than 4'-0"&CHAR(34)&", ","")) | BX12: =IF($A12="","",IF(AND($BO12>0,AND($A12<>"",$C12<>"DOOR ONLY"),$X12="KD",$E12="EXTERIOR"),"KD label on an exterior opening, ","")&IF(AND($E12="EXTERIOR",OR(AND(AND($A12<>"",$C12<>"DOOR ONLY"),$W12="CR"),AND(N($BC12)>0,$AH12="CR"))),"exterior in CR steel (G9?), ","")&IF(AND(ISNUMBER($BJ12),N($BJ12)<32),"clear width ~"&TEXT($BJ12,"0.0")&CHAR(34)&" under 32"&CHAR(34)&" (ADA), ","")&IF(AND($BO12=90,AND(OR($BL12="FG",$BL12="HG",$BL12="FNV",$BL12="FV"),N($BM12)*N($BN12)>100)),"90 min lite over 100 sq in (stair/exit), ","")&IF(AND($BO12>0,AND($A12<>"",$C12<>"DOOR ONLY"),OR($AF12="",$AF12="-")),"rated: closer reinf.?, ","")&IF(OR($I12="CORRIDOR",$I12="SMOKE BARRIER"),"S label + smoke gasketing, ","")&IF($BP12="?","wall type/hr not in IBC table, ","")&IF(AND(N($BC12)>0,$AU12=""),"no hardware set, ","")&IF(AND($AU12<>"",ISNA(MATCH($AU12,HWSets,0))),"set "&$AU12&" not on Hardware sheet, ","")&IF(N($BE12)>96,"leaf over 8'-0"&CHAR(34)&" - check listing, ",""))
A13: 108 | B13: 1 | C13: FRAME & DOOR | D13: 2nd | E13: INTERIOR | F13: CORRIDOR | G13: CONFERENCE | H13: 20 MIN | I13: CORRIDOR | J13: 1 | K13: 6 | L13: 0 | M13: 8 | N13: 0 | O13: Y | S13: 3F | T13: M | U13: 534 | V13: 16 | W13: CR | X13: KD | Y13: SC | Z13: LR-A | AA13: CU | AC13: U454 | AD13: E1 | AF13: E11 | AH13: MAP-MC | AJ13: MC | AK13: PWM | AL13: FG-22"x64" (WD) | AQ13: G2 | AS13: Y | AU13: 2 | AW13: =IF($A13="","",IF($BW13<>"","FIX",IF($BX13<>"","CHECK","OK"))) | AX13: =IF($A13="","",IF($BW13<>"","FIX: "&LEFT($BW13,LEN($BW13)-2)&IF($BX13<>""," · ",""),"")&IF($BX13<>"","CHECK: "&LEFT($BX13,LEN($BX13)-2),"")) | AY13: =IF(OR($A13="",$K13=""),"",$K13&"'-"&N($L13)&CHAR(34)&" x "&$M13&"'-"&N($N13)&CHAR(34)) | AZ13: =IF(OR($A13="",$K13=""),"",$K13&N($L13)&$M13&N($N13)) | BA13: =IF(OR($A13="",$K13=""),"",$K13*12+N($L13)) | BB13: =IF(OR($A13="",$M13=""),"",$M13*12+N($N13)) | BC13: =IF($A13="","",IF(OR($C13="FRAME ONLY",$S13="BL"),0,IF($O13="Y",2,1))) | BD13: =IF(OR(N($BC13)=0,$BA13=""),"",($BA13-2*EdgeClr-IF($BC13=2,MeetClr,0))/$BC13) | BE13: =IF(OR(N($BC13)=0,$BB13=""),"",$BB13-HeadClr-Undercut) | BF13: =IF($BA13="","",$BA13+2*FaceW+IF(N($Q13)>0,($Q13+FaceW)*IF($R13="LR",2,1),0)) | BG13: =IF($BB13="","",$BB13+IF($AB13="Y",4,FaceW)+IF(N($P13)>0,$P13+FaceW,0)+IF(OR($S13="4F",$S13="BL"),FaceW,0)) | BH13: =IF($BF13="","",$BF13+2*ROSide) | BI13: =IF($BG13="","",$BG13+ROTop) | BJ13: =IF(OR(N($BC13)=0,$BA13=""),"",$BA13/$BC13-ClearDeduct) | BK13: =IF(OR(N($BC13)=0,$BE13=""),"",IF(OR($AC13="HGC",$AP13="HGC"),"CONT",IF($BE13<=60,2,IF($BE13<=90,3,IF($BE13<=120,4,5))))) | BL13: =IF(N($BC13)=0,"",IF(OR($AL13="",$AL13="FLUSH"),"FLUSH",IFERROR(LEFT($AL13,FIND("-",$AL13)-1),LEFT($AL13,2)))) | BM13: =IF($BL13="","",IFERROR(VALUE(MID($AL13,FIND("-",$AL13)+1,FIND(CHAR(34)&"x",$AL13)-FIND("-",$AL13)-1)),0)) | BN13: =IF($BL13="","",IFERROR(VALUE(MID($AL13,FIND(CHAR(34)&"x",$AL13)+2,FIND(CHAR(34),$AL13,FIND(CHAR(34)&"x",$AL13)+2)-FIND(CHAR(34)&"x",$AL13)-2)),0)) | BO13: =IF(OR($A13="",$H13="",$H13="NO LAB"),0,IFERROR(VALUE(LEFT($H13,FIND(" ",$H13)-1)),0)) | BP13: =IF(OR($A13="",$I13="",$I13="NON-RATED",N($J13)=0),"",IFERROR(VLOOKUP($I13&"|"&$J13,IBC,2,FALSE),"?")) | BQ13: =IF(NOT(AND($A13<>"",$C13<>"DOOR ONLY")),"",TRIM(IFERROR(VLOOKUP($U13,CODES,2,FALSE),"")&" "&$AZ13&" "&IFERROR(VLOOKUP($Z13,CODES,2,FALSE),"")&" "&IFERROR(VLOOKUP($X13,CODES,2,FALSE),"")&" "&IFERROR(VLOOKUP($S13,CODES,2,FALSE),"")&IF(N($P13)>0," w/TRANSOM "&$P13&CHAR(34),"")&IF(N($Q13)>0," w/SIDELITE "&$Q13&CHAR(34)&" "&IF($R13="","R",$R13),"")&IF($Y13=""," | "," | "&IFERROR(VLOOKUP($Y13,CODES,2,FALSE),"")&" | ")&IFERROR(VLOOKUP($AC13,CODES,2,FALSE),"")&" "&IFERROR(VLOOKUP($AD13,CODES,2,FALSE),"")&IF(OR($AE13="",$AE13="-"),""," "&$AE13)&IF(OR($AF13="",$AF13="-"),""," "&$AF13)&IF($AB13="Y"," 4"&CHAR(34)&" HEAD","")&" "&IFERROR(VLOOKUP($H13,CODES,2,FALSE),""))) | BR13: =IF(NOT(AND($A13<>"",N($BC13)>0)),"",TRIM(IFERROR(VLOOKUP($AH13,CODES,2,FALSE),"")&IF($AI13=""," "," "&$AI13&"GA ")&$AZ13&" "&IF($AN13="",IFERROR(VLOOKUP($Z13,CODES,2,FALSE),""),IFERROR(VLOOKUP($AN13,CODES,2,FALSE),""))&IF($BC13=2," PAIR","")&" DOOR | "&IF($AL13="","?",$AL13)&" | "&IF($AP13="",IFERROR(VLOOKUP($AC13,CODES,2,FALSE),""),IFERROR(VLOOKUP($AP13,CODES,2,FALSE),""))&" "&IFERROR(VLOOKUP($AQ13,CODES,2,FALSE),"")&IF(OR($AR13="",$AR13="-"),""," SEAM "&$AR13)&IF($AS13="Y"," ASTRAGAL","")&IF($AJ13=""," "," "&$AJ13)&IF($AK13=""," "," "&$AK13)&IF($AO13="",""," "&$AO13)&IF($AM13=""," "," SERIES "&$AM13)&" "&IFERROR(VLOOKUP($H13,CODES,2,FALSE),""))) | BS13: =IF(BV13="","",IF(COUNTIF($BV$6:BV13,BV13)=1,MAX($BS$5:BS12)+1,INDEX($BS$5:BS12,MATCH(BV13,$BV$5:BV12,0)))) | BT13: =IF(NOT(AND($A13<>"",$C13<>"DOOR ONLY")),"",MAX($BT$5:BT12)+1) | BU13: =IF(NOT(AND($A13<>"",N($BC13)>0)),"",MAX($BU$5:BU12)+1) | BV13: =IF(OR($A13="",$BA13="",$BB13=""),"",$AZ13&"|"&$O13&"|"&$AL13&"|"&$S13&"|"&$P13&"|"&$Q13&$R13&"|"&$C13&"|"&$AB13) | BW13: =IF($A13="","",IF($B13="","qty, ","")&IF($C13="","scope, ","")&IF(OR($K13="",$M13=""),"size, ","")&IF(AND($A13<>"",$C13<>"DOOR ONLY"),IF($U13="","jamb depth, ","")&IF($X13="","construction, ","")&IF($Y13="","anchor, ","")&IF($S13="","frame type, ",""),"")&IF(AND(N($BC13)>0,$Z13=""),"hand, ","")&IF(N($BC13)>0,IF($AH13="","door material, ","")&IF($AL13="","face type, ","")&IF($AQ13="","lock prep, ","")&IF(AND($AP13="",$AC13=""),"hinge prep, ",""),"")&IF(AND($BO13>0,$AH13="FRP"),"FRP cannot carry a label, ","")&IF(AND($O13="Y",OR($Z13="L",$Z13="R",$Z13="LR",$Z13="RR")),"pair marked but hand is single, ","")&IF(AND($O13<>"Y",OR($Z13="PR",AND(LEN($Z13)>1,ISNUMBER(SEARCH("-",$Z13))))),"pair hand on a single door, ","")&IF(AND(ISNUMBER($BP13),$BO13<N($BP13)),"wall needs a "&$BP13&" min door, ","")&IF(AND($BO13>=180,AND(OR($BL13="FG",$BL13="HG",$BL13="FNV",$BL13="FV"),N($BM13)*N($BN13)>100)),"180 min lite over 100 sq in, ","")&IF(N($BD13)>48,"leaf wider than 4'-0"&CHAR(34)&", ","")) | BX13: =IF($A13="","",IF(AND($BO13>0,AND($A13<>"",$C13<>"DOOR ONLY"),$X13="KD",$E13="EXTERIOR"),"KD label on an exterior opening, ","")&IF(AND($E13="EXTERIOR",OR(AND(AND($A13<>"",$C13<>"DOOR ONLY"),$W13="CR"),AND(N($BC13)>0,$AH13="CR"))),"exterior in CR steel (G9?), ","")&IF(AND(ISNUMBER($BJ13),N($BJ13)<32),"clear width ~"&TEXT($BJ13,"0.0")&CHAR(34)&" under 32"&CHAR(34)&" (ADA), ","")&IF(AND($BO13=90,AND(OR($BL13="FG",$BL13="HG",$BL13="FNV",$BL13="FV"),N($BM13)*N($BN13)>100)),"90 min lite over 100 sq in (stair/exit), ","")&IF(AND($BO13>0,AND($A13<>"",$C13<>"DOOR ONLY"),OR($AF13="",$AF13="-")),"rated: closer reinf.?, ","")&IF(OR($I13="CORRIDOR",$I13="SMOKE BARRIER"),"S label + smoke gasketing, ","")&IF($BP13="?","wall type/hr not in IBC table, ","")&IF(AND(N($BC13)>0,$AU13=""),"no hardware set, ","")&IF(AND($AU13<>"",ISNA(MATCH($AU13,HWSets,0))),"set "&$AU13&" not on Hardware sheet, ","")&IF(N($BE13)>96,"leaf over 8'-0"&CHAR(34)&" - check listing, ",""))
AW14: =IF($A14="","",IF($BW14<>"","FIX",IF($BX14<>"","CHECK","OK"))) | AX14: =IF($A14="","",IF($BW14<>"","FIX: "&LEFT($BW14,LEN($BW14)-2)&IF($BX14<>""," · ",""),"")&IF($BX14<>"","CHECK: "&LEFT($BX14,LEN($BX14)-2),"")) | AY14: =IF(OR($A14="",$K14=""),"",$K14&"'-"&N($L14)&CHAR(34)&" x "&$M14&"'-"&N($N14)&CHAR(34)) | AZ14: =IF(OR($A14="",$K14=""),"",$K14&N($L14)&$M14&N($N14)) | BA14: =IF(OR($A14="",$K14=""),"",$K14*12+N($L14)) | BB14: =IF(OR($A14="",$M14=""),"",$M14*12+N($N14)) | BC14: =IF($A14="","",IF(OR($C14="FRAME ONLY",$S14="BL"),0,IF($O14="Y",2,1))) | BD14: =IF(OR(N($BC14)=0,$BA14=""),"",($BA14-2*EdgeClr-IF($BC14=2,MeetClr,0))/$BC14) | BE14: =IF(OR(N($BC14)=0,$BB14=""),"",$BB14-HeadClr-Undercut) | BF14: =IF($BA14="","",$BA14+2*FaceW+IF(N($Q14)>0,($Q14+FaceW)*IF($R14="LR",2,1),0)) | BG14: =IF($BB14="","",$BB14+IF($AB14="Y",4,FaceW)+IF(N($P14)>0,$P14+FaceW,0)+IF(OR($S14="4F",$S14="BL"),FaceW,0)) | BH14: =IF($BF14="","",$BF14+2*ROSide) | BI14: =IF($BG14="","",$BG14+ROTop) | BJ14: =IF(OR(N($BC14)=0,$BA14=""),"",$BA14/$BC14-ClearDeduct) | BK14: =IF(OR(N($BC14)=0,$BE14=""),"",IF(OR($AC14="HGC",$AP14="HGC"),"CONT",IF($BE14<=60,2,IF($BE14<=90,3,IF($BE14<=120,4,5))))) | BL14: =IF(N($BC14)=0,"",IF(OR($AL14="",$AL14="FLUSH"),"FLUSH",IFERROR(LEFT($AL14,FIND("-",$AL14)-1),LEFT($AL14,2)))) | BM14: =IF($BL14="","",IFERROR(VALUE(MID($AL14,FIND("-",$AL14)+1,FIND(CHAR(34)&"x",$AL14)-FIND("-",$AL14)-1)),0)) | BN14: =IF($BL14="","",IFERROR(VALUE(MID($AL14,FIND(CHAR(34)&"x",$AL14)+2,FIND(CHAR(34),$AL14,FIND(CHAR(34)&"x",$AL14)+2)-FIND(CHAR(34)&"x",$AL14)-2)),0)) | BO14: =IF(OR($A14="",$H14="",$H14="NO LAB"),0,IFERROR(VALUE(LEFT($H14,FIND(" ",$H14)-1)),0)) | BP14: =IF(OR($A14="",$I14="",$I14="NON-RATED",N($J14)=0),"",IFERROR(VLOOKUP($I14&"|"&$J14,IBC,2,FALSE),"?")) | BQ14: =IF(NOT(AND($A14<>"",$C14<>"DOOR ONLY")),"",TRIM(IFERROR(VLOOKUP($U14,CODES,2,FALSE),"")&" "&$AZ14&" "&IFERROR(VLOOKUP($Z14,CODES,2,FALSE),"")&" "&IFERROR(VLOOKUP($X14,CODES,2,FALSE),"")&" "&IFERROR(VLOOKUP($S14,CODES,2,FALSE),"")&IF(N($P14)>0," w/TRANSOM "&$P14&CHAR(34),"")&IF(N($Q14)>0," w/SIDELITE "&$Q14&CHAR(34)&" "&IF($R14="","R",$R14),"")&IF($Y14=""," | "," | "&IFERROR(VLOOKUP($Y14,CODES,2,FALSE),"")&" | ")&IFERROR(VLOOKUP($AC14,CODES,2,FALSE),"")&" "&IFERROR(VLOOKUP($AD14,CODES,2,FALSE),"")&IF(OR($AE14="",$AE14="-"),""," "&$AE14)&IF(OR($AF14="",$AF14="-"),""," "&$AF14)&IF($AB14="Y"," 4"&CHAR(34)&" HEAD","")&" "&IFERROR(VLOOKUP($H14,CODES,2,FALSE),""))) | BR14: =IF(NOT(AND($A14<>"",N($BC14)>0)),"",TRIM(IFERROR(VLOOKUP($AH14,CODES,2,FALSE),"")&IF($AI14=""," "," "&$AI14&"GA ")&$AZ14&" "&IF($AN14="",IFERROR(VLOOKUP($Z14,CODES,2,FALSE),""),IFERROR(VLOOKUP($AN14,CODES,2,FALSE),""))&IF($BC14=2," PAIR","")&" DOOR | "&IF($AL14="","?",$AL14)&" | "&IF($AP14="",IFERROR(VLOOKUP($AC14,CODES,2,FALSE),""),IFERROR(VLOOKUP($AP14,CODES,2,FALSE),""))&" "&IFERROR(VLOOKUP($AQ14,CODES,2,FALSE),"")&IF(OR($AR14="",$AR14="-"),""," SEAM "&$AR14)&IF($AS14="Y"," ASTRAGAL","")&IF($AJ14=""," "," "&$AJ14)&IF($AK14=""," "," "&$AK14)&IF($AO14="",""," "&$AO14)&IF($AM14=""," "," SERIES "&$AM14)&" "&IFERROR(VLOOKUP($H14,CODES,2,FALSE),""))) | BS14: =IF(BV14="","",IF(COUNTIF($BV$6:BV14,BV14)=1,MAX($BS$5:BS13)+1,INDEX($BS$5:BS13,MATCH(BV14,$BV$5:BV13,0)))) | BT14: =IF(NOT(AND($A14<>"",$C14<>"DOOR ONLY")),"",MAX($BT$5:BT13)+1) | BU14: =IF(NOT(AND($A14<>"",N($BC14)>0)),"",MAX($BU$5:BU13)+1) | BV14: =IF(OR($A14="",$BA14="",$BB14=""),"",$AZ14&"|"&$O14&"|"&$AL14&"|"&$S14&"|"&$P14&"|"&$Q14&$R14&"|"&$C14&"|"&$AB14) | BW14: =IF($A14="","",IF($B14="","qty, ","")&IF($C14="","scope, ","")&IF(OR($K14="",$M14=""),"size, ","")&IF(AND($A14<>"",$C14<>"DOOR ONLY"),IF($U14="","jamb depth, ","")&IF($X14="","construction, ","")&IF($Y14="","anchor, ","")&IF($S14="","frame type, ",""),"")&IF(AND(N($BC14)>0,$Z14=""),"hand, ","")&IF(N($BC14)>0,IF($AH14="","door material, ","")&IF($AL14="","face type, ","")&IF($AQ14="","lock prep, ","")&IF(AND($AP14="",$AC14=""),"hinge prep, ",""),"")&IF(AND($BO14>0,$AH14="FRP"),"FRP cannot carry a label, ","")&IF(AND($O14="Y",OR($Z14="L",$Z14="R",$Z14="LR",$Z14="RR")),"pair marked but hand is single, ","")&IF(AND($O14<>"Y",OR($Z14="PR",AND(LEN($Z14)>1,ISNUMBER(SEARCH("-",$Z14))))),"pair hand on a single door, ","")&IF(AND(ISNUMBER($BP14),$BO14<N($BP14)),"wall needs a "&$BP14&" min door, ","")&IF(AND($BO14>=180,AND(OR($BL14="FG",$BL14="HG",$BL14="FNV",$BL14="FV"),N($BM14)*N($BN14)>100)),"180 min lite over 100 sq in, ","")&IF(N($BD14)>48,"leaf wider than 4'-0"&CHAR(34)&", ","")) | BX14: =IF($A14="","",IF(AND($BO14>0,AND($A14<>"",$C14<>"DOOR ONLY"),$X14="KD",$E14="EXTERIOR"),"KD label on an exterior opening, ","")&IF(AND($E14="EXTERIOR",OR(AND(AND($A14<>"",$C14<>"DOOR ONLY"),$W14="CR"),AND(N($BC14)>0,$AH14="CR"))),"exterior in CR steel (G9?), ","")&IF(AND(ISNUMBER($BJ14),N($BJ14)<32),"clear width ~"&TEXT($BJ14,"0.0")&CHAR(34)&" under 32"&CHAR(34)&" (ADA), ","")&IF(AND($BO14=90,AND(OR($BL14="FG",$BL14="HG",$BL14="FNV",$BL14="FV"),N($BM14)*N($BN14)>100)),"90 min lite over 100 sq in (stair/exit), ","")&IF(AND($BO14>0,AND($A14<>"",$C14<>"DOOR ONLY"),OR($AF14="",$AF14="-")),"rated: closer reinf.?, ","")&IF(OR($I14="CORRIDOR",$I14="SMOKE BARRIER"),"S label + smoke gasketing, ","")&IF($BP14="?","wall type/hr not in IBC table, ","")&IF(AND(N($BC14)>0,$AU14=""),"no hardware set, ","")&IF(AND($AU14<>"",ISNA(MATCH($AU14,HWSets,0))),"set "&$AU14&" not on Hardware sheet, ","")&IF(N($BE14)>96,"leaf over 8'-0"&CHAR(34)&" - check listing, ",""))
AW15: =IF($A15="","",IF($BW15<>"","FIX",IF($BX15<>"","CHECK","OK"))) | AX15: =IF($A15="","",IF($BW15<>"","FIX: "&LEFT($BW15,LEN($BW15)-2)&IF($BX15<>""," · ",""),"")&IF($BX15<>"","CHECK: "&LEFT($BX15,LEN($BX15)-2),"")) | AY15: =IF(OR($A15="",$K15=""),"",$K15&"'-"&N($L15)&CHAR(34)&" x "&$M15&"'-"&N($N15)&CHAR(34)) | AZ15: =IF(OR($A15="",$K15=""),"",$K15&N($L15)&$M15&N($N15)) | BA15: =IF(OR($A15="",$K15=""),"",$K15*12+N($L15)) | BB15: =IF(OR($A15="",$M15=""),"",$M15*12+N($N15)) | BC15: =IF($A15="","",IF(OR($C15="FRAME ONLY",$S15="BL"),0,IF($O15="Y",2,1))) | BD15: =IF(OR(N($BC15)=0,$BA15=""),"",($BA15-2*EdgeClr-IF($BC15=2,MeetClr,0))/$BC15) | BE15: =IF(OR(N($BC15)=0,$BB15=""),"",$BB15-HeadClr-Undercut) | BF15: =IF($BA15="","",$BA15+2*FaceW+IF(N($Q15)>0,($Q15+FaceW)*IF($R15="LR",2,1),0)) | BG15: =IF($BB15="","",$BB15+IF($AB15="Y",4,FaceW)+IF(N($P15)>0,$P15+FaceW,0)+IF(OR($S15="4F",$S15="BL"),FaceW,0)) | BH15: =IF($BF15="","",$BF15+2*ROSide) | BI15: =IF($BG15="","",$BG15+ROTop) | BJ15: =IF(OR(N($BC15)=0,$BA15=""),"",$BA15/$BC15-ClearDeduct) | BK15: =IF(OR(N($BC15)=0,$BE15=""),"",IF(OR($AC15="HGC",$AP15="HGC"),"CONT",IF($BE15<=60,2,IF($BE15<=90,3,IF($BE15<=120,4,5))))) | BL15: =IF(N($BC15)=0,"",IF(OR($AL15="",$AL15="FLUSH"),"FLUSH",IFERROR(LEFT($AL15,FIND("-",$AL15)-1),LEFT($AL15,2)))) | BM15: =IF($BL15="","",IFERROR(VALUE(MID($AL15,FIND("-",$AL15)+1,FIND(CHAR(34)&"x",$AL15)-FIND("-",$AL15)-1)),0)) | BN15: =IF($BL15="","",IFERROR(VALUE(MID($AL15,FIND(CHAR(34)&"x",$AL15)+2,FIND(CHAR(34),$AL15,FIND(CHAR(34)&"x",$AL15)+2)-FIND(CHAR(34)&"x",$AL15)-2)),0)) | BO15: =IF(OR($A15="",$H15="",$H15="NO LAB"),0,IFERROR(VALUE(LEFT($H15,FIND(" ",$H15)-1)),0)) | BP15: =IF(OR($A15="",$I15="",$I15="NON-RATED",N($J15)=0),"",IFERROR(VLOOKUP($I15&"|"&$J15,IBC,2,FALSE),"?")) | BQ15: =IF(NOT(AND($A15<>"",$C15<>"DOOR ONLY")),"",TRIM(IFERROR(VLOOKUP($U15,CODES,2,FALSE),"")&" "&$AZ15&" "&IFERROR(VLOOKUP($Z15,CODES,2,FALSE),"")&" "&IFERROR(VLOOKUP($X15,CODES,2,FALSE),"")&" "&IFERROR(VLOOKUP($S15,CODES,2,FALSE),"")&IF(N($P15)>0," w/TRANSOM "&$P15&CHAR(34),"")&IF(N($Q15)>0," w/SIDELITE "&$Q15&CHAR(34)&" "&IF($R15="","R",$R15),"")&IF($Y15=""," | "," | "&IFERROR(VLOOKUP($Y15,CODES,2,FALSE),"")&" | ")&IFERROR(VLOOKUP($AC15,CODES,2,FALSE),"")&" "&IFERROR(VLOOKUP($AD15,CODES,2,FALSE),"")&IF(OR($AE15="",$AE15="-"),""," "&$AE15)&IF(OR($AF15="",$AF15="-"),""," "&$AF15)&IF($AB15="Y"," 4"&CHAR(34)&" HEAD","")&" "&IFERROR(VLOOKUP($H15,CODES,2,FALSE),""))) | BR15: =IF(NOT(AND($A15<>"",N($BC15)>0)),"",TRIM(IFERROR(VLOOKUP($AH15,CODES,2,FALSE),"")&IF($AI15=""," "," "&$AI15&"GA ")&$AZ15&" "&IF($AN15="",IFERROR(VLOOKUP($Z15,CODES,2,FALSE),""),IFERROR(VLOOKUP($AN15,CODES,2,FALSE),""))&IF($BC15=2," PAIR","")&" DOOR | "&IF($AL15="","?",$AL15)&" | "&IF($AP15="",IFERROR(VLOOKUP($AC15,CODES,2,FALSE),""),IFERROR(VLOOKUP($AP15,CODES,2,FALSE),""))&" "&IFERROR(VLOOKUP($AQ15,CODES,2,FALSE),"")&IF(OR($AR15="",$AR15="-"),""," SEAM "&$AR15)&IF($AS15="Y"," ASTRAGAL","")&IF($AJ15=""," "," "&$AJ15)&IF($AK15=""," "," "&$AK15)&IF($AO15="",""," "&$AO15)&IF($AM15=""," "," SERIES "&$AM15)&" "&IFERROR(VLOOKUP($H15,CODES,2,FALSE),""))) | BS15: =IF(BV15="","",IF(COUNTIF($BV$6:BV15,BV15)=1,MAX($BS$5:BS14)+1,INDEX($BS$5:BS14,MATCH(BV15,$BV$5:BV14,0)))) | BT15: =IF(NOT(AND($A15<>"",$C15<>"DOOR ONLY")),"",MAX($BT$5:BT14)+1) | BU15: =IF(NOT(AND($A15<>"",N($BC15)>0)),"",MAX($BU$5:BU14)+1) | BV15: =IF(OR($A15="",$BA15="",$BB15=""),"",$AZ15&"|"&$O15&"|"&$AL15&"|"&$S15&"|"&$P15&"|"&$Q15&$R15&"|"&$C15&"|"&$AB15) | BW15: =IF($A15="","",IF($B15="","qty, ","")&IF($C15="","scope, ","")&IF(OR($K15="",$M15=""),"size, ","")&IF(AND($A15<>"",$C15<>"DOOR ONLY"),IF($U15="","jamb depth, ","")&IF($X15="","construction, ","")&IF($Y15="","anchor, ","")&IF($S15="","frame type, ",""),"")&IF(AND(N($BC15)>0,$Z15=""),"hand, ","")&IF(N($BC15)>0,IF($AH15="","door material, ","")&IF($AL15="","face type, ","")&IF($AQ15="","lock prep, ","")&IF(AND($AP15="",$AC15=""),"hinge prep, ",""),"")&IF(AND($BO15>0,$AH15="FRP"),"FRP cannot carry a label, ","")&IF(AND($O15="Y",OR($Z15="L",$Z15="R",$Z15="LR",$Z15="RR")),"pair marked but hand is single, ","")&IF(AND($O15<>"Y",OR($Z15="PR",AND(LEN($Z15)>1,ISNUMBER(SEARCH("-",$Z15))))),"pair hand on a single door, ","")&IF(AND(ISNUMBER($BP15),$BO15<N($BP15)),"wall needs a "&$BP15&" min door, ","")&IF(AND($BO15>=180,AND(OR($BL15="FG",$BL15="HG",$BL15="FNV",$BL15="FV"),N($BM15)*N($BN15)>100)),"180 min lite over 100 sq in, ","")&IF(N($BD15)>48,"leaf wider than 4'-0"&CHAR(34)&", ","")) | BX15: =IF($A15="","",IF(AND($BO15>0,AND($A15<>"",$C15<>"DOOR ONLY"),$X15="KD",$E15="EXTERIOR"),"KD label on an exterior opening, ","")&IF(AND($E15="EXTERIOR",OR(AND(AND($A15<>"",$C15<>"DOOR ONLY"),$W15="CR"),AND(N($BC15)>0,$AH15="CR"))),"exterior in CR steel (G9?), ","")&IF(AND(ISNUMBER($BJ15),N($BJ15)<32),"clear width ~"&TEXT($BJ15,"0.0")&CHAR(34)&" under 32"&CHAR(34)&" (ADA), ","")&IF(AND($BO15=90,AND(OR($BL15="FG",$BL15="HG",$BL15="FNV",$BL15="FV"),N($BM15)*N($BN15)>100)),"90 min lite over 100 sq in (stair/exit), ","")&IF(AND($BO15>0,AND($A15<>"",$C15<>"DOOR ONLY"),OR($AF15="",$AF15="-")),"rated: closer reinf.?, ","")&IF(OR($I15="CORRIDOR",$I15="SMOKE BARRIER"),"S label + smoke gasketing, ","")&IF($BP15="?","wall type/hr not in IBC table, ","")&IF(AND(N($BC15)>0,$AU15=""),"no hardware set, ","")&IF(AND($AU15<>"",ISNA(MATCH($AU15,HWSets,0))),"set "&$AU15&" not on Hardware sheet, ","")&IF(N($BE15)>96,"leaf over 8'-0"&CHAR(34)&" - check listing, ",""))
AW16: =IF($A16="","",IF($BW16<>"","FIX",IF($BX16<>"","CHECK","OK"))) | AX16: =IF($A16="","",IF($BW16<>"","FIX: "&LEFT($BW16,LEN($BW16)-2)&IF($BX16<>""," · ",""),"")&IF($BX16<>"","CHECK: "&LEFT($BX16,LEN($BX16)-2),"")) | AY16: =IF(OR($A16="",$K16=""),"",$K16&"'-"&N($L16)&CHAR(34)&" x "&$M16&"'-"&N($N16)&CHAR(34)) | AZ16: =IF(OR($A16="",$K16=""),"",$K16&N($L16)&$M16&N($N16)) | BA16: =IF(OR($A16="",$K16=""),"",$K16*12+N($L16)) | BB16: =IF(OR($A16="",$M16=""),"",$M16*12+N($N16)) | BC16: =IF($A16="","",IF(OR($C16="FRAME ONLY",$S16="BL"),0,IF($O16="Y",2,1))) | BD16: =IF(OR(N($BC16)=0,$BA16=""),"",($BA16-2*EdgeClr-IF($BC16=2,MeetClr,0))/$BC16) | BE16: =IF(OR(N($BC16)=0,$BB16=""),"",$BB16-HeadClr-Undercut) | BF16: =IF($BA16="","",$BA16+2*FaceW+IF(N($Q16)>0,($Q16+FaceW)*IF($R16="LR",2,1),0)) | BG16: =IF($BB16="","",$BB16+IF($AB16="Y",4,FaceW)+IF(N($P16)>0,$P16+FaceW,0)+IF(OR($S16="4F",$S16="BL"),FaceW,0)) | BH16: =IF($BF16="","",$BF16+2*ROSide) | BI16: =IF($BG16="","",$BG16+ROTop) | BJ16: =IF(OR(N($BC16)=0,$BA16=""),"",$BA16/$BC16-ClearDeduct) | BK16: =IF(OR(N($BC16)=0,$BE16=""),"",IF(OR($AC16="HGC",$AP16="HGC"),"CONT",IF($BE16<=60,2,IF($BE16<=90,3,IF($BE16<=120,4,5))))) | BL16: =IF(N($BC16)=0,"",IF(OR($AL16="",$AL16="FLUSH"),"FLUSH",IFERROR(LEFT($AL16,FIND("-",$AL16)-1),LEFT($AL16,2)))) | BM16: =IF($BL16="","",IFERROR(VALUE(MID($AL16,FIND("-",$AL16)+1,FIND(CHAR(34)&"x",$AL16)-FIND("-",$AL16)-1)),0)) | BN16: =IF($BL16="","",IFERROR(VALUE(MID($AL16,FIND(CHAR(34)&"x",$AL16)+2,FIND(CHAR(34),$AL16,FIND(CHAR(34)&"x",$AL16)+2)-FIND(CHAR(34)&"x",$AL16)-2)),0)) | BO16: =IF(OR($A16="",$H16="",$H16="NO LAB"),0,IFERROR(VALUE(LEFT($H16,FIND(" ",$H16)-1)),0)) | BP16: =IF(OR($A16="",$I16="",$I16="NON-RATED",N($J16)=0),"",IFERROR(VLOOKUP($I16&"|"&$J16,IBC,2,FALSE),"?")) | BQ16: =IF(NOT(AND($A16<>"",$C16<>"DOOR ONLY")),"",TRIM(IFERROR(VLOOKUP($U16,CODES,2,FALSE),"")&" "&$AZ16&" "&IFERROR(VLOOKUP($Z16,CODES,2,FALSE),"")&" "&IFERROR(VLOOKUP($X16,CODES,2,FALSE),"")&" "&IFERROR(VLOOKUP($S16,CODES,2,FALSE),"")&IF(N($P16)>0," w/TRANSOM "&$P16&CHAR(34),"")&IF(N($Q16)>0," w/SIDELITE "&$Q16&CHAR(34)&" "&IF($R16="","R",$R16),"")&IF($Y16=""," | "," | "&IFERROR(VLOOKUP($Y16,CODES,2,FALSE),"")&" | ")&IFERROR(VLOOKUP($AC16,CODES,2,FALSE),"")&" "&IFERROR(VLOOKUP($AD16,CODES,2,FALSE),"")&IF(OR($AE16="",$AE16="-"),""," "&$AE16)&IF(OR($AF16="",$AF16="-"),""," "&$AF16)&IF($AB16="Y"," 4"&CHAR(34)&" HEAD","")&" "&IFERROR(VLOOKUP($H16,CODES,2,FALSE),""))) | BR16: =IF(NOT(AND($A16<>"",N($BC16)>0)),"",TRIM(IFERROR(VLOOKUP($AH16,CODES,2,FALSE),"")&IF($AI16=""," "," "&$AI16&"GA ")&$AZ16&" "&IF($AN16="",IFERROR(VLOOKUP($Z16,CODES,2,FALSE),""),IFERROR(VLOOKUP($AN16,CODES,2,FALSE),""))&IF($BC16=2," PAIR","")&" DOOR | "&IF($AL16="","?",$AL16)&" | "&IF($AP16="",IFERROR(VLOOKUP($AC16,CODES,2,FALSE),""),IFERROR(VLOOKUP($AP16,CODES,2,FALSE),""))&" "&IFERROR(VLOOKUP($AQ16,CODES,2,FALSE),"")&IF(OR($AR16="",$AR16="-"),""," SEAM "&$AR16)&IF($AS16="Y"," ASTRAGAL","")&IF($AJ16=""," "," "&$AJ16)&IF($AK16=""," "," "&$AK16)&IF($AO16="",""," "&$AO16)&IF($AM16=""," "," SERIES "&$AM16)&" "&IFERROR(VLOOKUP($H16,CODES,2,FALSE),""))) | BS16: =IF(BV16="","",IF(COUNTIF($BV$6:BV16,BV16)=1,MAX($BS$5:BS15)+1,INDEX($BS$5:BS15,MATCH(BV16,$BV$5:BV15,0)))) | BT16: =IF(NOT(AND($A16<>"",$C16<>"DOOR ONLY")),"",MAX($BT$5:BT15)+1) | BU16: =IF(NOT(AND($A16<>"",N($BC16)>0)),"",MAX($BU$5:BU15)+1) | BV16: =IF(OR($A16="",$BA16="",$BB16=""),"",$AZ16&"|"&$O16&"|"&$AL16&"|"&$S16&"|"&$P16&"|"&$Q16&$R16&"|"&$C16&"|"&$AB16) | BW16: =IF($A16="","",IF($B16="","qty, ","")&IF($C16="","scope, ","")&IF(OR($K16="",$M16=""),"size, ","")&IF(AND($A16<>"",$C16<>"DOOR ONLY"),IF($U16="","jamb depth, ","")&IF($X16="","construction, ","")&IF($Y16="","anchor, ","")&IF($S16="","frame type, ",""),"")&IF(AND(N($BC16)>0,$Z16=""),"hand, ","")&IF(N($BC16)>0,IF($AH16="","door material, ","")&IF($AL16="","face type, ","")&IF($AQ16="","lock prep, ","")&IF(AND($AP16="",$AC16=""),"hinge prep, ",""),"")&IF(AND($BO16>0,$AH16="FRP"),"FRP cannot carry a label, ","")&IF(AND($O16="Y",OR($Z16="L",$Z16="R",$Z16="LR",$Z16="RR")),"pair marked but hand is single, ","")&IF(AND($O16<>"Y",OR($Z16="PR",AND(LEN($Z16)>1,ISNUMBER(SEARCH("-",$Z16))))),"pair hand on a single door, ","")&IF(AND(ISNUMBER($BP16),$BO16<N($BP16)),"wall needs a "&$BP16&" min door, ","")&IF(AND($BO16>=180,AND(OR($BL16="FG",$BL16="HG",$BL16="FNV",$BL16="FV"),N($BM16)*N($BN16)>100)),"180 min lite over 100 sq in, ","")&IF(N($BD16)>48,"leaf wider than 4'-0"&CHAR(34)&", ","")) | BX16: =IF($A16="","",IF(AND($BO16>0,AND($A16<>"",$C16<>"DOOR ONLY"),$X16="KD",$E16="EXTERIOR"),"KD label on an exterior opening, ","")&IF(AND($E16="EXTERIOR",OR(AND(AND($A16<>"",$C16<>"DOOR ONLY"),$W16="CR"),AND(N($BC16)>0,$AH16="CR"))),"exterior in CR steel (G9?), ","")&IF(AND(ISNUMBER($BJ16),N($BJ16)<32),"clear width ~"&TEXT($BJ16,"0.0")&CHAR(34)&" under 32"&CHAR(34)&" (ADA), ","")&IF(AND($BO16=90,AND(OR($BL16="FG",$BL16="HG",$BL16="FNV",$BL16="FV"),N($BM16)*N($BN16)>100)),"90 min lite over 100 sq in (stair/exit), ","")&IF(AND($BO16>0,AND($A16<>"",$C16<>"DOOR ONLY"),OR($AF16="",$AF16="-")),"rated: closer reinf.?, ","")&IF(OR($I16="CORRIDOR",$I16="SMOKE BARRIER"),"S label + smoke gasketing, ","")&IF($BP16="?","wall type/hr not in IBC table, ","")&IF(AND(N($BC16)>0,$AU16=""),"no hardware set, ","")&IF(AND($AU16<>"",ISNA(MATCH($AU16,HWSets,0))),"set "&$AU16&" not on Hardware sheet, ","")&IF(N($BE16)>96,"leaf over 8'-0"&CHAR(34)&" - check listing, ",""))
AW17: =IF($A17="","",IF($BW17<>"","FIX",IF($BX17<>"","CHECK","OK"))) | AX17: =IF($A17="","",IF($BW17<>"","FIX: "&LEFT($BW17,LEN($BW17)-2)&IF($BX17<>""," · ",""),"")&IF($BX17<>"","CHECK: "&LEFT($BX17,LEN($BX17)-2),"")) | AY17: =IF(OR($A17="",$K17=""),"",$K17&"'-"&N($L17)&CHAR(34)&" x "&$M17&"'-"&N($N17)&CHAR(34)) | AZ17: =IF(OR($A17="",$K17=""),"",$K17&N($L17)&$M17&N($N17)) | BA17: =IF(OR($A17="",$K17=""),"",$K17*12+N($L17)) | BB17: =IF(OR($A17="",$M17=""),"",$M17*12+N($N17)) | BC17: =IF($A17="","",IF(OR($C17="FRAME ONLY",$S17="BL"),0,IF($O17="Y",2,1))) | BD17: =IF(OR(N($BC17)=0,$BA17=""),"",($BA17-2*EdgeClr-IF($BC17=2,MeetClr,0))/$BC17) | BE17: =IF(OR(N($BC17)=0,$BB17=""),"",$BB17-HeadClr-Undercut) | BF17: =IF($BA17="","",$BA17+2*FaceW+IF(N($Q17)>0,($Q17+FaceW)*IF($R17="LR",2,1),0)) | BG17: =IF($BB17="","",$BB17+IF($AB17="Y",4,FaceW)+IF(N($P17)>0,$P17+FaceW,0)+IF(OR($S17="4F",$S17="BL"),FaceW,0)) | BH17: =IF($BF17="","",$BF17+2*ROSide) | BI17: =IF($BG17="","",$BG17+ROTop) | BJ17: =IF(OR(N($BC17)=0,$BA17=""),"",$BA17/$BC17-ClearDeduct) | BK17: =IF(OR(N($BC17)=0,$BE17=""),"",IF(OR($AC17="HGC",$AP17="HGC"),"CONT",IF($BE17<=60,2,IF($BE17<=90,3,IF($BE17<=120,4,5))))) | BL17: =IF(N($BC17)=0,"",IF(OR($AL17="",$AL17="FLUSH"),"FLUSH",IFERROR(LEFT($AL17,FIND("-",$AL17)-1),LEFT($AL17,2)))) | BM17: =IF($BL17="","",IFERROR(VALUE(MID($AL17,FIND("-",$AL17)+1,FIND(CHAR(34)&"x",$AL17)-FIND("-",$AL17)-1)),0)) | BN17: =IF($BL17="","",IFERROR(VALUE(MID($AL17,FIND(CHAR(34)&"x",$AL17)+2,FIND(CHAR(34),$AL17,FIND(CHAR(34)&"x",$AL17)+2)-FIND(CHAR(34)&"x",$AL17)-2)),0)) | BO17: =IF(OR($A17="",$H17="",$H17="NO LAB"),0,IFERROR(VALUE(LEFT($H17,FIND(" ",$H17)-1)),0)) | BP17: =IF(OR($A17="",$I17="",$I17="NON-RATED",N($J17)=0),"",IFERROR(VLOOKUP($I17&"|"&$J17,IBC,2,FALSE),"?")) | BQ17: =IF(NOT(AND($A17<>"",$C17<>"DOOR ONLY")),"",TRIM(IFERROR(VLOOKUP($U17,CODES,2,FALSE),"")&" "&$AZ17&" "&IFERROR(VLOOKUP($Z17,CODES,2,FALSE),"")&" "&IFERROR(VLOOKUP($X17,CODES,2,FALSE),"")&" "&IFERROR(VLOOKUP($S17,CODES,2,FALSE),"")&IF(N($P17)>0," w/TRANSOM "&$P17&CHAR(34),"")&IF(N($Q17)>0," w/SIDELITE "&$Q17&CHAR(34)&" "&IF($R17="","R",$R17),"")&IF($Y17=""," | "," | "&IFERROR(VLOOKUP($Y17,CODES,2,FALSE),"")&" | ")&IFERROR(VLOOKUP($AC17,CODES,2,FALSE),"")&" "&IFERROR(VLOOKUP($AD17,CODES,2,FALSE),"")&IF(OR($AE17="",$AE17="-"),""," "&$AE17)&IF(OR($AF17="",$AF17="-"),""," "&$AF17)&IF($AB17="Y"," 4"&CHAR(34)&" HEAD","")&" "&IFERROR(VLOOKUP($H17,CODES,2,FALSE),""))) | BR17: =IF(NOT(AND($A17<>"",N($BC17)>0)),"",TRIM(IFERROR(VLOOKUP($AH17,CODES,2,FALSE),"")&IF($AI17=""," "," "&$AI17&"GA ")&$AZ17&" "&IF($AN17="",IFERROR(VLOOKUP($Z17,CODES,2,FALSE),""),IFERROR(VLOOKUP($AN17,CODES,2,FALSE),""))&IF($BC17=2," PAIR","")&" DOOR | "&IF($AL17="","?",$AL17)&" | "&IF($AP17="",IFERROR(VLOOKUP($AC17,CODES,2,FALSE),""),IFERROR(VLOOKUP($AP17,CODES,2,FALSE),""))&" "&IFERROR(VLOOKUP($AQ17,CODES,2,FALSE),"")&IF(OR($AR17="",$AR17="-"),""," SEAM "&$AR17)&IF($AS17="Y"," ASTRAGAL","")&IF($AJ17=""," "," "&$AJ17)&IF($AK17=""," "," "&$AK17)&IF($AO17="",""," "&$AO17)&IF($AM17=""," "," SERIES "&$AM17)&" "&IFERROR(VLOOKUP($H17,CODES,2,FALSE),""))) | BS17: =IF(BV17="","",IF(COUNTIF($BV$6:BV17,BV17)=1,MAX($BS$5:BS16)+1,INDEX($BS$5:BS16,MATCH(BV17,$BV$5:BV16,0)))) | BT17: =IF(NOT(AND($A17<>"",$C17<>"DOOR ONLY")),"",MAX($BT$5:BT16)+1) | BU17: =IF(NOT(AND($A17<>"",N($BC17)>0)),"",MAX($BU$5:BU16)+1) | BV17: =IF(OR($A17="",$BA17="",$BB17=""),"",$AZ17&"|"&$O17&"|"&$AL17&"|"&$S17&"|"&$P17&"|"&$Q17&$R17&"|"&$C17&"|"&$AB17) | BW17: =IF($A17="","",IF($B17="","qty, ","")&IF($C17="","scope, ","")&IF(OR($K17="",$M17=""),"size, ","")&IF(AND($A17<>"",$C17<>"DOOR ONLY"),IF($U17="","jamb depth, ","")&IF($X17="","construction, ","")&IF($Y17="","anchor, ","")&IF($S17="","frame type, ",""),"")&IF(AND(N($BC17)>0,$Z17=""),"hand, ","")&IF(N($BC17)>0,IF($AH17="","door material, ","")&IF($AL17="","face type, ","")&IF($AQ17="","lock prep, ","")&IF(AND($AP17="",$AC17=""),"hinge prep, ",""),"")&IF(AND($BO17>0,$AH17="FRP"),"FRP cannot carry a label, ","")&IF(AND($O17="Y",OR($Z17="L",$Z17="R",$Z17="LR",$Z17="RR")),"pair marked but hand is single, ","")&IF(AND($O17<>"Y",OR($Z17="PR",AND(LEN($Z17)>1,ISNUMBER(SEARCH("-",$Z17))))),"pair hand on a single door, ","")&IF(AND(ISNUMBER($BP17),$BO17<N($BP17)),"wall needs a "&$BP17&" min door, ","")&IF(AND($BO17>=180,AND(OR($BL17="FG",$BL17="HG",$BL17="FNV",$BL17="FV"),N($BM17)*N($BN17)>100)),"180 min lite over 100 sq in, ","")&IF(N($BD17)>48,"leaf wider than 4'-0"&CHAR(34)&", ","")) | BX17: =IF($A17="","",IF(AND($BO17>0,AND($A17<>"",$C17<>"DOOR ONLY"),$X17="KD",$E17="EXTERIOR"),"KD label on an exterior opening, ","")&IF(AND($E17="EXTERIOR",OR(AND(AND($A17<>"",$C17<>"DOOR ONLY"),$W17="CR"),AND(N($BC17)>0,$AH17="CR"))),"exterior in CR steel (G9?), ","")&IF(AND(ISNUMBER($BJ17),N($BJ17)<32),"clear width ~"&TEXT($BJ17,"0.0")&CHAR(34)&" under 32"&CHAR(34)&" (ADA), ","")&IF(AND($BO17=90,AND(OR($BL17="FG",$BL17="HG",$BL17="FNV",$BL17="FV"),N($BM17)*N($BN17)>100)),"90 min lite over 100 sq in (stair/exit), ","")&IF(AND($BO17>0,AND($A17<>"",$C17<>"DOOR ONLY"),OR($AF17="",$AF17="-")),"rated: closer reinf.?, ","")&IF(OR($I17="CORRIDOR",$I17="SMOKE BARRIER"),"S label + smoke gasketing, ","")&IF($BP17="?","wall type/hr not in IBC table, ","")&IF(AND(N($BC17)>0,$AU17=""),"no hardware set, ","")&IF(AND($AU17<>"",ISNA(MATCH($AU17,HWSets,0))),"set "&$AU17&" not on Hardware sheet, ","")&IF(N($BE17)>96,"leaf over 8'-0"&CHAR(34)&" - check listing, ",""))
AW18: =IF($A18="","",IF($BW18<>"","FIX",IF($BX18<>"","CHECK","OK"))) | AX18: =IF($A18="","",IF($BW18<>"","FIX: "&LEFT($BW18,LEN($BW18)-2)&IF($BX18<>""," · ",""),"")&IF($BX18<>"","CHECK: "&LEFT($BX18,LEN($BX18)-2),"")) | AY18: =IF(OR($A18="",$K18=""),"",$K18&"'-"&N($L18)&CHAR(34)&" x "&$M18&"'-"&N($N18)&CHAR(34)) | AZ18: =IF(OR($A18="",$K18=""),"",$K18&N($L18)&$M18&N($N18)) | BA18: =IF(OR($A18="",$K18=""),"",$K18*12+N($L18)) | BB18: =IF(OR($A18="",$M18=""),"",$M18*12+N($N18)) | BC18: =IF($A18="","",IF(OR($C18="FRAME ONLY",$S18="BL"),0,IF($O18="Y",2,1))) | BD18: =IF(OR(N($BC18)=0,$BA18=""),"",($BA18-2*EdgeClr-IF($BC18=2,MeetClr,0))/$BC18) | BE18: =IF(OR(N($BC18)=0,$BB18=""),"",$BB18-HeadClr-Undercut) | BF18: =IF($BA18="","",$BA18+2*FaceW+IF(N($Q18)>0,($Q18+FaceW)*IF($R18="LR",2,1),0)) | BG18: =IF($BB18="","",$BB18+IF($AB18="Y",4,FaceW)+IF(N($P18)>0,$P18+FaceW,0)+IF(OR($S18="4F",$S18="BL"),FaceW,0)) | BH18: =IF($BF18="","",$BF18+2*ROSide) | BI18: =IF($BG18="","",$BG18+ROTop) | BJ18: =IF(OR(N($BC18)=0,$BA18=""),"",$BA18/$BC18-ClearDeduct) | BK18: =IF(OR(N($BC18)=0,$BE18=""),"",IF(OR($AC18="HGC",$AP18="HGC"),"CONT",IF($BE18<=60,2,IF($BE18<=90,3,IF($BE18<=120,4,5))))) | BL18: =IF(N($BC18)=0,"",IF(OR($AL18="",$AL18="FLUSH"),"FLUSH",IFERROR(LEFT($AL18,FIND("-",$AL18)-1),LEFT($AL18,2)))) | BM18: =IF($BL18="","",IFERROR(VALUE(MID($AL18,FIND("-",$AL18)+1,FIND(CHAR(34)&"x",$AL18)-FIND("-",$AL18)-1)),0)) | BN18: =IF($BL18="","",IFERROR(VALUE(MID($AL18,FIND(CHAR(34)&"x",$AL18)+2,FIND(CHAR(34),$AL18,FIND(CHAR(34)&"x",$AL18)+2)-FIND(CHAR(34)&"x",$AL18)-2)),0)) | BO18: =IF(OR($A18="",$H18="",$H18="NO LAB"),0,IFERROR(VALUE(LEFT($H18,FIND(" ",$H18)-1)),0)) | BP18: =IF(OR($A18="",$I18="",$I18="NON-RATED",N($J18)=0),"",IFERROR(VLOOKUP($I18&"|"&$J18,IBC,2,FALSE),"?")) | BQ18: =IF(NOT(AND($A18<>"",$C18<>"DOOR ONLY")),"",TRIM(IFERROR(VLOOKUP($U18,CODES,2,FALSE),"")&" "&$AZ18&" "&IFERROR(VLOOKUP($Z18,CODES,2,FALSE),"")&" "&IFERROR(VLOOKUP($X18,CODES,2,FALSE),"")&" "&IFERROR(VLOOKUP($S18,CODES,2,FALSE),"")&IF(N($P18)>0," w/TRANSOM "&$P18&CHAR(34),"")&IF(N($Q18)>0," w/SIDELITE "&$Q18&CHAR(34)&" "&IF($R18="","R",$R18),"")&IF($Y18=""," | "," | "&IFERROR(VLOOKUP($Y18,CODES,2,FALSE),"")&" | ")&IFERROR(VLOOKUP($AC18,CODES,2,FALSE),"")&" "&IFERROR(VLOOKUP($AD18,CODES,2,FALSE),"")&IF(OR($AE18="",$AE18="-"),""," "&$AE18)&IF(OR($AF18="",$AF18="-"),""," "&$AF18)&IF($AB18="Y"," 4"&CHAR(34)&" HEAD","")&" "&IFERROR(VLOOKUP($H18,CODES,2,FALSE),""))) | BR18: =IF(NOT(AND($A18<>"",N($BC18)>0)),"",TRIM(IFERROR(VLOOKUP($AH18,CODES,2,FALSE),"")&IF($AI18=""," "," "&$AI18&"GA ")&$AZ18&" "&IF($AN18="",IFERROR(VLOOKUP($Z18,CODES,2,FALSE),""),IFERROR(VLOOKUP($AN18,CODES,2,FALSE),""))&IF($BC18=2," PAIR","")&" DOOR | "&IF($AL18="","?",$AL18)&" | "&IF($AP18="",IFERROR(VLOOKUP($AC18,CODES,2,FALSE),""),IFERROR(VLOOKUP($AP18,CODES,2,FALSE),""))&" "&IFERROR(VLOOKUP($AQ18,CODES,2,FALSE),"")&IF(OR($AR18="",$AR18="-"),""," SEAM "&$AR18)&IF($AS18="Y"," ASTRAGAL","")&IF($AJ18=""," "," "&$AJ18)&IF($AK18=""," "," "&$AK18)&IF($AO18="",""," "&$AO18)&IF($AM18=""," "," SERIES "&$AM18)&" "&IFERROR(VLOOKUP($H18,CODES,2,FALSE),""))) | BS18: =IF(BV18="","",IF(COUNTIF($BV$6:BV18,BV18)=1,MAX($BS$5:BS17)+1,INDEX($BS$5:BS17,MATCH(BV18,$BV$5:BV17,0)))) | BT18: =IF(NOT(AND($A18<>"",$C18<>"DOOR ONLY")),"",MAX($BT$5:BT17)+1) | BU18: =IF(NOT(AND($A18<>"",N($BC18)>0)),"",MAX($BU$5:BU17)+1) | BV18: =IF(OR($A18="",$BA18="",$BB18=""),"",$AZ18&"|"&$O18&"|"&$AL18&"|"&$S18&"|"&$P18&"|"&$Q18&$R18&"|"&$C18&"|"&$AB18) | BW18: =IF($A18="","",IF($B18="","qty, ","")&IF($C18="","scope, ","")&IF(OR($K18="",$M18=""),"size, ","")&IF(AND($A18<>"",$C18<>"DOOR ONLY"),IF($U18="","jamb depth, ","")&IF($X18="","construction, ","")&IF($Y18="","anchor, ","")&IF($S18="","frame type, ",""),"")&IF(AND(N($BC18)>0,$Z18=""),"hand, ","")&IF(N($BC18)>0,IF($AH18="","door material, ","")&IF($AL18="","face type, ","")&IF($AQ18="","lock prep, ","")&IF(AND($AP18="",$AC18=""),"hinge prep, ",""),"")&IF(AND($BO18>0,$AH18="FRP"),"FRP cannot carry a label, ","")&IF(AND($O18="Y",OR($Z18="L",$Z18="R",$Z18="LR",$Z18="RR")),"pair marked but hand is single, ","")&IF(AND($O18<>"Y",OR($Z18="PR",AND(LEN($Z18)>1,ISNUMBER(SEARCH("-",$Z18))))),"pair hand on a single door, ","")&IF(AND(ISNUMBER($BP18),$BO18<N($BP18)),"wall needs a "&$BP18&" min door, ","")&IF(AND($BO18>=180,AND(OR($BL18="FG",$BL18="HG",$BL18="FNV",$BL18="FV"),N($BM18)*N($BN18)>100)),"180 min lite over 100 sq in, ","")&IF(N($BD18)>48,"leaf wider than 4'-0"&CHAR(34)&", ","")) | BX18: =IF($A18="","",IF(AND($BO18>0,AND($A18<>"",$C18<>"DOOR ONLY"),$X18="KD",$E18="EXTERIOR"),"KD label on an exterior opening, ","")&IF(AND($E18="EXTERIOR",OR(AND(AND($A18<>"",$C18<>"DOOR ONLY"),$W18="CR"),AND(N($BC18)>0,$AH18="CR"))),"exterior in CR steel (G9?), ","")&IF(AND(ISNUMBER($BJ18),N($BJ18)<32),"clear width ~"&TEXT($BJ18,"0.0")&CHAR(34)&" under 32"&CHAR(34)&" (ADA), ","")&IF(AND($BO18=90,AND(OR($BL18="FG",$BL18="HG",$BL18="FNV",$BL18="FV"),N($BM18)*N($BN18)>100)),"90 min lite over 100 sq in (stair/exit), ","")&IF(AND($BO18>0,AND($A18<>"",$C18<>"DOOR ONLY"),OR($AF18="",$AF18="-")),"rated: closer reinf.?, ","")&IF(OR($I18="CORRIDOR",$I18="SMOKE BARRIER"),"S label + smoke gasketing, ","")&IF($BP18="?","wall type/hr not in IBC table, ","")&IF(AND(N($BC18)>0,$AU18=""),"no hardware set, ","")&IF(AND($AU18<>"",ISNA(MATCH($AU18,HWSets,0))),"set "&$AU18&" not on Hardware sheet, ","")&IF(N($BE18)>96,"leaf over 8'-0"&CHAR(34)&" - check listing, ",""))
AW19: =IF($A19="","",IF($BW19<>"","FIX",IF($BX19<>"","CHECK","OK"))) | AX19: =IF($A19="","",IF($BW19<>"","FIX: "&LEFT($BW19,LEN($BW19)-2)&IF($BX19<>""," · ",""),"")&IF($BX19<>"","CHECK: "&LEFT($BX19,LEN($BX19)-2),"")) | AY19: =IF(OR($A19="",$K19=""),"",$K19&"'-"&N($L19)&CHAR(34)&" x "&$M19&"'-"&N($N19)&CHAR(34)) | AZ19: =IF(OR($A19="",$K19=""),"",$K19&N($L19)&$M19&N($N19)) | BA19: =IF(OR($A19="",$K19=""),"",$K19*12+N($L19)) | BB19: =IF(OR($A19="",$M19=""),"",$M19*12+N($N19)) | BC19: =IF($A19="","",IF(OR($C19="FRAME ONLY",$S19="BL"),0,IF($O19="Y",2,1))) | BD19: =IF(OR(N($BC19)=0,$BA19=""),"",($BA19-2*EdgeClr-IF($BC19=2,MeetClr,0))/$BC19) | BE19: =IF(OR(N($BC19)=0,$BB19=""),"",$BB19-HeadClr-Undercut) | BF19: =IF($BA19="","",$BA19+2*FaceW+IF(N($Q19)>0,($Q19+FaceW)*IF($R19="LR",2,1),0)) | BG19: =IF($BB19="","",$BB19+IF($AB19="Y",4,FaceW)+IF(N($P19)>0,$P19+FaceW,0)+IF(OR($S19="4F",$S19="BL"),FaceW,0)) | BH19: =IF($BF19="","",$BF19+2*ROSide) | BI19: =IF($BG19="","",$BG19+ROTop) | BJ19: =IF(OR(N($BC19)=0,$BA19=""),"",$BA19/$BC19-ClearDeduct) | BK19: =IF(OR(N($BC19)=0,$BE19=""),"",IF(OR($AC19="HGC",$AP19="HGC"),"CONT",IF($BE19<=60,2,IF($BE19<=90,3,IF($BE19<=120,4,5))))) | BL19: =IF(N($BC19)=0,"",IF(OR($AL19="",$AL19="FLUSH"),"FLUSH",IFERROR(LEFT($AL19,FIND("-",$AL19)-1),LEFT($AL19,2)))) | BM19: =IF($BL19="","",IFERROR(VALUE(MID($AL19,FIND("-",$AL19)+1,FIND(CHAR(34)&"x",$AL19)-FIND("-",$AL19)-1)),0)) | BN19: =IF($BL19="","",IFERROR(VALUE(MID($AL19,FIND(CHAR(34)&"x",$AL19)+2,FIND(CHAR(34),$AL19,FIND(CHAR(34)&"x",$AL19)+2)-FIND(CHAR(34)&"x",$AL19)-2)),0)) | BO19: =IF(OR($A19="",$H19="",$H19="NO LAB"),0,IFERROR(VALUE(LEFT($H19,FIND(" ",$H19)-1)),0)) | BP19: =IF(OR($A19="",$I19="",$I19="NON-RATED",N($J19)=0),"",IFERROR(VLOOKUP($I19&"|"&$J19,IBC,2,FALSE),"?")) | BQ19: =IF(NOT(AND($A19<>"",$C19<>"DOOR ONLY")),"",TRIM(IFERROR(VLOOKUP($U19,CODES,2,FALSE),"")&" "&$AZ19&" "&IFERROR(VLOOKUP($Z19,CODES,2,FALSE),"")&" "&IFERROR(VLOOKUP($X19,CODES,2,FALSE),"")&" "&IFERROR(VLOOKUP($S19,CODES,2,FALSE),"")&IF(N($P19)>0," w/TRANSOM "&$P19&CHAR(34),"")&IF(N($Q19)>0," w/SIDELITE "&$Q19&CHAR(34)&" "&IF($R19="","R",$R19),"")&IF($Y19=""," | "," | "&IFERROR(VLOOKUP($Y19,CODES,2,FALSE),"")&" | ")&IFERROR(VLOOKUP($AC19,CODES,2,FALSE),"")&" "&IFERROR(VLOOKUP($AD19,CODES,2,FALSE),"")&IF(OR($AE19="",$AE19="-"),""," "&$AE19)&IF(OR($AF19="",$AF19="-"),""," "&$AF19)&IF($AB19="Y"," 4"&CHAR(34)&" HEAD","")&" "&IFERROR(VLOOKUP($H19,CODES,2,FALSE),""))) | BR19: =IF(NOT(AND($A19<>"",N($BC19)>0)),"",TRIM(IFERROR(VLOOKUP($AH19,CODES,2,FALSE),"")&IF($AI19=""," "," "&$AI19&"GA ")&$AZ19&" "&IF($AN19="",IFERROR(VLOOKUP($Z19,CODES,2,FALSE),""),IFERROR(VLOOKUP($AN19,CODES,2,FALSE),""))&IF($BC19=2," PAIR","")&" DOOR | "&IF($AL19="","?",$AL19)&" | "&IF($AP19="",IFERROR(VLOOKUP($AC19,CODES,2,FALSE),""),IFERROR(VLOOKUP($AP19,CODES,2,FALSE),""))&" "&IFERROR(VLOOKUP($AQ19,CODES,2,FALSE),"")&IF(OR($AR19="",$AR19="-"),""," SEAM "&$AR19)&IF($AS19="Y"," ASTRAGAL","")&IF($AJ19=""," "," "&$AJ19)&IF($AK19=""," "," "&$AK19)&IF($AO19="",""," "&$AO19)&IF($AM19=""," "," SERIES "&$AM19)&" "&IFERROR(VLOOKUP($H19,CODES,2,FALSE),""))) | BS19: =IF(BV19="","",IF(COUNTIF($BV$6:BV19,BV19)=1,MAX($BS$5:BS18)+1,INDEX($BS$5:BS18,MATCH(BV19,$BV$5:BV18,0)))) | BT19: =IF(NOT(AND($A19<>"",$C19<>"DOOR ONLY")),"",MAX($BT$5:BT18)+1) | BU19: =IF(NOT(AND($A19<>"",N($BC19)>0)),"",MAX($BU$5:BU18)+1) | BV19: =IF(OR($A19="",$BA19="",$BB19=""),"",$AZ19&"|"&$O19&"|"&$AL19&"|"&$S19&"|"&$P19&"|"&$Q19&$R19&"|"&$C19&"|"&$AB19) | BW19: =IF($A19="","",IF($B19="","qty, ","")&IF($C19="","scope, ","")&IF(OR($K19="",$M19=""),"size, ","")&IF(AND($A19<>"",$C19<>"DOOR ONLY"),IF($U19="","jamb depth, ","")&IF($X19="","construction, ","")&IF($Y19="","anchor, ","")&IF($S19="","frame type, ",""),"")&IF(AND(N($BC19)>0,$Z19=""),"hand, ","")&IF(N($BC19)>0,IF($AH19="","door material, ","")&IF($AL19="","face type, ","")&IF($AQ19="","lock prep, ","")&IF(AND($AP19="",$AC19=""),"hinge prep, ",""),"")&IF(AND($BO19>0,$AH19="FRP"),"FRP cannot carry a label, ","")&IF(AND($O19="Y",OR($Z19="L",$Z19="R",$Z19="LR",$Z19="RR")),"pair marked but hand is single, ","")&IF(AND($O19<>"Y",OR($Z19="PR",AND(LEN($Z19)>1,ISNUMBER(SEARCH("-",$Z19))))),"pair hand on a single door, ","")&IF(AND(ISNUMBER($BP19),$BO19<N($BP19)),"wall needs a "&$BP19&" min door, ","")&IF(AND($BO19>=180,AND(OR($BL19="FG",$BL19="HG",$BL19="FNV",$BL19="FV"),N($BM19)*N($BN19)>100)),"180 min lite over 100 sq in, ","")&IF(N($BD19)>48,"leaf wider than 4'-0"&CHAR(34)&", ","")) | BX19: =IF($A19="","",IF(AND($BO19>0,AND($A19<>"",$C19<>"DOOR ONLY"),$X19="KD",$E19="EXTERIOR"),"KD label on an exterior opening, ","")&IF(AND($E19="EXTERIOR",OR(AND(AND($A19<>"",$C19<>"DOOR ONLY"),$W19="CR"),AND(N($BC19)>0,$AH19="CR"))),"exterior in CR steel (G9?), ","")&IF(AND(ISNUMBER($BJ19),N($BJ19)<32),"clear width ~"&TEXT($BJ19,"0.0")&CHAR(34)&" under 32"&CHAR(34)&" (ADA), ","")&IF(AND($BO19=90,AND(OR($BL19="FG",$BL19="HG",$BL19="FNV",$BL19="FV"),N($BM19)*N($BN19)>100)),"90 min lite over 100 sq in (stair/exit), ","")&IF(AND($BO19>0,AND($A19<>"",$C19<>"DOOR ONLY"),OR($AF19="",$AF19="-")),"rated: closer reinf.?, ","")&IF(OR($I19="CORRIDOR",$I19="SMOKE BARRIER"),"S label + smoke gasketing, ","")&IF($BP19="?","wall type/hr not in IBC table, ","")&IF(AND(N($BC19)>0,$AU19=""),"no hardware set, ","")&IF(AND($AU19<>"",ISNA(MATCH($AU19,HWSets,0))),"set "&$AU19&" not on Hardware sheet, ","")&IF(N($BE19)>96,"leaf over 8'-0"&CHAR(34)&" - check listing, ",""))
AW20: =IF($A20="","",IF($BW20<>"","FIX",IF($BX20<>"","CHECK","OK"))) | AX20: =IF($A20="","",IF($BW20<>"","FIX: "&LEFT($BW20,LEN($BW20)-2)&IF($BX20<>""," · ",""),"")&IF($BX20<>"","CHECK: "&LEFT($BX20,LEN($BX20)-2),"")) | AY20: =IF(OR($A20="",$K20=""),"",$K20&"'-"&N($L20)&CHAR(34)&" x "&$M20&"'-"&N($N20)&CHAR(34)) | AZ20: =IF(OR($A20="",$K20=""),"",$K20&N($L20)&$M20&N($N20)) | BA20: =IF(OR($A20="",$K20=""),"",$K20*12+N($L20)) | BB20: =IF(OR($A20="",$M20=""),"",$M20*12+N($N20)) | BC20: =IF($A20="","",IF(OR($C20="FRAME ONLY",$S20="BL"),0,IF($O20="Y",2,1))) | BD20: =IF(OR(N($BC20)=0,$BA20=""),"",($BA20-2*EdgeClr-IF($BC20=2,MeetClr,0))/$BC20) | BE20: =IF(OR(N($BC20)=0,$BB20=""),"",$BB20-HeadClr-Undercut) | BF20: =IF($BA20="","",$BA20+2*FaceW+IF(N($Q20)>0,($Q20+FaceW)*IF($R20="LR",2,1),0)) | BG20: =IF($BB20="","",$BB20+IF($AB20="Y",4,FaceW)+IF(N($P20)>0,$P20+FaceW,0)+IF(OR($S20="4F",$S20="BL"),FaceW,0)) | BH20: =IF($BF20="","",$BF20+2*ROSide) | BI20: =IF($BG20="","",$BG20+ROTop) | BJ20: =IF(OR(N($BC20)=0,$BA20=""),"",$BA20/$BC20-ClearDeduct) | BK20: =IF(OR(N($BC20)=0,$BE20=""),"",IF(OR($AC20="HGC",$AP20="HGC"),"CONT",IF($BE20<=60,2,IF($BE20<=90,3,IF($BE20<=120,4,5))))) | BL20: =IF(N($BC20)=0,"",IF(OR($AL20="",$AL20="FLUSH"),"FLUSH",IFERROR(LEFT($AL20,FIND("-",$AL20)-1),LEFT($AL20,2)))) | BM20: =IF($BL20="","",IFERROR(VALUE(MID($AL20,FIND("-",$AL20)+1,FIND(CHAR(34)&"x",$AL20)-FIND("-",$AL20)-1)),0)) | BN20: =IF($BL20="","",IFERROR(VALUE(MID($AL20,FIND(CHAR(34)&"x",$AL20)+2,FIND(CHAR(34),$AL20,FIND(CHAR(34)&"x",$AL20)+2)-FIND(CHAR(34)&"x",$AL20)-2)),0)) | BO20: =IF(OR($A20="",$H20="",$H20="NO LAB"),0,IFERROR(VALUE(LEFT($H20,FIND(" ",$H20)-1)),0)) | BP20: =IF(OR($A20="",$I20="",$I20="NON-RATED",N($J20)=0),"",IFERROR(VLOOKUP($I20&"|"&$J20,IBC,2,FALSE),"?")) | BQ20: =IF(NOT(AND($A20<>"",$C20<>"DOOR ONLY")),"",TRIM(IFERROR(VLOOKUP($U20,CODES,2,FALSE),"")&" "&$AZ20&" "&IFERROR(VLOOKUP($Z20,CODES,2,FALSE),"")&" "&IFERROR(VLOOKUP($X20,CODES,2,FALSE),"")&" "&IFERROR(VLOOKUP($S20,CODES,2,FALSE),"")&IF(N($P20)>0," w/TRANSOM "&$P20&CHAR(34),"")&IF(N($Q20)>0," w/SIDELITE "&$Q20&CHAR(34)&" "&IF($R20="","R",$R20),"")&IF($Y20=""," | "," | "&IFERROR(VLOOKUP($Y20,CODES,2,FALSE),"")&" | ")&IFERROR(VLOOKUP($AC20,CODES,2,FALSE),"")&" "&IFERROR(VLOOKUP($AD20,CODES,2,FALSE),"")&IF(OR($AE20="",$AE20="-"),""," "&$AE20)&IF(OR($AF20="",$AF20="-"),""," "&$AF20)&IF($AB20="Y"," 4"&CHAR(34)&" HEAD","")&" "&IFERROR(VLOOKUP($H20,CODES,2,FALSE),""))) | BR20: =IF(NOT(AND($A20<>"",N($BC20)>0)),"",TRIM(IFERROR(VLOOKUP($AH20,CODES,2,FALSE),"")&IF($AI20=""," "," "&$AI20&"GA ")&$AZ20&" "&IF($AN20="",IFERROR(VLOOKUP($Z20,CODES,2,FALSE),""),IFERROR(VLOOKUP($AN20,CODES,2,FALSE),""))&IF($BC20=2," PAIR","")&" DOOR | "&IF($AL20="","?",$AL20)&" | "&IF($AP20="",IFERROR(VLOOKUP($AC20,CODES,2,FALSE),""),IFERROR(VLOOKUP($AP20,CODES,2,FALSE),""))&" "&IFERROR(VLOOKUP($AQ20,CODES,2,FALSE),"")&IF(OR($AR20="",$AR20="-"),""," SEAM "&$AR20)&IF($AS20="Y"," ASTRAGAL","")&IF($AJ20=""," "," "&$AJ20)&IF($AK20=""," "," "&$AK20)&IF($AO20="",""," "&$AO20)&IF($AM20=""," "," SERIES "&$AM20)&" "&IFERROR(VLOOKUP($H20,CODES,2,FALSE),""))) | BS20: =IF(BV20="","",IF(COUNTIF($BV$6:BV20,BV20)=1,MAX($BS$5:BS19)+1,INDEX($BS$5:BS19,MATCH(BV20,$BV$5:BV19,0)))) | BT20: =IF(NOT(AND($A20<>"",$C20<>"DOOR ONLY")),"",MAX($BT$5:BT19)+1) | BU20: =IF(NOT(AND($A20<>"",N($BC20)>0)),"",MAX($BU$5:BU19)+1) | BV20: =IF(OR($A20="",$BA20="",$BB20=""),"",$AZ20&"|"&$O20&"|"&$AL20&"|"&$S20&"|"&$P20&"|"&$Q20&$R20&"|"&$C20&"|"&$AB20) | BW20: =IF($A20="","",IF($B20="","qty, ","")&IF($C20="","scope, ","")&IF(OR($K20="",$M20=""),"size, ","")&IF(AND($A20<>"",$C20<>"DOOR ONLY"),IF($U20="","jamb depth, ","")&IF($X20="","construction, ","")&IF($Y20="","anchor, ","")&IF($S20="","frame type, ",""),"")&IF(AND(N($BC20)>0,$Z20=""),"hand, ","")&IF(N($BC20)>0,IF($AH20="","door material, ","")&IF($AL20="","face type, ","")&IF($AQ20="","lock prep, ","")&IF(AND($AP20="",$AC20=""),"hinge prep, ",""),"")&IF(AND($BO20>0,$AH20="FRP"),"FRP cannot carry a label, ","")&IF(AND($O20="Y",OR($Z20="L",$Z20="R",$Z20="LR",$Z20="RR")),"pair marked but hand is single, ","")&IF(AND($O20<>"Y",OR($Z20="PR",AND(LEN($Z20)>1,ISNUMBER(SEARCH("-",$Z20))))),"pair hand on a single door, ","")&IF(AND(ISNUMBER($BP20),$BO20<N($BP20)),"wall needs a "&$BP20&" min door, ","")&IF(AND($BO20>=180,AND(OR($BL20="FG",$BL20="HG",$BL20="FNV",$BL20="FV"),N($BM20)*N($BN20)>100)),"180 min lite over 100 sq in, ","")&IF(N($BD20)>48,"leaf wider than 4'-0"&CHAR(34)&", ","")) | BX20: =IF($A20="","",IF(AND($BO20>0,AND($A20<>"",$C20<>"DOOR ONLY"),$X20="KD",$E20="EXTERIOR"),"KD label on an exterior opening, ","")&IF(AND($E20="EXTERIOR",OR(AND(AND($A20<>"",$C20<>"DOOR ONLY"),$W20="CR"),AND(N($BC20)>0,$AH20="CR"))),"exterior in CR steel (G9?), ","")&IF(AND(ISNUMBER($BJ20),N($BJ20)<32),"clear width ~"&TEXT($BJ20,"0.0")&CHAR(34)&" under 32"&CHAR(34)&" (ADA), ","")&IF(AND($BO20=90,AND(OR($BL20="FG",$BL20="HG",$BL20="FNV",$BL20="FV"),N($BM20)*N($BN20)>100)),"90 min lite over 100 sq in (stair/exit), ","")&IF(AND($BO20>0,AND($A20<>"",$C20<>"DOOR ONLY"),OR($AF20="",$AF20="-")),"rated: closer reinf.?, ","")&IF(OR($I20="CORRIDOR",$I20="SMOKE BARRIER"),"S label + smoke gasketing, ","")&IF($BP20="?","wall type/hr not in IBC table, ","")&IF(AND(N($BC20)>0,$AU20=""),"no hardware set, ","")&IF(AND($AU20<>"",ISNA(MATCH($AU20,HWSets,0))),"set "&$AU20&" not on Hardware sheet, ","")&IF(N($BE20)>96,"leaf over 8'-0"&CHAR(34)&" - check listing, ",""))
AW21: =IF($A21="","",IF($BW21<>"","FIX",IF($BX21<>"","CHECK","OK"))) | AX21: =IF($A21="","",IF($BW21<>"","FIX: "&LEFT($BW21,LEN($BW21)-2)&IF($BX21<>""," · ",""),"")&IF($BX21<>"","CHECK: "&LEFT($BX21,LEN($BX21)-2),"")) | AY21: =IF(OR($A21="",$K21=""),"",$K21&"'-"&N($L21)&CHAR(34)&" x "&$M21&"'-"&N($N21)&CHAR(34)) | AZ21: =IF(OR($A21="",$K21=""),"",$K21&N($L21)&$M21&N($N21)) | BA21: =IF(OR($A21="",$K21=""),"",$K21*12+N($L21)) | BB21: =IF(OR($A21="",$M21=""),"",$M21*12+N($N21)) | BC21: =IF($A21="","",IF(OR($C21="FRAME ONLY",$S21="BL"),0,IF($O21="Y",2,1))) | BD21: =IF(OR(N($BC21)=0,$BA21=""),"",($BA21-2*EdgeClr-IF($BC21=2,MeetClr,0))/$BC21) | BE21: =IF(OR(N($BC21)=0,$BB21=""),"",$BB21-HeadClr-Undercut) | BF21: =IF($BA21="","",$BA21+2*FaceW+IF(N($Q21)>0,($Q21+FaceW)*IF($R21="LR",2,1),0)) | BG21: =IF($BB21="","",$BB21+IF($AB21="Y",4,FaceW)+IF(N($P21)>0,$P21+FaceW,0)+IF(OR($S21="4F",$S21="BL"),FaceW,0)) | BH21: =IF($BF21="","",$BF21+2*ROSide) | BI21: =IF($BG21="","",$BG21+ROTop) | BJ21: =IF(OR(N($BC21)=0,$BA21=""),"",$BA21/$BC21-ClearDeduct) | BK21: =IF(OR(N($BC21)=0,$BE21=""),"",IF(OR($AC21="HGC",$AP21="HGC"),"CONT",IF($BE21<=60,2,IF($BE21<=90,3,IF($BE21<=120,4,5))))) | BL21: =IF(N($BC21)=0,"",IF(OR($AL21="",$AL21="FLUSH"),"FLUSH",IFERROR(LEFT($AL21,FIND("-",$AL21)-1),LEFT($AL21,2)))) | BM21: =IF($BL21="","",IFERROR(VALUE(MID($AL21,FIND("-",$AL21)+1,FIND(CHAR(34)&"x",$AL21)-FIND("-",$AL21)-1)),0)) | BN21: =IF($BL21="","",IFERROR(VALUE(MID($AL21,FIND(CHAR(34)&"x",$AL21)+2,FIND(CHAR(34),$AL21,FIND(CHAR(34)&"x",$AL21)+2)-FIND(CHAR(34)&"x",$AL21)-2)),0)) | BO21: =IF(OR($A21="",$H21="",$H21="NO LAB"),0,IFERROR(VALUE(LEFT($H21,FIND(" ",$H21)-1)),0)) | BP21: =IF(OR($A21="",$I21="",$I21="NON-RATED",N($J21)=0),"",IFERROR(VLOOKUP($I21&"|"&$J21,IBC,2,FALSE),"?")) | BQ21: =IF(NOT(AND($A21<>"",$C21<>"DOOR ONLY")),"",TRIM(IFERROR(VLOOKUP($U21,CODES,2,FALSE),"")&" "&$AZ21&" "&IFERROR(VLOOKUP($Z21,CODES,2,FALSE),"")&" "&IFERROR(VLOOKUP($X21,CODES,2,FALSE),"")&" "&IFERROR(VLOOKUP($S21,CODES,2,FALSE),"")&IF(N($P21)>0," w/TRANSOM "&$P21&CHAR(34),"")&IF(N($Q21)>0," w/SIDELITE "&$Q21&CHAR(34)&" "&IF($R21="","R",$R21),"")&IF($Y21=""," | "," | "&IFERROR(VLOOKUP($Y21,CODES,2,FALSE),"")&" | ")&IFERROR(VLOOKUP($AC21,CODES,2,FALSE),"")&" "&IFERROR(VLOOKUP($AD21,CODES,2,FALSE),"")&IF(OR($AE21="",$AE21="-"),""," "&$AE21)&IF(OR($AF21="",$AF21="-"),""," "&$AF21)&IF($AB21="Y"," 4"&CHAR(34)&" HEAD","")&" "&IFERROR(VLOOKUP($H21,CODES,2,FALSE),""))) | BR21: =IF(NOT(AND($A21<>"",N($BC21)>0)),"",TRIM(IFERROR(VLOOKUP($AH21,CODES,2,FALSE),"")&IF($AI21=""," "," "&$AI21&"GA ")&$AZ21&" "&IF($AN21="",IFERROR(VLOOKUP($Z21,CODES,2,FALSE),""),IFERROR(VLOOKUP($AN21,CODES,2,FALSE),""))&IF($BC21=2," PAIR","")&" DOOR | "&IF($AL21="","?",$AL21)&" | "&IF($AP21="",IFERROR(VLOOKUP($AC21,CODES,2,FALSE),""),IFERROR(VLOOKUP($AP21,CODES,2,FALSE),""))&" "&IFERROR(VLOOKUP($AQ21,CODES,2,FALSE),"")&IF(OR($AR21="",$AR21="-"),""," SEAM "&$AR21)&IF($AS21="Y"," ASTRAGAL","")&IF($AJ21=""," "," "&$AJ21)&IF($AK21=""," "," "&$AK21)&IF($AO21="",""," "&$AO21)&IF($AM21=""," "," SERIES "&$AM21)&" "&IFERROR(VLOOKUP($H21,CODES,2,FALSE),""))) | BS21: =IF(BV21="","",IF(COUNTIF($BV$6:BV21,BV21)=1,MAX($BS$5:BS20)+1,INDEX($BS$5:BS20,MATCH(BV21,$BV$5:BV20,0)))) | BT21: =IF(NOT(AND($A21<>"",$C21<>"DOOR ONLY")),"",MAX($BT$5:BT20)+1) | BU21: =IF(NOT(AND($A21<>"",N($BC21)>0)),"",MAX($BU$5:BU20)+1) | BV21: =IF(OR($A21="",$BA21="",$BB21=""),"",$AZ21&"|"&$O21&"|"&$AL21&"|"&$S21&"|"&$P21&"|"&$Q21&$R21&"|"&$C21&"|"&$AB21) | BW21: =IF($A21="","",IF($B21="","qty, ","")&IF($C21="","scope, ","")&IF(OR($K21="",$M21=""),"size, ","")&IF(AND($A21<>"",$C21<>"DOOR ONLY"),IF($U21="","jamb depth, ","")&IF($X21="","construction, ","")&IF($Y21="","anchor, ","")&IF($S21="","frame type, ",""),"")&IF(AND(N($BC21)>0,$Z21=""),"hand, ","")&IF(N($BC21)>0,IF($AH21="","door material, ","")&IF($AL21="","face type, ","")&IF($AQ21="","lock prep, ","")&IF(AND($AP21="",$AC21=""),"hinge prep, ",""),"")&IF(AND($BO21>0,$AH21="FRP"),"FRP cannot carry a label, ","")&IF(AND($O21="Y",OR($Z21="L",$Z21="R",$Z21="LR",$Z21="RR")),"pair marked but hand is single, ","")&IF(AND($O21<>"Y",OR($Z21="PR",AND(LEN($Z21)>1,ISNUMBER(SEARCH("-",$Z21))))),"pair hand on a single door, ","")&IF(AND(ISNUMBER($BP21),$BO21<N($BP21)),"wall needs a "&$BP21&" min door, ","")&IF(AND($BO21>=180,AND(OR($BL21="FG",$BL21="HG",$BL21="FNV",$BL21="FV"),N($BM21)*N($BN21)>100)),"180 min lite over 100 sq in, ","")&IF(N($BD21)>48,"leaf wider than 4'-0"&CHAR(34)&", ","")) | BX21: =IF($A21="","",IF(AND($BO21>0,AND($A21<>"",$C21<>"DOOR ONLY"),$X21="KD",$E21="EXTERIOR"),"KD label on an exterior opening, ","")&IF(AND($E21="EXTERIOR",OR(AND(AND($A21<>"",$C21<>"DOOR ONLY"),$W21="CR"),AND(N($BC21)>0,$AH21="CR"))),"exterior in CR steel (G9?), ","")&IF(AND(ISNUMBER($BJ21),N($BJ21)<32),"clear width ~"&TEXT($BJ21,"0.0")&CHAR(34)&" under 32"&CHAR(34)&" (ADA), ","")&IF(AND($BO21=90,AND(OR($BL21="FG",$BL21="HG",$BL21="FNV",$BL21="FV"),N($BM21)*N($BN21)>100)),"90 min lite over 100 sq in (stair/exit), ","")&IF(AND($BO21>0,AND($A21<>"",$C21<>"DOOR ONLY"),OR($AF21="",$AF21="-")),"rated: closer reinf.?, ","")&IF(OR($I21="CORRIDOR",$I21="SMOKE BARRIER"),"S label + smoke gasketing, ","")&IF($BP21="?","wall type/hr not in IBC table, ","")&IF(AND(N($BC21)>0,$AU21=""),"no hardware set, ","")&IF(AND($AU21<>"",ISNA(MATCH($AU21,HWSets,0))),"set "&$AU21&" not on Hardware sheet, ","")&IF(N($BE21)>96,"leaf over 8'-0"&CHAR(34)&" - check listing, ",""))
AW22: =IF($A22="","",IF($BW22<>"","FIX",IF($BX22<>"","CHECK","OK"))) | AX22: =IF($A22="","",IF($BW22<>"","FIX: "&LEFT($BW22,LEN($BW22)-2)&IF($BX22<>""," · ",""),"")&IF($BX22<>"","CHECK: "&LEFT($BX22,LEN($BX22)-2),"")) | AY22: =IF(OR($A22="",$K22=""),"",$K22&"'-"&N($L22)&CHAR(34)&" x "&$M22&"'-"&N($N22)&CHAR(34)) | AZ22: =IF(OR($A22="",$K22=""),"",$K22&N($L22)&$M22&N($N22)) | BA22: =IF(OR($A22="",$K22=""),"",$K22*12+N($L22)) | BB22: =IF(OR($A22="",$M22=""),"",$M22*12+N($N22)) | BC22: =IF($A22="","",IF(OR($C22="FRAME ONLY",$S22="BL"),0,IF($O22="Y",2,1))) | BD22: =IF(OR(N($BC22)=0,$BA22=""),"",($BA22-2*EdgeClr-IF($BC22=2,MeetClr,0))/$BC22) | BE22: =IF(OR(N($BC22)=0,$BB22=""),"",$BB22-HeadClr-Undercut) | BF22: =IF($BA22="","",$BA22+2*FaceW+IF(N($Q22)>0,($Q22+FaceW)*IF($R22="LR",2,1),0)) | BG22: =IF($BB22="","",$BB22+IF($AB22="Y",4,FaceW)+IF(N($P22)>0,$P22+FaceW,0)+IF(OR($S22="4F",$S22="BL"),FaceW,0)) | BH22: =IF($BF22="","",$BF22+2*ROSide) | BI22: =IF($BG22="","",$BG22+ROTop) | BJ22: =IF(OR(N($BC22)=0,$BA22=""),"",$BA22/$BC22-ClearDeduct) | BK22: =IF(OR(N($BC22)=0,$BE22=""),"",IF(OR($AC22="HGC",$AP22="HGC"),"CONT",IF($BE22<=60,2,IF($BE22<=90,3,IF($BE22<=120,4,5))))) | BL22: =IF(N($BC22)=0,"",IF(OR($AL22="",$AL22="FLUSH"),"FLUSH",IFERROR(LEFT($AL22,FIND("-",$AL22)-1),LEFT($AL22,2)))) | BM22: =IF($BL22="","",IFERROR(VALUE(MID($AL22,FIND("-",$AL22)+1,FIND(CHAR(34)&"x",$AL22)-FIND("-",$AL22)-1)),0)) | BN22: =IF($BL22="","",IFERROR(VALUE(MID($AL22,FIND(CHAR(34)&"x",$AL22)+2,FIND(CHAR(34),$AL22,FIND(CHAR(34)&"x",$AL22)+2)-FIND(CHAR(34)&"x",$AL22)-2)),0)) | BO22: =IF(OR($A22="",$H22="",$H22="NO LAB"),0,IFERROR(VALUE(LEFT($H22,FIND(" ",$H22)-1)),0)) | BP22: =IF(OR($A22="",$I22="",$I22="NON-RATED",N($J22)=0),"",IFERROR(VLOOKUP($I22&"|"&$J22,IBC,2,FALSE),"?")) | BQ22: =IF(NOT(AND($A22<>"",$C22<>"DOOR ONLY")),"",TRIM(IFERROR(VLOOKUP($U22,CODES,2,FALSE),"")&" "&$AZ22&" "&IFERROR(VLOOKUP($Z22,CODES,2,FALSE),"")&" "&IFERROR(VLOOKUP($X22,CODES,2,FALSE),"")&" "&IFERROR(VLOOKUP($S22,CODES,2,FALSE),"")&IF(N($P22)>0," w/TRANSOM "&$P22&CHAR(34),"")&IF(N($Q22)>0," w/SIDELITE "&$Q22&CHAR(34)&" "&IF($R22="","R",$R22),"")&IF($Y22=""," | "," | "&IFERROR(VLOOKUP($Y22,CODES,2,FALSE),"")&" | ")&IFERROR(VLOOKUP($AC22,CODES,2,FALSE),"")&" "&IFERROR(VLOOKUP($AD22,CODES,2,FALSE),"")&IF(OR($AE22="",$AE22="-"),""," "&$AE22)&IF(OR($AF22="",$AF22="-"),""," "&$AF22)&IF($AB22="Y"," 4"&CHAR(34)&" HEAD","")&" "&IFERROR(VLOOKUP($H22,CODES,2,FALSE),""))) | BR22: =IF(NOT(AND($A22<>"",N($BC22)>0)),"",TRIM(IFERROR(VLOOKUP($AH22,CODES,2,FALSE),"")&IF($AI22=""," "," "&$AI22&"GA ")&$AZ22&" "&IF($AN22="",IFERROR(VLOOKUP($Z22,CODES,2,FALSE),""),IFERROR(VLOOKUP($AN22,CODES,2,FALSE),""))&IF($BC22=2," PAIR","")&" DOOR | "&IF($AL22="","?",$AL22)&" | "&IF($AP22="",IFERROR(VLOOKUP($AC22,CODES,2,FALSE),""),IFERROR(VLOOKUP($AP22,CODES,2,FALSE),""))&" "&IFERROR(VLOOKUP($AQ22,CODES,2,FALSE),"")&IF(OR($AR22="",$AR22="-"),""," SEAM "&$AR22)&IF($AS22="Y"," ASTRAGAL","")&IF($AJ22=""," "," "&$AJ22)&IF($AK22=""," "," "&$AK22)&IF($AO22="",""," "&$AO22)&IF($AM22=""," "," SERIES "&$AM22)&" "&IFERROR(VLOOKUP($H22,CODES,2,FALSE),""))) | BS22: =IF(BV22="","",IF(COUNTIF($BV$6:BV22,BV22)=1,MAX($BS$5:BS21)+1,INDEX($BS$5:BS21,MATCH(BV22,$BV$5:BV21,0)))) | BT22: =IF(NOT(AND($A22<>"",$C22<>"DOOR ONLY")),"",MAX($BT$5:BT21)+1) | BU22: =IF(NOT(AND($A22<>"",N($BC22)>0)),"",MAX($BU$5:BU21)+1) | BV22: =IF(OR($A22="",$BA22="",$BB22=""),"",$AZ22&"|"&$O22&"|"&$AL22&"|"&$S22&"|"&$P22&"|"&$Q22&$R22&"|"&$C22&"|"&$AB22) | BW22: =IF($A22="","",IF($B22="","qty, ","")&IF($C22="","scope, ","")&IF(OR($K22="",$M22=""),"size, ","")&IF(AND($A22<>"",$C22<>"DOOR ONLY"),IF($U22="","jamb depth, ","")&IF($X22="","construction, ","")&IF($Y22="","anchor, ","")&IF($S22="","frame type, ",""),"")&IF(AND(N($BC22)>0,$Z22=""),"hand, ","")&IF(N($BC22)>0,IF($AH22="","door material, ","")&IF($AL22="","face type, ","")&IF($AQ22="","lock prep, ","")&IF(AND($AP22="",$AC22=""),"hinge prep, ",""),"")&IF(AND($BO22>0,$AH22="FRP"),"FRP cannot carry a label, ","")&IF(AND($O22="Y",OR($Z22="L",$Z22="R",$Z22="LR",$Z22="RR")),"pair marked but hand is single, ","")&IF(AND($O22<>"Y",OR($Z22="PR",AND(LEN($Z22)>1,ISNUMBER(SEARCH("-",$Z22))))),"pair hand on a single door, ","")&IF(AND(ISNUMBER($BP22),$BO22<N($BP22)),"wall needs a "&$BP22&" min door, ","")&IF(AND($BO22>=180,AND(OR($BL22="FG",$BL22="HG",$BL22="FNV",$BL22="FV"),N($BM22)*N($BN22)>100)),"180 min lite over 100 sq in, ","")&IF(N($BD22)>48,"leaf wider than 4'-0"&CHAR(34)&", ","")) | BX22: =IF($A22="","",IF(AND($BO22>0,AND($A22<>"",$C22<>"DOOR ONLY"),$X22="KD",$E22="EXTERIOR"),"KD label on an exterior opening, ","")&IF(AND($E22="EXTERIOR",OR(AND(AND($A22<>"",$C22<>"DOOR ONLY"),$W22="CR"),AND(N($BC22)>0,$AH22="CR"))),"exterior in CR steel (G9?), ","")&IF(AND(ISNUMBER($BJ22),N($BJ22)<32),"clear width ~"&TEXT($BJ22,"0.0")&CHAR(34)&" under 32"&CHAR(34)&" (ADA), ","")&IF(AND($BO22=90,AND(OR($BL22="FG",$BL22="HG",$BL22="FNV",$BL22="FV"),N($BM22)*N($BN22)>100)),"90 min lite over 100 sq in (stair/exit), ","")&IF(AND($BO22>0,AND($A22<>"",$C22<>"DOOR ONLY"),OR($AF22="",$AF22="-")),"rated: closer reinf.?, ","")&IF(OR($I22="CORRIDOR",$I22="SMOKE BARRIER"),"S label + smoke gasketing, ","")&IF($BP22="?","wall type/hr not in IBC table, ","")&IF(AND(N($BC22)>0,$AU22=""),"no hardware set, ","")&IF(AND($AU22<>"",ISNA(MATCH($AU22,HWSets,0))),"set "&$AU22&" not on Hardware sheet, ","")&IF(N($BE22)>96,"leaf over 8'-0"&CHAR(34)&" - check listing, ",""))
AW23: =IF($A23="","",IF($BW23<>"","FIX",IF($BX23<>"","CHECK","OK"))) | AX23: =IF($A23="","",IF($BW23<>"","FIX: "&LEFT($BW23,LEN($BW23)-2)&IF($BX23<>""," · ",""),"")&IF($BX23<>"","CHECK: "&LEFT($BX23,LEN($BX23)-2),"")) | AY23: =IF(OR($A23="",$K23=""),"",$K23&"'-"&N($L23)&CHAR(34)&" x "&$M23&"'-"&N($N23)&CHAR(34)) | AZ23: =IF(OR($A23="",$K23=""),"",$K23&N($L23)&$M23&N($N23)) | BA23: =IF(OR($A23="",$K23=""),"",$K23*12+N($L23)) | BB23: =IF(OR($A23="",$M23=""),"",$M23*12+N($N23)) | BC23: =IF($A23="","",IF(OR($C23="FRAME ONLY",$S23="BL"),0,IF($O23="Y",2,1))) | BD23: =IF(OR(N($BC23)=0,$BA23=""),"",($BA23-2*EdgeClr-IF($BC23=2,MeetClr,0))/$BC23) | BE23: =IF(OR(N($BC23)=0,$BB23=""),"",$BB23-HeadClr-Undercut) | BF23: =IF($BA23="","",$BA23+2*FaceW+IF(N($Q23)>0,($Q23+FaceW)*IF($R23="LR",2,1),0)) | BG23: =IF($BB23="","",$BB23+IF($AB23="Y",4,FaceW)+IF(N($P23)>0,$P23+FaceW,0)+IF(OR($S23="4F",$S23="BL"),FaceW,0)) | BH23: =IF($BF23="","",$BF23+2*ROSide) | BI23: =IF($BG23="","",$BG23+ROTop) | BJ23: =IF(OR(N($BC23)=0,$BA23=""),"",$BA23/$BC23-ClearDeduct) | BK23: =IF(OR(N($BC23)=0,$BE23=""),"",IF(OR($AC23="HGC",$AP23="HGC"),"CONT",IF($BE23<=60,2,IF($BE23<=90,3,IF($BE23<=120,4,5))))) | BL23: =IF(N($BC23)=0,"",IF(OR($AL23="",$AL23="FLUSH"),"FLUSH",IFERROR(LEFT($AL23,FIND("-",$AL23)-1),LEFT($AL23,2)))) | BM23: =IF($BL23="","",IFERROR(VALUE(MID($AL23,FIND("-",$AL23)+1,FIND(CHAR(34)&"x",$AL23)-FIND("-",$AL23)-1)),0)) | BN23: =IF($BL23="","",IFERROR(VALUE(MID($AL23,FIND(CHAR(34)&"x",$AL23)+2,FIND(CHAR(34),$AL23,FIND(CHAR(34)&"x",$AL23)+2)-FIND(CHAR(34)&"x",$AL23)-2)),0)) | BO23: =IF(OR($A23="",$H23="",$H23="NO LAB"),0,IFERROR(VALUE(LEFT($H23,FIND(" ",$H23)-1)),0)) | BP23: =IF(OR($A23="",$I23="",$I23="NON-RATED",N($J23)=0),"",IFERROR(VLOOKUP($I23&"|"&$J23,IBC,2,FALSE),"?")) | BQ23: =IF(NOT(AND($A23<>"",$C23<>"DOOR ONLY")),"",TRIM(IFERROR(VLOOKUP($U23,CODES,2,FALSE),"")&" "&$AZ23&" "&IFERROR(VLOOKUP($Z23,CODES,2,FALSE),"")&" "&IFERROR(VLOOKUP($X23,CODES,2,FALSE),"")&" "&IFERROR(VLOOKUP($S23,CODES,2,FALSE),"")&IF(N($P23)>0," w/TRANSOM "&$P23&CHAR(34),"")&IF(N($Q23)>0," w/SIDELITE "&$Q23&CHAR(34)&" "&IF($R23="","R",$R23),"")&IF($Y23=""," | "," | "&IFERROR(VLOOKUP($Y23,CODES,2,FALSE),"")&" | ")&IFERROR(VLOOKUP($AC23,CODES,2,FALSE),"")&" "&IFERROR(VLOOKUP($AD23,CODES,2,FALSE),"")&IF(OR($AE23="",$AE23="-"),""," "&$AE23)&IF(OR($AF23="",$AF23="-"),""," "&$AF23)&IF($AB23="Y"," 4"&CHAR(34)&" HEAD","")&" "&IFERROR(VLOOKUP($H23,CODES,2,FALSE),""))) | BR23: =IF(NOT(AND($A23<>"",N($BC23)>0)),"",TRIM(IFERROR(VLOOKUP($AH23,CODES,2,FALSE),"")&IF($AI23=""," "," "&$AI23&"GA ")&$AZ23&" "&IF($AN23="",IFERROR(VLOOKUP($Z23,CODES,2,FALSE),""),IFERROR(VLOOKUP($AN23,CODES,2,FALSE),""))&IF($BC23=2," PAIR","")&" DOOR | "&IF($AL23="","?",$AL23)&" | "&IF($AP23="",IFERROR(VLOOKUP($AC23,CODES,2,FALSE),""),IFERROR(VLOOKUP($AP23,CODES,2,FALSE),""))&" "&IFERROR(VLOOKUP($AQ23,CODES,2,FALSE),"")&IF(OR($AR23="",$AR23="-"),""," SEAM "&$AR23)&IF($AS23="Y"," ASTRAGAL","")&IF($AJ23=""," "," "&$AJ23)&IF($AK23=""," "," "&$AK23)&IF($AO23="",""," "&$AO23)&IF($AM23=""," "," SERIES "&$AM23)&" "&IFERROR(VLOOKUP($H23,CODES,2,FALSE),""))) | BS23: =IF(BV23="","",IF(COUNTIF($BV$6:BV23,BV23)=1,MAX($BS$5:BS22)+1,INDEX($BS$5:BS22,MATCH(BV23,$BV$5:BV22,0)))) | BT23: =IF(NOT(AND($A23<>"",$C23<>"DOOR ONLY")),"",MAX($BT$5:BT22)+1) | BU23: =IF(NOT(AND($A23<>"",N($BC23)>0)),"",MAX($BU$5:BU22)+1) | BV23: =IF(OR($A23="",$BA23="",$BB23=""),"",$AZ23&"|"&$O23&"|"&$AL23&"|"&$S23&"|"&$P23&"|"&$Q23&$R23&"|"&$C23&"|"&$AB23) | BW23: =IF($A23="","",IF($B23="","qty, ","")&IF($C23="","scope, ","")&IF(OR($K23="",$M23=""),"size, ","")&IF(AND($A23<>"",$C23<>"DOOR ONLY"),IF($U23="","jamb depth, ","")&IF($X23="","construction, ","")&IF($Y23="","anchor, ","")&IF($S23="","frame type, ",""),"")&IF(AND(N($BC23)>0,$Z23=""),"hand, ","")&IF(N($BC23)>0,IF($AH23="","door material, ","")&IF($AL23="","face type, ","")&IF($AQ23="","lock prep, ","")&IF(AND($AP23="",$AC23=""),"hinge prep, ",""),"")&IF(AND($BO23>0,$AH23="FRP"),"FRP cannot carry a label, ","")&IF(AND($O23="Y",OR($Z23="L",$Z23="R",$Z23="LR",$Z23="RR")),"pair marked but hand is single, ","")&IF(AND($O23<>"Y",OR($Z23="PR",AND(LEN($Z23)>1,ISNUMBER(SEARCH("-",$Z23))))),"pair hand on a single door, ","")&IF(AND(ISNUMBER($BP23),$BO23<N($BP23)),"wall needs a "&$BP23&" min door, ","")&IF(AND($BO23>=180,AND(OR($BL23="FG",$BL23="HG",$BL23="FNV",$BL23="FV"),N($BM23)*N($BN23)>100)),"180 min lite over 100 sq in, ","")&IF(N($BD23)>48,"leaf wider than 4'-0"&CHAR(34)&", ","")) | BX23: =IF($A23="","",IF(AND($BO23>0,AND($A23<>"",$C23<>"DOOR ONLY"),$X23="KD",$E23="EXTERIOR"),"KD label on an exterior opening, ","")&IF(AND($E23="EXTERIOR",OR(AND(AND($A23<>"",$C23<>"DOOR ONLY"),$W23="CR"),AND(N($BC23)>0,$AH23="CR"))),"exterior in CR steel (G9?), ","")&IF(AND(ISNUMBER($BJ23),N($BJ23)<32),"clear width ~"&TEXT($BJ23,"0.0")&CHAR(34)&" under 32"&CHAR(34)&" (ADA), ","")&IF(AND($BO23=90,AND(OR($BL23="FG",$BL23="HG",$BL23="FNV",$BL23="FV"),N($BM23)*N($BN23)>100)),"90 min lite over 100 sq in (stair/exit), ","")&IF(AND($BO23>0,AND($A23<>"",$C23<>"DOOR ONLY"),OR($AF23="",$AF23="-")),"rated: closer reinf.?, ","")&IF(OR($I23="CORRIDOR",$I23="SMOKE BARRIER"),"S label + smoke gasketing, ","")&IF($BP23="?","wall type/hr not in IBC table, ","")&IF(AND(N($BC23)>0,$AU23=""),"no hardware set, ","")&IF(AND($AU23<>"",ISNA(MATCH($AU23,HWSets,0))),"set "&$AU23&" not on Hardware sheet, ","")&IF(N($BE23)>96,"leaf over 8'-0"&CHAR(34)&" - check listing, ",""))
AW24: =IF($A24="","",IF($BW24<>"","FIX",IF($BX24<>"","CHECK","OK"))) | AX24: =IF($A24="","",IF($BW24<>"","FIX: "&LEFT($BW24,LEN($BW24)-2)&IF($BX24<>""," · ",""),"")&IF($BX24<>"","CHECK: "&LEFT($BX24,LEN($BX24)-2),"")) | AY24: =IF(OR($A24="",$K24=""),"",$K24&"'-"&N($L24)&CHAR(34)&" x "&$M24&"'-"&N($N24)&CHAR(34)) | AZ24: =IF(OR($A24="",$K24=""),"",$K24&N($L24)&$M24&N($N24)) | BA24: =IF(OR($A24="",$K24=""),"",$K24*12+N($L24)) | BB24: =IF(OR($A24="",$M24=""),"",$M24*12+N($N24)) | BC24: =IF($A24="","",IF(OR($C24="FRAME ONLY",$S24="BL"),0,IF($O24="Y",2,1))) | BD24: =IF(OR(N($BC24)=0,$BA24=""),"",($BA24-2*EdgeClr-IF($BC24=2,MeetClr,0))/$BC24) | BE24: =IF(OR(N($BC24)=0,$BB24=""),"",$BB24-HeadClr-Undercut) | BF24: =IF($BA24="","",$BA24+2*FaceW+IF(N($Q24)>0,($Q24+FaceW)*IF($R24="LR",2,1),0)) | BG24: =IF($BB24="","",$BB24+IF($AB24="Y",4,FaceW)+IF(N($P24)>0,$P24+FaceW,0)+IF(OR($S24="4F",$S24="BL"),FaceW,0)) | BH24: =IF($BF24="","",$BF24+2*ROSide) | BI24: =IF($BG24="","",$BG24+ROTop) | BJ24: =IF(OR(N($BC24)=0,$BA24=""),"",$BA24/$BC24-ClearDeduct) | BK24: =IF(OR(N($BC24)=0,$BE24=""),"",IF(OR($AC24="HGC",$AP24="HGC"),"CONT",IF($BE24<=60,2,IF($BE24<=90,3,IF($BE24<=120,4,5))))) | BL24: =IF(N($BC24)=0,"",IF(OR($AL24="",$AL24="FLUSH"),"FLUSH",IFERROR(LEFT($AL24,FIND("-",$AL24)-1),LEFT($AL24,2)))) | BM24: =IF($BL24="","",IFERROR(VALUE(MID($AL24,FIND("-",$AL24)+1,FIND(CHAR(34)&"x",$AL24)-FIND("-",$AL24)-1)),0)) | BN24: =IF($BL24="","",IFERROR(VALUE(MID($AL24,FIND(CHAR(34)&"x",$AL24)+2,FIND(CHAR(34),$AL24,FIND(CHAR(34)&"x",$AL24)+2)-FIND(CHAR(34)&"x",$AL24)-2)),0)) | BO24: =IF(OR($A24="",$H24="",$H24="NO LAB"),0,IFERROR(VALUE(LEFT($H24,FIND(" ",$H24)-1)),0)) | BP24: =IF(OR($A24="",$I24="",$I24="NON-RATED",N($J24)=0),"",IFERROR(VLOOKUP($I24&"|"&$J24,IBC,2,FALSE),"?")) | BQ24: =IF(NOT(AND($A24<>"",$C24<>"DOOR ONLY")),"",TRIM(IFERROR(VLOOKUP($U24,CODES,2,FALSE),"")&" "&$AZ24&" "&IFERROR(VLOOKUP($Z24,CODES,2,FALSE),"")&" "&IFERROR(VLOOKUP($X24,CODES,2,FALSE),"")&" "&IFERROR(VLOOKUP($S24,CODES,2,FALSE),"")&IF(N($P24)>0," w/TRANSOM "&$P24&CHAR(34),"")&IF(N($Q24)>0," w/SIDELITE "&$Q24&CHAR(34)&" "&IF($R24="","R",$R24),"")&IF($Y24=""," | "," | "&IFERROR(VLOOKUP($Y24,CODES,2,FALSE),"")&" | ")&IFERROR(VLOOKUP($AC24,CODES,2,FALSE),"")&" "&IFERROR(VLOOKUP($AD24,CODES,2,FALSE),"")&IF(OR($AE24="",$AE24="-"),""," "&$AE24)&IF(OR($AF24="",$AF24="-"),""," "&$AF24)&IF($AB24="Y"," 4"&CHAR(34)&" HEAD","")&" "&IFERROR(VLOOKUP($H24,CODES,2,FALSE),""))) | BR24: =IF(NOT(AND($A24<>"",N($BC24)>0)),"",TRIM(IFERROR(VLOOKUP($AH24,CODES,2,FALSE),"")&IF($AI24=""," "," "&$AI24&"GA ")&$AZ24&" "&IF($AN24="",IFERROR(VLOOKUP($Z24,CODES,2,FALSE),""),IFERROR(VLOOKUP($AN24,CODES,2,FALSE),""))&IF($BC24=2," PAIR","")&" DOOR | "&IF($AL24="","?",$AL24)&" | "&IF($AP24="",IFERROR(VLOOKUP($AC24,CODES,2,FALSE),""),IFERROR(VLOOKUP($AP24,CODES,2,FALSE),""))&" "&IFERROR(VLOOKUP($AQ24,CODES,2,FALSE),"")&IF(OR($AR24="",$AR24="-"),""," SEAM "&$AR24)&IF($AS24="Y"," ASTRAGAL","")&IF($AJ24=""," "," "&$AJ24)&IF($AK24=""," "," "&$AK24)&IF($AO24="",""," "&$AO24)&IF($AM24=""," "," SERIES "&$AM24)&" "&IFERROR(VLOOKUP($H24,CODES,2,FALSE),""))) | BS24: =IF(BV24="","",IF(COUNTIF($BV$6:BV24,BV24)=1,MAX($BS$5:BS23)+1,INDEX($BS$5:BS23,MATCH(BV24,$BV$5:BV23,0)))) | BT24: =IF(NOT(AND($A24<>"",$C24<>"DOOR ONLY")),"",MAX($BT$5:BT23)+1) | BU24: =IF(NOT(AND($A24<>"",N($BC24)>0)),"",MAX($BU$5:BU23)+1) | BV24: =IF(OR($A24="",$BA24="",$BB24=""),"",$AZ24&"|"&$O24&"|"&$AL24&"|"&$S24&"|"&$P24&"|"&$Q24&$R24&"|"&$C24&"|"&$AB24) | BW24: =IF($A24="","",IF($B24="","qty, ","")&IF($C24="","scope, ","")&IF(OR($K24="",$M24=""),"size, ","")&IF(AND($A24<>"",$C24<>"DOOR ONLY"),IF($U24="","jamb depth, ","")&IF($X24="","construction, ","")&IF($Y24="","anchor, ","")&IF($S24="","frame type, ",""),"")&IF(AND(N($BC24)>0,$Z24=""),"hand, ","")&IF(N($BC24)>0,IF($AH24="","door material, ","")&IF($AL24="","face type, ","")&IF($AQ24="","lock prep, ","")&IF(AND($AP24="",$AC24=""),"hinge prep, ",""),"")&IF(AND($BO24>0,$AH24="FRP"),"FRP cannot carry a label, ","")&IF(AND($O24="Y",OR($Z24="L",$Z24="R",$Z24="LR",$Z24="RR")),"pair marked but hand is single, ","")&IF(AND($O24<>"Y",OR($Z24="PR",AND(LEN($Z24)>1,ISNUMBER(SEARCH("-",$Z24))))),"pair hand on a single door, ","")&IF(AND(ISNUMBER($BP24),$BO24<N($BP24)),"wall needs a "&$BP24&" min door, ","")&IF(AND($BO24>=180,AND(OR($BL24="FG",$BL24="HG",$BL24="FNV",$BL24="FV"),N($BM24)*N($BN24)>100)),"180 min lite over 100 sq in, ","")&IF(N($BD24)>48,"leaf wider than 4'-0"&CHAR(34)&", ","")) | BX24: =IF($A24="","",IF(AND($BO24>0,AND($A24<>"",$C24<>"DOOR ONLY"),$X24="KD",$E24="EXTERIOR"),"KD label on an exterior opening, ","")&IF(AND($E24="EXTERIOR",OR(AND(AND($A24<>"",$C24<>"DOOR ONLY"),$W24="CR"),AND(N($BC24)>0,$AH24="CR"))),"exterior in CR steel (G9?), ","")&IF(AND(ISNUMBER($BJ24),N($BJ24)<32),"clear width ~"&TEXT($BJ24,"0.0")&CHAR(34)&" under 32"&CHAR(34)&" (ADA), ","")&IF(AND($BO24=90,AND(OR($BL24="FG",$BL24="HG",$BL24="FNV",$BL24="FV"),N($BM24)*N($BN24)>100)),"90 min lite over 100 sq in (stair/exit), ","")&IF(AND($BO24>0,AND($A24<>"",$C24<>"DOOR ONLY"),OR($AF24="",$AF24="-")),"rated: closer reinf.?, ","")&IF(OR($I24="CORRIDOR",$I24="SMOKE BARRIER"),"S label + smoke gasketing, ","")&IF($BP24="?","wall type/hr not in IBC table, ","")&IF(AND(N($BC24)>0,$AU24=""),"no hardware set, ","")&IF(AND($AU24<>"",ISNA(MATCH($AU24,HWSets,0))),"set "&$AU24&" not on Hardware sheet, ","")&IF(N($BE24)>96,"leaf over 8'-0"&CHAR(34)&" - check listing, ",""))
AW25: =IF($A25="","",IF($BW25<>"","FIX",IF($BX25<>"","CHECK","OK"))) | AX25: =IF($A25="","",IF($BW25<>"","FIX: "&LEFT($BW25,LEN($BW25)-2)&IF($BX25<>""," · ",""),"")&IF($BX25<>"","CHECK: "&LEFT($BX25,LEN($BX25)-2),"")) | AY25: =IF(OR($A25="",$K25=""),"",$K25&"'-"&N($L25)&CHAR(34)&" x "&$M25&"'-"&N($N25)&CHAR(34)) | AZ25: =IF(OR($A25="",$K25=""),"",$K25&N($L25)&$M25&N($N25)) | BA25: =IF(OR($A25="",$K25=""),"",$K25*12+N($L25)) | BB25: =IF(OR($A25="",$M25=""),"",$M25*12+N($N25)) | BC25: =IF($A25="","",IF(OR($C25="FRAME ONLY",$S25="BL"),0,IF($O25="Y",2,1))) | BD25: =IF(OR(N($BC25)=0,$BA25=""),"",($BA25-2*EdgeClr-IF($BC25=2,MeetClr,0))/$BC25) | BE25: =IF(OR(N($BC25)=0,$BB25=""),"",$BB25-HeadClr-Undercut) | BF25: =IF($BA25="","",$BA25+2*FaceW+IF(N($Q25)>0,($Q25+FaceW)*IF($R25="LR",2,1),0)) | BG25: =IF($BB25="","",$BB25+IF($AB25="Y",4,FaceW)+IF(N($P25)>0,$P25+FaceW,0)+IF(OR($S25="4F",$S25="BL"),FaceW,0)) | BH25: =IF($BF25="","",$BF25+2*ROSide) | BI25: =IF($BG25="","",$BG25+ROTop) | BJ25: =IF(OR(N($BC25)=0,$BA25=""),"",$BA25/$BC25-ClearDeduct) | BK25: =IF(OR(N($BC25)=0,$BE25=""),"",IF(OR($AC25="HGC",$AP25="HGC"),"CONT",IF($BE25<=60,2,IF($BE25<=90,3,IF($BE25<=120,4,5))))) | BL25: =IF(N($BC25)=0,"",IF(OR($AL25="",$AL25="FLUSH"),"FLUSH",IFERROR(LEFT($AL25,FIND("-",$AL25)-1),LEFT($AL25,2)))) | BM25: =IF($BL25="","",IFERROR(VALUE(MID($AL25,FIND("-",$AL25)+1,FIND(CHAR(34)&"x",$AL25)-FIND("-",$AL25)-1)),0)) | BN25: =IF($BL25="","",IFERROR(VALUE(MID($AL25,FIND(CHAR(34)&"x",$AL25)+2,FIND(CHAR(34),$AL25,FIND(CHAR(34)&"x",$AL25)+2)-FIND(CHAR(34)&"x",$AL25)-2)),0)) | BO25: =IF(OR($A25="",$H25="",$H25="NO LAB"),0,IFERROR(VALUE(LEFT($H25,FIND(" ",$H25)-1)),0)) | BP25: =IF(OR($A25="",$I25="",$I25="NON-RATED",N($J25)=0),"",IFERROR(VLOOKUP($I25&"|"&$J25,IBC,2,FALSE),"?")) | BQ25: =IF(NOT(AND($A25<>"",$C25<>"DOOR ONLY")),"",TRIM(IFERROR(VLOOKUP($U25,CODES,2,FALSE),"")&" "&$AZ25&" "&IFERROR(VLOOKUP($Z25,CODES,2,FALSE),"")&" "&IFERROR(VLOOKUP($X25,CODES,2,FALSE),"")&" "&IFERROR(VLOOKUP($S25,CODES,2,FALSE),"")&IF(N($P25)>0," w/TRANSOM "&$P25&CHAR(34),"")&IF(N($Q25)>0," w/SIDELITE "&$Q25&CHAR(34)&" "&IF($R25="","R",$R25),"")&IF($Y25=""," | "," | "&IFERROR(VLOOKUP($Y25,CODES,2,FALSE),"")&" | ")&IFERROR(VLOOKUP($AC25,CODES,2,FALSE),"")&" "&IFERROR(VLOOKUP($AD25,CODES,2,FALSE),"")&IF(OR($AE25="",$AE25="-"),""," "&$AE25)&IF(OR($AF25="",$AF25="-"),""," "&$AF25)&IF($AB25="Y"," 4"&CHAR(34)&" HEAD","")&" "&IFERROR(VLOOKUP($H25,CODES,2,FALSE),""))) | BR25: =IF(NOT(AND($A25<>"",N($BC25)>0)),"",TRIM(IFERROR(VLOOKUP($AH25,CODES,2,FALSE),"")&IF($AI25=""," "," "&$AI25&"GA ")&$AZ25&" "&IF($AN25="",IFERROR(VLOOKUP($Z25,CODES,2,FALSE),""),IFERROR(VLOOKUP($AN25,CODES,2,FALSE),""))&IF($BC25=2," PAIR","")&" DOOR | "&IF($AL25="","?",$AL25)&" | "&IF($AP25="",IFERROR(VLOOKUP($AC25,CODES,2,FALSE),""),IFERROR(VLOOKUP($AP25,CODES,2,FALSE),""))&" "&IFERROR(VLOOKUP($AQ25,CODES,2,FALSE),"")&IF(OR($AR25="",$AR25="-"),""," SEAM "&$AR25)&IF($AS25="Y"," ASTRAGAL","")&IF($AJ25=""," "," "&$AJ25)&IF($AK25=""," "," "&$AK25)&IF($AO25="",""," "&$AO25)&IF($AM25=""," "," SERIES "&$AM25)&" "&IFERROR(VLOOKUP($H25,CODES,2,FALSE),""))) | BS25: =IF(BV25="","",IF(COUNTIF($BV$6:BV25,BV25)=1,MAX($BS$5:BS24)+1,INDEX($BS$5:BS24,MATCH(BV25,$BV$5:BV24,0)))) | BT25: =IF(NOT(AND($A25<>"",$C25<>"DOOR ONLY")),"",MAX($BT$5:BT24)+1) | BU25: =IF(NOT(AND($A25<>"",N($BC25)>0)),"",MAX($BU$5:BU24)+1) | BV25: =IF(OR($A25="",$BA25="",$BB25=""),"",$AZ25&"|"&$O25&"|"&$AL25&"|"&$S25&"|"&$P25&"|"&$Q25&$R25&"|"&$C25&"|"&$AB25) | BW25: =IF($A25="","",IF($B25="","qty, ","")&IF($C25="","scope, ","")&IF(OR($K25="",$M25=""),"size, ","")&IF(AND($A25<>"",$C25<>"DOOR ONLY"),IF($U25="","jamb depth, ","")&IF($X25="","construction, ","")&IF($Y25="","anchor, ","")&IF($S25="","frame type, ",""),"")&IF(AND(N($BC25)>0,$Z25=""),"hand, ","")&IF(N($BC25)>0,IF($AH25="","door material, ","")&IF($AL25="","face type, ","")&IF($AQ25="","lock prep, ","")&IF(AND($AP25="",$AC25=""),"hinge prep, ",""),"")&IF(AND($BO25>0,$AH25="FRP"),"FRP cannot carry a label, ","")&IF(AND($O25="Y",OR($Z25="L",$Z25="R",$Z25="LR",$Z25="RR")),"pair marked but hand is single, ","")&IF(AND($O25<>"Y",OR($Z25="PR",AND(LEN($Z25)>1,ISNUMBER(SEARCH("-",$Z25))))),"pair hand on a single door, ","")&IF(AND(ISNUMBER($BP25),$BO25<N($BP25)),"wall needs a "&$BP25&" min door, ","")&IF(AND($BO25>=180,AND(OR($BL25="FG",$BL25="HG",$BL25="FNV",$BL25="FV"),N($BM25)*N($BN25)>100)),"180 min lite over 100 sq in, ","")&IF(N($BD25)>48,"leaf wider than 4'-0"&CHAR(34)&", ","")) | BX25: =IF($A25="","",IF(AND($BO25>0,AND($A25<>"",$C25<>"DOOR ONLY"),$X25="KD",$E25="EXTERIOR"),"KD label on an exterior opening, ","")&IF(AND($E25="EXTERIOR",OR(AND(AND($A25<>"",$C25<>"DOOR ONLY"),$W25="CR"),AND(N($BC25)>0,$AH25="CR"))),"exterior in CR steel (G9?), ","")&IF(AND(ISNUMBER($BJ25),N($BJ25)<32),"clear width ~"&TEXT($BJ25,"0.0")&CHAR(34)&" under 32"&CHAR(34)&" (ADA), ","")&IF(AND($BO25=90,AND(OR($BL25="FG",$BL25="HG",$BL25="FNV",$BL25="FV"),N($BM25)*N($BN25)>100)),"90 min lite over 100 sq in (stair/exit), ","")&IF(AND($BO25>0,AND($A25<>"",$C25<>"DOOR ONLY"),OR($AF25="",$AF25="-")),"rated: closer reinf.?, ","")&IF(OR($I25="CORRIDOR",$I25="SMOKE BARRIER"),"S label + smoke gasketing, ","")&IF($BP25="?","wall type/hr not in IBC table, ","")&IF(AND(N($BC25)>0,$AU25=""),"no hardware set, ","")&IF(AND($AU25<>"",ISNA(MATCH($AU25,HWSets,0))),"set "&$AU25&" not on Hardware sheet, ","")&IF(N($BE25)>96,"leaf over 8'-0"&CHAR(34)&" - check listing, ",""))
... AW505: =IF($A505="","",IF($BW505<>"","FIX",IF($BX505<>"","CHECK","OK"))) | AX505: =IF($A505="","",IF($BW505<>"","FIX: "&LEFT($BW505,LEN($BW505)-2)&IF($BX505<>""," · ",""),"")&IF($BX505<>"","CHECK: "&LEFT($BX505,LEN($BX505)-2),"")) | AY505: =IF(OR($A505="",$K505=""),"",$K505&"'-"&N($L505)&CHAR(34)&" x "&$M505&"'-"&N($N505)&CHAR(34)) | AZ505: =IF(OR($A505="",$K505=""),"",$K505&N($L505)&$M505&N($N505)) | BA505: =IF(OR($A505="",$K505=""),"",$K505*12+N($L505)) | BB505: =IF(OR($A505="",$M505=""),"",$M505*12+N($N505)) | BC505: =IF($A505="","",IF(OR($C505="FRAME ONLY",$S505="BL"),0,IF($O505="Y",2,1))) | BD505: =IF(OR(N($BC505)=0,$BA505=""),"",($BA505-2*EdgeClr-IF($BC505=2,MeetClr,0))/$BC505) | BE505: =IF(OR(N($BC505)=0,$BB505=""),"",$BB505-HeadClr-Undercut) | BF505: =IF($BA505="","",$BA505+2*FaceW+IF(N($Q505)>0,($Q505+FaceW)*IF($R505="LR",2,1),0)) | BG505: =IF($BB505="","",$BB505+IF($AB505="Y",4,FaceW)+IF(N($P505)>0,$P505+FaceW,0)+IF(OR($S505="4F",$S505="BL"),FaceW,0)) | BH505: =IF($BF505="","",$BF505+2*ROSide) | BI505: =IF($BG505="","",$BG505+ROTop) | BJ505: =IF(OR(N($BC505)=0,$BA505=""),"",$BA505/$BC505-ClearDeduct) | BK505: =IF(OR(N($BC505)=0,$BE505=""),"",IF(OR($AC505="HGC",$AP505="HGC"),"CONT",IF($BE505<=60,2,IF($BE505<=90,3,IF($BE505<=120,4,5))))) | BL505: =IF(N($BC505)=0,"",IF(OR($AL505="",$AL505="FLUSH"),"FLUSH",IFERROR(LEFT($AL505,FIND("-",$AL505)-1),LEFT($AL505,2)))) | BM505: =IF($BL505="","",IFERROR(VALUE(MID($AL505,FIND("-",$AL505)+1,FIND(CHAR(34)&"x",$AL505)-FIND("-",$AL505)-1)),0)) | BN505: =IF($BL505="","",IFERROR(VALUE(MID($AL505,FIND(CHAR(34)&"x",$AL505)+2,FIND(CHAR(34),$AL505,FIND(CHAR(34)&"x",$AL505)+2)-FIND(CHAR(34)&"x",$AL505)-2)),0)) | BO505: =IF(OR($A505="",$H505="",$H505="NO LAB"),0,IFERROR(VALUE(LEFT($H505,FIND(" ",$H505)-1)),0)) | BP505: =IF(OR($A505="",$I505="",$I505="NON-RATED",N($J505)=0),"",IFERROR(VLOOKUP($I505&"|"&$J505,IBC,2,FALSE),"?")) | BQ505: =IF(NOT(AND($A505<>"",$C505<>"DOOR ONLY")),"",TRIM(IFERROR(VLOOKUP($U505,CODES,2,FALSE),"")&" "&$AZ505&" "&IFERROR(VLOOKUP($Z505,CODES,2,FALSE),"")&" "&IFERROR(VLOOKUP($X505,CODES,2,FALSE),"")&" "&IFERROR(VLOOKUP($S505,CODES,2,FALSE),"")&IF(N($P505)>0," w/TRANSOM "&$P505&CHAR(34),"")&IF(N($Q505)>0," w/SIDELITE "&$Q505&CHAR(34)&" "&IF($R505="","R",$R505),"")&IF($Y505=""," | "," | "&IFERROR(VLOOKUP($Y505,CODES,2,FALSE),"")&" | ")&IFERROR(VLOOKUP($AC505,CODES,2,FALSE),"")&" "&IFERROR(VLOOKUP($AD505,CODES,2,FALSE),"")&IF(OR($AE505="",$AE505="-"),""," "&$AE505)&IF(OR($AF505="",$AF505="-"),""," "&$AF505)&IF($AB505="Y"," 4"&CHAR(34)&" HEAD","")&" "&IFERROR(VLOOKUP($H505,CODES,2,FALSE),""))) | BR505: =IF(NOT(AND($A505<>"",N($BC505)>0)),"",TRIM(IFERROR(VLOOKUP($AH505,CODES,2,FALSE),"")&IF($AI505=""," "," "&$AI505&"GA ")&$AZ505&" "&IF($AN505="",IFERROR(VLOOKUP($Z505,CODES,2,FALSE),""),IFERROR(VLOOKUP($AN505,CODES,2,FALSE),""))&IF($BC505=2," PAIR","")&" DOOR | "&IF($AL505="","?",$AL505)&" | "&IF($AP505="",IFERROR(VLOOKUP($AC505,CODES,2,FALSE),""),IFERROR(VLOOKUP($AP505,CODES,2,FALSE),""))&" "&IFERROR(VLOOKUP($AQ505,CODES,2,FALSE),"")&IF(OR($AR505="",$AR505="-"),""," SEAM "&$AR505)&IF($AS505="Y"," ASTRAGAL","")&IF($AJ505=""," "," "&$AJ505)&IF($AK505=""," "," "&$AK505)&IF($AO505="",""," "&$AO505)&IF($AM505=""," "," SERIES "&$AM505)&" "&IFERROR(VLOOKUP($H505,CODES,2,FALSE),""))) | BS505: =IF(BV505="","",IF(COUNTIF($BV$6:BV505,BV505)=1,MAX($BS$5:BS504)+1,INDEX($BS$5:BS504,MATCH(BV505,$BV$5:BV504,0)))) | BT505: =IF(NOT(AND($A505<>"",$C505<>"DOOR ONLY")),"",MAX($BT$5:BT504)+1) | BU505: =IF(NOT(AND($A505<>"",N($BC505)>0)),"",MAX($BU$5:BU504)+1) | BV505: =IF(OR($A505="",$BA505="",$BB505=""),"",$AZ505&"|"&$O505&"|"&$AL505&"|"&$S505&"|"&$P505&"|"&$Q505&$R505&"|"&$C505&"|"&$AB505) | BW505: =IF($A505="","",IF($B505="","qty, ","")&IF($C505="","scope, ","")&IF(OR($K505="",$M505=""),"size, ","")&IF(AND($A505<>"",$C505<>"DOOR ONLY"),IF($U505="","jamb depth, ","")&IF($X505="","construction, ","")&IF($Y505="","anchor, ","")&IF($S505="","frame type, ",""),"")&IF(AND(N($BC505)>0,$Z505=""),"hand, ","")&IF(N($BC505)>0,IF($AH505="","door material, ","")&IF($AL505="","face type, ","")&IF($AQ505="","lock prep, ","")&IF(AND($AP505="",$AC505=""),"hinge prep, ",""),"")&IF(AND($BO505>0,$AH505="FRP"),"FRP cannot carry a label, ","")&IF(AND($O505="Y",OR($Z505="L",$Z505="R",$Z505="LR",$Z505="RR")),"pair marked but hand is single, ","")&IF(AND($O505<>"Y",OR($Z505="PR",AND(LEN($Z505)>1,ISNUMBER(SEARCH("-",$Z505))))),"pair hand on a single door, ","")&IF(AND(ISNUMBER($BP505),$BO505<N($BP505)),"wall needs a "&$BP505&" min door, ","")&IF(AND($BO505>=180,AND(OR($BL505="FG",$BL505="HG",$BL505="FNV",$BL505="FV"),N($BM505)*N($BN505)>100)),"180 min lite over 100 sq in, ","")&IF(N($BD505)>48,"leaf wider than 4'-0"&CHAR(34)&", ","")) | BX505: =IF($A505="","",IF(AND($BO505>0,AND($A505<>"",$C505<>"DOOR ONLY"),$X505="KD",$E505="EXTERIOR"),"KD label on an exterior opening, ","")&IF(AND($E505="EXTERIOR",OR(AND(AND($A505<>"",$C505<>"DOOR ONLY"),$W505="CR"),AND(N($BC505)>0,$AH505="CR"))),"exterior in CR steel (G9?), ","")&IF(AND(ISNUMBER($BJ505),N($BJ505)<32),"clear width ~"&TEXT($BJ505,"0.0")&CHAR(34)&" under 32"&CHAR(34)&" (ADA), ","")&IF(AND($BO505=90,AND(OR($BL505="FG",$BL505="HG",$BL505="FNV",$BL505="FV"),N($BM505)*N($BN505)>100)),"90 min lite over 100 sq in (stair/exit), ","")&IF(AND($BO505>0,AND($A505<>"",$C505<>"DOOR ONLY"),OR($AF505="",$AF505="-")),"rated: closer reinf.?, ","")&IF(OR($I505="CORRIDOR",$I505="SMOKE BARRIER"),"S label + smoke gasketing, ","")&IF($BP505="?","wall type/hr not in IBC table, ","")&IF(AND(N($BC505)>0,$AU505=""),"no hardware set, ","")&IF(AND($AU505<>"",ISNA(MATCH($AU505,HWSets,0))),"set "&$AU505&" not on Hardware sheet, ","")&IF(N($BE505)>96,"leaf over 8'-0"&CHAR(34)&" - check listing, ",""))

Sheet Elevation
B2: ELEVATION
B3: Pick a mark. The drawing, sizes and order lines follow the Takeoff row.
B4: OPENING MARK ▸ | C4: 101 | E4: =IF(ElevCalc!$B$45,ElevCalc!$B$24&IF(ElevCalc!$B$65=2," PAIR","")&" · "&ElevCalc!$B$23&" · "&IF(ElevCalc!$B$29="","",ElevCalc!$B$29&" → "&ElevCalc!$B$30),IF(Elevation!$C$4="","Pick a mark","Mark not found on the Takeoff"))
M6: Elevation type
M7: =IF(ElevCalc!$B$45,"Type "&ElevCalc!$B$28&" · "&SUMIF(tk_ETYPE,ElevCalc!$B$28,tk_QTY)&" openings alike","")
M8: Qty on this row
M9: =ElevCalc!$B$27
M10: Frame type · construction
M11: =IF(ElevCalc!$B$3="DOOR ONLY","door only — frame existing / by others",IF(ElevCalc!$B$45,ElevCalc!$B$4&" · "&IFERROR(VLOOKUP(ElevCalc!$B$41,CODES,2,FALSE),ElevCalc!$B$41)&" · jamb "&IFERROR(VLOOKUP(ElevCalc!$B$42,CODES,2,FALSE),ElevCalc!$B$42),""))
M12: Hand (door)
M13: =ElevCalc!$B$70
M14: Leaves · leaf size
M15: =IF(ElevCalc!$B$65>0,ElevCalc!$B$65&" × "&INT(ROUND(ElevCalc!$B$66,4)/12)&"'-"&IF(ROUND(MOD(ElevCalc!$B$66,12),4)=0,"0",TRIM(TEXT(MOD(ElevCalc!$B$66,12),"# ?/??")))&CHAR(34)&" x "&INT(ROUND(ElevCalc!$B$67,4)/12)&"'-"&IF(ROUND(MOD(ElevCalc!$B$67,12),4)=0,"0",TRIM(TEXT(MOD(ElevCalc!$B$67,12),"# ?/??")))&CHAR(34),"no door")
M16: Frame overall (W x H)
M17: =IF(ElevCalc!$B$45,INT(ROUND(ElevCalc!$B$57,4)/12)&"'-"&IF(ROUND(MOD(ElevCalc!$B$57,12),4)=0,"0",TRIM(TEXT(MOD(ElevCalc!$B$57,12),"# ?/??")))&CHAR(34)&" x "&INT(ROUND(ElevCalc!$B$58,4)/12)&"'-"&IF(ROUND(MOD(ElevCalc!$B$58,12),4)=0,"0",TRIM(TEXT(MOD(ElevCalc!$B$58,12),"# ?/??")))&CHAR(34),"")
M18: Rough opening (W x H)
M19: =IF(ElevCalc!$B$45,INT(ROUND(N(ElevCalc!$B$36),4)/12)&"'-"&IF(ROUND(MOD(N(ElevCalc!$B$36),12),4)=0,"0",TRIM(TEXT(MOD(N(ElevCalc!$B$36),12),"# ?/??")))&CHAR(34)&" x "&INT(ROUND(N(ElevCalc!$B$37),4)/12)&"'-"&IF(ROUND(MOD(N(ElevCalc!$B$37),12),4)=0,"0",TRIM(TEXT(MOD(N(ElevCalc!$B$37),12),"# ?/??")))&CHAR(34),"")
M20: Clear width (approx.)
M21: =IF(ISNUMBER(ElevCalc!$B$38),TEXT(ElevCalc!$B$38,"0.0")&CHAR(34)&IF(ElevCalc!$B$38<32," ⚠ under 32"&CHAR(34)," ✓"),"")
M22: Lite / louver
M23: =IF(ElevCalc!$B$81,ElevCalc!$B$9,IF(ElevCalc!$B$65>0,"flush",""))
M24: Hinges per leaf
M25: =ElevCalc!$B$39
M26: Lock prep · hardware set
M27: =IF(ElevCalc!$B$45,ElevCalc!$B$44&" · set "&ElevCalc!$B$31,"")
M28: Wall needs
M29: =IF(ElevCalc!$B$40="","—",IF(ISNUMBER(ElevCalc!$B$40),ElevCalc!$B$40&" min door","not in IBC table"))
M30: CHECK
M31: =ElevCalc!$B$32
M33: =ElevCalc!$B$33
M34: Frame order line
M35: =ElevCalc!$B$34
M36: Door order line
M37: =ElevCalc!$B$35
B42: Drawn from the push side (outside / corridor). Grey dashed frame = existing / by others (door only). ■ hinges ● lever at lock height ▬ continuous hinge ‒ ‒ swing (point = hinge side) · blue = glass/louver.

Sheet Elevations
B2: =IF(JobName="","ELEVATIONS",JobName&" — ELEVATIONS")
B3: One drawing per elevation type (same size, pair, lite, frame type, transom/sidelite). Six to a page — change the page number to see more.
B4: PAGE ▸ | C4: 1 | D4: ="of "&MAX(1,ROUNDUP(MAX(tk_ETYPE)/6,0))&" · "&MAX(tk_ETYPE)&" types"
B6: =IF(ElevCalc!$G$45,"TYPE "&((Elevations!$C$4-1)*6+1)&" · "&ElevCalc!$G$24&IF(ElevCalc!$G$65=2," PAIR",""),"") | I6: =IF(ElevCalc!$L$45,"TYPE "&((Elevations!$C$4-1)*6+2)&" · "&ElevCalc!$L$24&IF(ElevCalc!$L$65=2," PAIR",""),"") | P6: =IF(ElevCalc!$Q$45,"TYPE "&((Elevations!$C$4-1)*6+3)&" · "&ElevCalc!$Q$24&IF(ElevCalc!$Q$65=2," PAIR",""),"")
B7: =IF(ElevCalc!$G$45,ElevCalc!$G$4&" · "&IF(ElevCalc!$G$65>0,ElevCalc!$G$9,"no door")&" · "&ElevCalc!$G$3,"") | I7: =IF(ElevCalc!$L$45,ElevCalc!$L$4&" · "&IF(ElevCalc!$L$65>0,ElevCalc!$L$9,"no door")&" · "&ElevCalc!$L$3,"") | P7: =IF(ElevCalc!$Q$45,ElevCalc!$Q$4&" · "&IF(ElevCalc!$Q$65>0,ElevCalc!$Q$9,"no door")&" · "&ElevCalc!$Q$3,"")
B8: =IF(ElevCalc!$G$45,SUMIF(tk_ETYPE,((Elevations!$C$4-1)*6+1),tk_QTY)&" openings · e.g. mark "&ElevCalc!$G$2,"") | I8: =IF(ElevCalc!$L$45,SUMIF(tk_ETYPE,((Elevations!$C$4-1)*6+2),tk_QTY)&" openings · e.g. mark "&ElevCalc!$L$2,"") | P8: =IF(ElevCalc!$Q$45,SUMIF(tk_ETYPE,((Elevations!$C$4-1)*6+3),tk_QTY)&" openings · e.g. mark "&ElevCalc!$Q$2,"")
B31: =IF(ElevCalc!$V$45,"TYPE "&((Elevations!$C$4-1)*6+4)&" · "&ElevCalc!$V$24&IF(ElevCalc!$V$65=2," PAIR",""),"") | I31: =IF(ElevCalc!$AA$45,"TYPE "&((Elevations!$C$4-1)*6+5)&" · "&ElevCalc!$AA$24&IF(ElevCalc!$AA$65=2," PAIR",""),"") | P31: =IF(ElevCalc!$AF$45,"TYPE "&((Elevations!$C$4-1)*6+6)&" · "&ElevCalc!$AF$24&IF(ElevCalc!$AF$65=2," PAIR",""),"")
B32: =IF(ElevCalc!$V$45,ElevCalc!$V$4&" · "&IF(ElevCalc!$V$65>0,ElevCalc!$V$9,"no door")&" · "&ElevCalc!$V$3,"") | I32: =IF(ElevCalc!$AA$45,ElevCalc!$AA$4&" · "&IF(ElevCalc!$AA$65>0,ElevCalc!$AA$9,"no door")&" · "&ElevCalc!$AA$3,"") | P32: =IF(ElevCalc!$AF$45,ElevCalc!$AF$4&" · "&IF(ElevCalc!$AF$65>0,ElevCalc!$AF$9,"no door")&" · "&ElevCalc!$AF$3,"")
B33: =IF(ElevCalc!$V$45,SUMIF(tk_ETYPE,((Elevations!$C$4-1)*6+4),tk_QTY)&" openings · e.g. mark "&ElevCalc!$V$2,"") | I33: =IF(ElevCalc!$AA$45,SUMIF(tk_ETYPE,((Elevations!$C$4-1)*6+5),tk_QTY)&" openings · e.g. mark "&ElevCalc!$AA$2,"") | P33: =IF(ElevCalc!$AF$45,SUMIF(tk_ETYPE,((Elevations!$C$4-1)*6+6),tk_QTY)&" openings · e.g. mark "&ElevCalc!$AF$2,"")

Sheet Hardware
B2: HARDWARE SETS
B3: List each set once on the right (one item per row). Openings pick the set on the Takeoff; opening counts and job quantities follow. The sets shown are examples.
B5: SET | C5: DESCRIPTION | D5: OPENINGS | F5: SET | G5: QTY | H5: ITEM | I5: DESCRIPTION / MODEL | J5: FINISH | K5: MFR | L5: JOB QTY
B6: 1 | C6: Office lock, closer | D6: =IF(B6="","",SUMIF(tk_HWSET,B6,tk_QTY)) | F6: 1 | G6: 3 | H6: HINGE | I6: 5BB1 4.5x4.5 | J6: 652 | K6: IVES | L6: =IF(F6="","",N(G6)*SUMIF(tk_HWSET,F6,tk_QTY))
B7: 2 | C7: Pair, rated exit device, closers | D7: =IF(B7="","",SUMIF(tk_HWSET,B7,tk_QTY)) | F7: 1 | G7: 1 | H7: LOCKSET | I7: ND50PD RHO office | J7: 626 | K7: SCHLAGE | L7: =IF(F7="","",N(G7)*SUMIF(tk_HWSET,F7,tk_QTY))
B8: 3 | C8: Exterior, exit device, weatherstrip | D8: =IF(B8="","",SUMIF(tk_HWSET,B8,tk_QTY)) | F8: 1 | G8: 1 | H8: CLOSER | I8: 4040XP RW/PA | J8: 689 | K8: LCN | L8: =IF(F8="","",N(G8)*SUMIF(tk_HWSET,F8,tk_QTY))
D9: =IF(B9="","",SUMIF(tk_HWSET,B9,tk_QTY)) | F9: 1 | G9: 1 | H9: WALL STOP | I9: WS406/407CVX | J9: 626 | K9: IVES | L9: =IF(F9="","",N(G9)*SUMIF(tk_HWSET,F9,tk_QTY))
D10: =IF(B10="","",SUMIF(tk_HWSET,B10,tk_QTY)) | F10: 1 | G10: 3 | H10: SILENCER | I10: SR64 | J10: GRY | K10: IVES | L10: =IF(F10="","",N(G10)*SUMIF(tk_HWSET,F10,tk_QTY))
D11: =IF(B11="","",SUMIF(tk_HWSET,B11,tk_QTY)) | F11: 2 | G11: 8 | H11: HINGE | I11: 5BB1HW 4.5x4.5 NRP | J11: 652 | K11: IVES | L11: =IF(F11="","",N(G11)*SUMIF(tk_HWSET,F11,tk_QTY))
D12: =IF(B12="","",SUMIF(tk_HWSET,B12,tk_QTY)) | F12: 2 | G12: 1 | H12: EXIT DEVICE | I12: 98-L-F x 996L (active) | J12: 626 | K12: VON DUPRIN | L12: =IF(F12="","",N(G12)*SUMIF(tk_HWSET,F12,tk_QTY))
D13: =IF(B13="","",SUMIF(tk_HWSET,B13,tk_QTY)) | F13: 2 | G13: 1 | H13: EXIT DEVICE | I13: 9827-EO-F (inactive, SVR) | J13: 626 | K13: VON DUPRIN | L13: =IF(F13="","",N(G13)*SUMIF(tk_HWSET,F13,tk_QTY))
D14: =IF(B14="","",SUMIF(tk_HWSET,B14,tk_QTY)) | F14: 2 | G14: 2 | H14: CLOSER | I14: 4040XP EDA | J14: 689 | K14: LCN | L14: =IF(F14="","",N(G14)*SUMIF(tk_HWSET,F14,tk_QTY))
D15: =IF(B15="","",SUMIF(tk_HWSET,B15,tk_QTY)) | F15: 2 | G15: 1 | H15: COORDINATOR | I15: COR x FL | J15: PC | K15: IVES | L15: =IF(F15="","",N(G15)*SUMIF(tk_HWSET,F15,tk_QTY))
D16: =IF(B16="","",SUMIF(tk_HWSET,B16,tk_QTY)) | F16: 2 | G16: 1 | H16: GASKETING | I16: S88D head & jambs | J16: BLK | K16: PEMKO | L16: =IF(F16="","",N(G16)*SUMIF(tk_HWSET,F16,tk_QTY))
D17: =IF(B17="","",SUMIF(tk_HWSET,B17,tk_QTY)) | F17: 3 | G17: 1 | H17: CONT. HINGE | I17: 112HD 83" | J17: 628 | K17: IVES | L17: =IF(F17="","",N(G17)*SUMIF(tk_HWSET,F17,tk_QTY))
D18: =IF(B18="","",SUMIF(tk_HWSET,B18,tk_QTY)) | F18: 3 | G18: 1 | H18: EXIT DEVICE | I18: 99-L-NL 996L | J18: 626 | K18: VON DUPRIN | L18: =IF(F18="","",N(G18)*SUMIF(tk_HWSET,F18,tk_QTY))
D19: =IF(B19="","",SUMIF(tk_HWSET,B19,tk_QTY)) | F19: 3 | G19: 1 | H19: CLOSER | I19: 4040XP SCUSH | J19: 689 | K19: LCN | L19: =IF(F19="","",N(G19)*SUMIF(tk_HWSET,F19,tk_QTY))
D20: =IF(B20="","",SUMIF(tk_HWSET,B20,tk_QTY)) | F20: 3 | G20: 1 | H20: THRESHOLD | I20: 171A 36" | J20: AL | K20: PEMKO | L20: =IF(F20="","",N(G20)*SUMIF(tk_HWSET,F20,tk_QTY))
... D22: =IF(B22="","",SUMIF(tk_HWSET,B22,tk_QTY)) | F22: 3 | G22: 1 | H22: SWEEP | I22: 315CN | J22: AL | K22: PEMKO | L22: =IF(F22="","",N(G22)*SUMIF(tk_HWSET,F22,tk_QTY))
D23: =IF(B23="","",SUMIF(tk_HWSET,B23,tk_QTY)) | L23: =IF(F23="","",N(G23)*SUMIF(tk_HWSET,F23,tk_QTY))
D24: =IF(B24="","",SUMIF(tk_HWSET,B24,tk_QTY)) | L24: =IF(F24="","",N(G24)*SUMIF(tk_HWSET,F24,tk_QTY))
D25: =IF(B25="","",SUMIF(tk_HWSET,B25,tk_QTY)) | L25: =IF(F25="","",N(G25)*SUMIF(tk_HWSET,F25,tk_QTY))
D26: =IF(B26="","",SUMIF(tk_HWSET,B26,tk_QTY)) | L26: =IF(F26="","",N(G26)*SUMIF(tk_HWSET,F26,tk_QTY))
D27: =IF(B27="","",SUMIF(tk_HWSET,B27,tk_QTY)) | L27: =IF(F27="","",N(G27)*SUMIF(tk_HWSET,F27,tk_QTY))
D28: =IF(B28="","",SUMIF(tk_HWSET,B28,tk_QTY)) | L28: =IF(F28="","",N(G28)*SUMIF(tk_HWSET,F28,tk_QTY))
D29: =IF(B29="","",SUMIF(tk_HWSET,B29,tk_QTY)) | L29: =IF(F29="","",N(G29)*SUMIF(tk_HWSET,F29,tk_QTY))
D30: =IF(B30="","",SUMIF(tk_HWSET,B30,tk_QTY)) | L30: =IF(F30="","",N(G30)*SUMIF(tk_HWSET,F30,tk_QTY))
D31: =IF(B31="","",SUMIF(tk_HWSET,B31,tk_QTY)) | L31: =IF(F31="","",N(G31)*SUMIF(tk_HWSET,F31,tk_QTY))
D32: =IF(B32="","",SUMIF(tk_HWSET,B32,tk_QTY)) | L32: =IF(F32="","",N(G32)*SUMIF(tk_HWSET,F32,tk_QTY))
D33: =IF(B33="","",SUMIF(tk_HWSET,B33,tk_QTY)) | L33: =IF(F33="","",N(G33)*SUMIF(tk_HWSET,F33,tk_QTY))
D34: =IF(B34="","",SUMIF(tk_HWSET,B34,tk_QTY)) | L34: =IF(F34="","",N(G34)*SUMIF(tk_HWSET,F34,tk_QTY))
... D45: =IF(B45="","",SUMIF(tk_HWSET,B45,tk_QTY)) | L45: =IF(F45="","",N(G45)*SUMIF(tk_HWSET,F45,tk_QTY))
L46: =IF(F46="","",N(G46)*SUMIF(tk_HWSET,F46,tk_QTY))
L47: =IF(F47="","",N(G47)*SUMIF(tk_HWSET,F47,tk_QTY))
L48: =IF(F48="","",N(G48)*SUMIF(tk_HWSET,F48,tk_QTY))
L49: =IF(F49="","",N(G49)*SUMIF(tk_HWSET,F49,tk_QTY))
L50: =IF(F50="","",N(G50)*SUMIF(tk_HWSET,F50,tk_QTY))
L51: =IF(F51="","",N(G51)*SUMIF(tk_HWSET,F51,tk_QTY))
L52: =IF(F52="","",N(G52)*SUMIF(tk_HWSET,F52,tk_QTY))
L53: =IF(F53="","",N(G53)*SUMIF(tk_HWSET,F53,tk_QTY))
L54: =IF(F54="","",N(G54)*SUMIF(tk_HWSET,F54,tk_QTY))
L55: =IF(F55="","",N(G55)*SUMIF(tk_HWSET,F55,tk_QTY))
L56: =IF(F56="","",N(G56)*SUMIF(tk_HWSET,F56,tk_QTY))
L57: =IF(F57="","",N(G57)*SUMIF(tk_HWSET,F57,tk_QTY))
... L405: =IF(F405="","",N(G405)*SUMIF(tk_HWSET,F405,tk_QTY))

Sheet Frame order
A1: ="FRAME ORDER"&IF(JobName=""," "," — "&JobName)
A2: =IF(JobNo="","","Job "&JobNo)&IF(JobSupplier="",""," · "&JobSupplier)&" · "&TEXT(JobDate,"yyyy-mm-dd")&IF(JobRev=""," "," · "&JobRev)
A3: =COUNT(tk_FSEQ)&" lines · "&SUMPRODUCT(tk_QTY,--(tk_FSEQ<>""))&" pieces"
A5: MARK | B5: QTY | C5: ROOM | D5: SIZE | E5: RATING | F5: O/A W x H | G5: FRAME ORDER LINE | H5: NOTES
A6: =IFERROR(""&INDEX(tk_MARK,MATCH(1,tk_FSEQ,0)),"") | B6: =IFERROR(INDEX(tk_QTY,MATCH(1,tk_FSEQ,0)),"") | C6: =IFERROR(INDEX(tk_ROOMF,MATCH(1,tk_FSEQ,0))&IF(INDEX(tk_ROOMT,MATCH(1,tk_FSEQ,0))="",""," → "&INDEX(tk_ROOMT,MATCH(1,tk_FSEQ,0))),"") | D6: =IFERROR(""&INDEX(tk_SIZE,MATCH(1,tk_FSEQ,0)),"") | E6: =IFERROR(""&INDEX(tk_RATING,MATCH(1,tk_FSEQ,0)),"") | F6: =IFERROR(TEXT(INDEX(tk_OAW,MATCH(1,tk_FSEQ,0)),"0.000")&" x "&TEXT(INDEX(tk_OAH,MATCH(1,tk_FSEQ,0)),"0.000"),"") | G6: =IFERROR(""&INDEX(tk_FLINE,MATCH(1,tk_FSEQ,0)),"") | H6: =IFERROR(""&INDEX(tk_FNOTES,MATCH(1,tk_FSEQ,0)),"")
A7: =IFERROR(""&INDEX(tk_MARK,MATCH(2,tk_FSEQ,0)),"") | B7: =IFERROR(INDEX(tk_QTY,MATCH(2,tk_FSEQ,0)),"") | C7: =IFERROR(INDEX(tk_ROOMF,MATCH(2,tk_FSEQ,0))&IF(INDEX(tk_ROOMT,MATCH(2,tk_FSEQ,0))="",""," → "&INDEX(tk_ROOMT,MATCH(2,tk_FSEQ,0))),"") | D7: =IFERROR(""&INDEX(tk_SIZE,MATCH(2,tk_FSEQ,0)),"") | E7: =IFERROR(""&INDEX(tk_RATING,MATCH(2,tk_FSEQ,0)),"") | F7: =IFERROR(TEXT(INDEX(tk_OAW,MATCH(2,tk_FSEQ,0)),"0.000")&" x "&TEXT(INDEX(tk_OAH,MATCH(2,tk_FSEQ,0)),"0.000"),"") | G7: =IFERROR(""&INDEX(tk_FLINE,MATCH(2,tk_FSEQ,0)),"") | H7: =IFERROR(""&INDEX(tk_FNOTES,MATCH(2,tk_FSEQ,0)),"")
A8: =IFERROR(""&INDEX(tk_MARK,MATCH(3,tk_FSEQ,0)),"") | B8: =IFERROR(INDEX(tk_QTY,MATCH(3,tk_FSEQ,0)),"") | C8: =IFERROR(INDEX(tk_ROOMF,MATCH(3,tk_FSEQ,0))&IF(INDEX(tk_ROOMT,MATCH(3,tk_FSEQ,0))="",""," → "&INDEX(tk_ROOMT,MATCH(3,tk_FSEQ,0))),"") | D8: =IFERROR(""&INDEX(tk_SIZE,MATCH(3,tk_FSEQ,0)),"") | E8: =IFERROR(""&INDEX(tk_RATING,MATCH(3,tk_FSEQ,0)),"") | F8: =IFERROR(TEXT(INDEX(tk_OAW,MATCH(3,tk_FSEQ,0)),"0.000")&" x "&TEXT(INDEX(tk_OAH,MATCH(3,tk_FSEQ,0)),"0.000"),"") | G8: =IFERROR(""&INDEX(tk_FLINE,MATCH(3,tk_FSEQ,0)),"") | H8: =IFERROR(""&INDEX(tk_FNOTES,MATCH(3,tk_FSEQ,0)),"")
A9: =IFERROR(""&INDEX(tk_MARK,MATCH(4,tk_FSEQ,0)),"") | B9: =IFERROR(INDEX(tk_QTY,MATCH(4,tk_FSEQ,0)),"") | C9: =IFERROR(INDEX(tk_ROOMF,MATCH(4,tk_FSEQ,0))&IF(INDEX(tk_ROOMT,MATCH(4,tk_FSEQ,0))="",""," → "&INDEX(tk_ROOMT,MATCH(4,tk_FSEQ,0))),"") | D9: =IFERROR(""&INDEX(tk_SIZE,MATCH(4,tk_FSEQ,0)),"") | E9: =IFERROR(""&INDEX(tk_RATING,MATCH(4,tk_FSEQ,0)),"") | F9: =IFERROR(TEXT(INDEX(tk_OAW,MATCH(4,tk_FSEQ,0)),"0.000")&" x "&TEXT(INDEX(tk_OAH,MATCH(4,tk_FSEQ,0)),"0.000"),"") | G9: =IFERROR(""&INDEX(tk_FLINE,MATCH(4,tk_FSEQ,0)),"") | H9: =IFERROR(""&INDEX(tk_FNOTES,MATCH(4,tk_FSEQ,0)),"")
A10: =IFERROR(""&INDEX(tk_MARK,MATCH(5,tk_FSEQ,0)),"") | B10: =IFERROR(INDEX(tk_QTY,MATCH(5,tk_FSEQ,0)),"") | C10: =IFERROR(INDEX(tk_ROOMF,MATCH(5,tk_FSEQ,0))&IF(INDEX(tk_ROOMT,MATCH(5,tk_FSEQ,0))="",""," → "&INDEX(tk_ROOMT,MATCH(5,tk_FSEQ,0))),"") | D10: =IFERROR(""&INDEX(tk_SIZE,MATCH(5,tk_FSEQ,0)),"") | E10: =IFERROR(""&INDEX(tk_RATING,MATCH(5,tk_FSEQ,0)),"") | F10: =IFERROR(TEXT(INDEX(tk_OAW,MATCH(5,tk_FSEQ,0)),"0.000")&" x "&TEXT(INDEX(tk_OAH,MATCH(5,tk_FSEQ,0)),"0.000"),"") | G10: =IFERROR(""&INDEX(tk_FLINE,MATCH(5,tk_FSEQ,0)),"") | H10: =IFERROR(""&INDEX(tk_FNOTES,MATCH(5,tk_FSEQ,0)),"")
A11: =IFERROR(""&INDEX(tk_MARK,MATCH(6,tk_FSEQ,0)),"") | B11: =IFERROR(INDEX(tk_QTY,MATCH(6,tk_FSEQ,0)),"") | C11: =IFERROR(INDEX(tk_ROOMF,MATCH(6,tk_FSEQ,0))&IF(INDEX(tk_ROOMT,MATCH(6,tk_FSEQ,0))="",""," → "&INDEX(tk_ROOMT,MATCH(6,tk_FSEQ,0))),"") | D11: =IFERROR(""&INDEX(tk_SIZE,MATCH(6,tk_FSEQ,0)),"") | E11: =IFERROR(""&INDEX(tk_RATING,MATCH(6,tk_FSEQ,0)),"") | F11: =IFERROR(TEXT(INDEX(tk_OAW,MATCH(6,tk_FSEQ,0)),"0.000")&" x "&TEXT(INDEX(tk_OAH,MATCH(6,tk_FSEQ,0)),"0.000"),"") | G11: =IFERROR(""&INDEX(tk_FLINE,MATCH(6,tk_FSEQ,0)),"") | H11: =IFERROR(""&INDEX(tk_FNOTES,MATCH(6,tk_FSEQ,0)),"")
A12: =IFERROR(""&INDEX(tk_MARK,MATCH(7,tk_FSEQ,0)),"") | B12: =IFERROR(INDEX(tk_QTY,MATCH(7,tk_FSEQ,0)),"") | C12: =IFERROR(INDEX(tk_ROOMF,MATCH(7,tk_FSEQ,0))&IF(INDEX(tk_ROOMT,MATCH(7,tk_FSEQ,0))="",""," → "&INDEX(tk_ROOMT,MATCH(7,tk_FSEQ,0))),"") | D12: =IFERROR(""&INDEX(tk_SIZE,MATCH(7,tk_FSEQ,0)),"") | E12: =IFERROR(""&INDEX(tk_RATING,MATCH(7,tk_FSEQ,0)),"") | F12: =IFERROR(TEXT(INDEX(tk_OAW,MATCH(7,tk_FSEQ,0)),"0.000")&" x "&TEXT(INDEX(tk_OAH,MATCH(7,tk_FSEQ,0)),"0.000"),"") | G12: =IFERROR(""&INDEX(tk_FLINE,MATCH(7,tk_FSEQ,0)),"") | H12: =IFERROR(""&INDEX(tk_FNOTES,MATCH(7,tk_FSEQ,0)),"")
A13: =IFERROR(""&INDEX(tk_MARK,MATCH(8,tk_FSEQ,0)),"") | B13: =IFERROR(INDEX(tk_QTY,MATCH(8,tk_FSEQ,0)),"") | C13: =IFERROR(INDEX(tk_ROOMF,MATCH(8,tk_FSEQ,0))&IF(INDEX(tk_ROOMT,MATCH(8,tk_FSEQ,0))="",""," → "&INDEX(tk_ROOMT,MATCH(8,tk_FSEQ,0))),"") | D13: =IFERROR(""&INDEX(tk_SIZE,MATCH(8,tk_FSEQ,0)),"") | E13: =IFERROR(""&INDEX(tk_RATING,MATCH(8,tk_FSEQ,0)),"") | F13: =IFERROR(TEXT(INDEX(tk_OAW,MATCH(8,tk_FSEQ,0)),"0.000")&" x "&TEXT(INDEX(tk_OAH,MATCH(8,tk_FSEQ,0)),"0.000"),"") | G13: =IFERROR(""&INDEX(tk_FLINE,MATCH(8,tk_FSEQ,0)),"") | H13: =IFERROR(""&INDEX(tk_FNOTES,MATCH(8,tk_FSEQ,0)),"")
A14: =IFERROR(""&INDEX(tk_MARK,MATCH(9,tk_FSEQ,0)),"") | B14: =IFERROR(INDEX(tk_QTY,MATCH(9,tk_FSEQ,0)),"") | C14: =IFERROR(INDEX(tk_ROOMF,MATCH(9,tk_FSEQ,0))&IF(INDEX(tk_ROOMT,MATCH(9,tk_FSEQ,0))="",""," → "&INDEX(tk_ROOMT,MATCH(9,tk_FSEQ,0))),"") | D14: =IFERROR(""&INDEX(tk_SIZE,MATCH(9,tk_FSEQ,0)),"") | E14: =IFERROR(""&INDEX(tk_RATING,MATCH(9,tk_FSEQ,0)),"") | F14: =IFERROR(TEXT(INDEX(tk_OAW,MATCH(9,tk_FSEQ,0)),"0.000")&" x "&TEXT(INDEX(tk_OAH,MATCH(9,tk_FSEQ,0)),"0.000"),"") | G14: =IFERROR(""&INDEX(tk_FLINE,MATCH(9,tk_FSEQ,0)),"") | H14: =IFERROR(""&INDEX(tk_FNOTES,MATCH(9,tk_FSEQ,0)),"")
A15: =IFERROR(""&INDEX(tk_MARK,MATCH(10,tk_FSEQ,0)),"") | B15: =IFERROR(INDEX(tk_QTY,MATCH(10,tk_FSEQ,0)),"") | C15: =IFERROR(INDEX(tk_ROOMF,MATCH(10,tk_FSEQ,0))&IF(INDEX(tk_ROOMT,MATCH(10,tk_FSEQ,0))="",""," → "&INDEX(tk_ROOMT,MATCH(10,tk_FSEQ,0))),"") | D15: =IFERROR(""&INDEX(tk_SIZE,MATCH(10,tk_FSEQ,0)),"") | E15: =IFERROR(""&INDEX(tk_RATING,MATCH(10,tk_FSEQ,0)),"") | F15: =IFERROR(TEXT(INDEX(tk_OAW,MATCH(10,tk_FSEQ,0)),"0.000")&" x "&TEXT(INDEX(tk_OAH,MATCH(10,tk_FSEQ,0)),"0.000"),"") | G15: =IFERROR(""&INDEX(tk_FLINE,MATCH(10,tk_FSEQ,0)),"") | H15: =IFERROR(""&INDEX(tk_FNOTES,MATCH(10,tk_FSEQ,0)),"")
A16: =IFERROR(""&INDEX(tk_MARK,MATCH(11,tk_FSEQ,0)),"") | B16: =IFERROR(INDEX(tk_QTY,MATCH(11,tk_FSEQ,0)),"") | C16: =IFERROR(INDEX(tk_ROOMF,MATCH(11,tk_FSEQ,0))&IF(INDEX(tk_ROOMT,MATCH(11,tk_FSEQ,0))="",""," → "&INDEX(tk_ROOMT,MATCH(11,tk_FSEQ,0))),"") | D16: =IFERROR(""&INDEX(tk_SIZE,MATCH(11,tk_FSEQ,0)),"") | E16: =IFERROR(""&INDEX(tk_RATING,MATCH(11,tk_FSEQ,0)),"") | F16: =IFERROR(TEXT(INDEX(tk_OAW,MATCH(11,tk_FSEQ,0)),"0.000")&" x "&TEXT(INDEX(tk_OAH,MATCH(11,tk_FSEQ,0)),"0.000"),"") | G16: =IFERROR(""&INDEX(tk_FLINE,MATCH(11,tk_FSEQ,0)),"") | H16: =IFERROR(""&INDEX(tk_FNOTES,MATCH(11,tk_FSEQ,0)),"")
A17: =IFERROR(""&INDEX(tk_MARK,MATCH(12,tk_FSEQ,0)),"") | B17: =IFERROR(INDEX(tk_QTY,MATCH(12,tk_FSEQ,0)),"") | C17: =IFERROR(INDEX(tk_ROOMF,MATCH(12,tk_FSEQ,0))&IF(INDEX(tk_ROOMT,MATCH(12,tk_FSEQ,0))="",""," → "&INDEX(tk_ROOMT,MATCH(12,tk_FSEQ,0))),"") | D17: =IFERROR(""&INDEX(tk_SIZE,MATCH(12,tk_FSEQ,0)),"") | E17: =IFERROR(""&INDEX(tk_RATING,MATCH(12,tk_FSEQ,0)),"") | F17: =IFERROR(TEXT(INDEX(tk_OAW,MATCH(12,tk_FSEQ,0)),"0.000")&" x "&TEXT(INDEX(tk_OAH,MATCH(12,tk_FSEQ,0)),"0.000"),"") | G17: =IFERROR(""&INDEX(tk_FLINE,MATCH(12,tk_FSEQ,0)),"") | H17: =IFERROR(""&INDEX(tk_FNOTES,MATCH(12,tk_FSEQ,0)),"")
A18: =IFERROR(""&INDEX(tk_MARK,MATCH(13,tk_FSEQ,0)),"") | B18: =IFERROR(INDEX(tk_QTY,MATCH(13,tk_FSEQ,0)),"") | C18: =IFERROR(INDEX(tk_ROOMF,MATCH(13,tk_FSEQ,0))&IF(INDEX(tk_ROOMT,MATCH(13,tk_FSEQ,0))="",""," → "&INDEX(tk_ROOMT,MATCH(13,tk_FSEQ,0))),"") | D18: =IFERROR(""&INDEX(tk_SIZE,MATCH(13,tk_FSEQ,0)),"") | E18: =IFERROR(""&INDEX(tk_RATING,MATCH(13,tk_FSEQ,0)),"") | F18: =IFERROR(TEXT(INDEX(tk_OAW,MATCH(13,tk_FSEQ,0)),"0.000")&" x "&TEXT(INDEX(tk_OAH,MATCH(13,tk_FSEQ,0)),"0.000"),"") | G18: =IFERROR(""&INDEX(tk_FLINE,MATCH(13,tk_FSEQ,0)),"") | H18: =IFERROR(""&INDEX(tk_FNOTES,MATCH(13,tk_FSEQ,0)),"")
A19: =IFERROR(""&INDEX(tk_MARK,MATCH(14,tk_FSEQ,0)),"") | B19: =IFERROR(INDEX(tk_QTY,MATCH(14,tk_FSEQ,0)),"") | C19: =IFERROR(INDEX(tk_ROOMF,MATCH(14,tk_FSEQ,0))&IF(INDEX(tk_ROOMT,MATCH(14,tk_FSEQ,0))="",""," → "&INDEX(tk_ROOMT,MATCH(14,tk_FSEQ,0))),"") | D19: =IFERROR(""&INDEX(tk_SIZE,MATCH(14,tk_FSEQ,0)),"") | E19: =IFERROR(""&INDEX(tk_RATING,MATCH(14,tk_FSEQ,0)),"") | F19: =IFERROR(TEXT(INDEX(tk_OAW,MATCH(14,tk_FSEQ,0)),"0.000")&" x "&TEXT(INDEX(tk_OAH,MATCH(14,tk_FSEQ,0)),"0.000"),"") | G19: =IFERROR(""&INDEX(tk_FLINE,MATCH(14,tk_FSEQ,0)),"") | H19: =IFERROR(""&INDEX(tk_FNOTES,MATCH(14,tk_FSEQ,0)),"")
A20: =IFERROR(""&INDEX(tk_MARK,MATCH(15,tk_FSEQ,0)),"") | B20: =IFERROR(INDEX(tk_QTY,MATCH(15,tk_FSEQ,0)),"") | C20: =IFERROR(INDEX(tk_ROOMF,MATCH(15,tk_FSEQ,0))&IF(INDEX(tk_ROOMT,MATCH(15,tk_FSEQ,0))="",""," → "&INDEX(tk_ROOMT,MATCH(15,tk_FSEQ,0))),"") | D20: =IFERROR(""&INDEX(tk_SIZE,MATCH(15,tk_FSEQ,0)),"") | E20: =IFERROR(""&INDEX(tk_RATING,MATCH(15,tk_FSEQ,0)),"") | F20: =IFERROR(TEXT(INDEX(tk_OAW,MATCH(15,tk_FSEQ,0)),"0.000")&" x "&TEXT(INDEX(tk_OAH,MATCH(15,tk_FSEQ,0)),"0.000"),"") | G20: =IFERROR(""&INDEX(tk_FLINE,MATCH(15,tk_FSEQ,0)),"") | H20: =IFERROR(""&INDEX(tk_FNOTES,MATCH(15,tk_FSEQ,0)),"")
A21: =IFERROR(""&INDEX(tk_MARK,MATCH(16,tk_FSEQ,0)),"") | B21: =IFERROR(INDEX(tk_QTY,MATCH(16,tk_FSEQ,0)),"") | C21: =IFERROR(INDEX(tk_ROOMF,MATCH(16,tk_FSEQ,0))&IF(INDEX(tk_ROOMT,MATCH(16,tk_FSEQ,0))="",""," → "&INDEX(tk_ROOMT,MATCH(16,tk_FSEQ,0))),"") | D21: =IFERROR(""&INDEX(tk_SIZE,MATCH(16,tk_FSEQ,0)),"") | E21: =IFERROR(""&INDEX(tk_RATING,MATCH(16,tk_FSEQ,0)),"") | F21: =IFERROR(TEXT(INDEX(tk_OAW,MATCH(16,tk_FSEQ,0)),"0.000")&" x "&TEXT(INDEX(tk_OAH,MATCH(16,tk_FSEQ,0)),"0.000"),"") | G21: =IFERROR(""&INDEX(tk_FLINE,MATCH(16,tk_FSEQ,0)),"") | H21: =IFERROR(""&INDEX(tk_FNOTES,MATCH(16,tk_FSEQ,0)),"")
A22: =IFERROR(""&INDEX(tk_MARK,MATCH(17,tk_FSEQ,0)),"") | B22: =IFERROR(INDEX(tk_QTY,MATCH(17,tk_FSEQ,0)),"") | C22: =IFERROR(INDEX(tk_ROOMF,MATCH(17,tk_FSEQ,0))&IF(INDEX(tk_ROOMT,MATCH(17,tk_FSEQ,0))="",""," → "&INDEX(tk_ROOMT,MATCH(17,tk_FSEQ,0))),"") | D22: =IFERROR(""&INDEX(tk_SIZE,MATCH(17,tk_FSEQ,0)),"") | E22: =IFERROR(""&INDEX(tk_RATING,MATCH(17,tk_FSEQ,0)),"") | F22: =IFERROR(TEXT(INDEX(tk_OAW,MATCH(17,tk_FSEQ,0)),"0.000")&" x "&TEXT(INDEX(tk_OAH,MATCH(17,tk_FSEQ,0)),"0.000"),"") | G22: =IFERROR(""&INDEX(tk_FLINE,MATCH(17,tk_FSEQ,0)),"") | H22: =IFERROR(""&INDEX(tk_FNOTES,MATCH(17,tk_FSEQ,0)),"")
A23: =IFERROR(""&INDEX(tk_MARK,MATCH(18,tk_FSEQ,0)),"") | B23: =IFERROR(INDEX(tk_QTY,MATCH(18,tk_FSEQ,0)),"") | C23: =IFERROR(INDEX(tk_ROOMF,MATCH(18,tk_FSEQ,0))&IF(INDEX(tk_ROOMT,MATCH(18,tk_FSEQ,0))="",""," → "&INDEX(tk_ROOMT,MATCH(18,tk_FSEQ,0))),"") | D23: =IFERROR(""&INDEX(tk_SIZE,MATCH(18,tk_FSEQ,0)),"") | E23: =IFERROR(""&INDEX(tk_RATING,MATCH(18,tk_FSEQ,0)),"") | F23: =IFERROR(TEXT(INDEX(tk_OAW,MATCH(18,tk_FSEQ,0)),"0.000")&" x "&TEXT(INDEX(tk_OAH,MATCH(18,tk_FSEQ,0)),"0.000"),"") | G23: =IFERROR(""&INDEX(tk_FLINE,MATCH(18,tk_FSEQ,0)),"") | H23: =IFERROR(""&INDEX(tk_FNOTES,MATCH(18,tk_FSEQ,0)),"")
A24: =IFERROR(""&INDEX(tk_MARK,MATCH(19,tk_FSEQ,0)),"") | B24: =IFERROR(INDEX(tk_QTY,MATCH(19,tk_FSEQ,0)),"") | C24: =IFERROR(INDEX(tk_ROOMF,MATCH(19,tk_FSEQ,0))&IF(INDEX(tk_ROOMT,MATCH(19,tk_FSEQ,0))="",""," → "&INDEX(tk_ROOMT,MATCH(19,tk_FSEQ,0))),"") | D24: =IFERROR(""&INDEX(tk_SIZE,MATCH(19,tk_FSEQ,0)),"") | E24: =IFERROR(""&INDEX(tk_RATING,MATCH(19,tk_FSEQ,0)),"") | F24: =IFERROR(TEXT(INDEX(tk_OAW,MATCH(19,tk_FSEQ,0)),"0.000")&" x "&TEXT(INDEX(tk_OAH,MATCH(19,tk_FSEQ,0)),"0.000"),"") | G24: =IFERROR(""&INDEX(tk_FLINE,MATCH(19,tk_FSEQ,0)),"") | H24: =IFERROR(""&INDEX(tk_FNOTES,MATCH(19,tk_FSEQ,0)),"")
A25: =IFERROR(""&INDEX(tk_MARK,MATCH(20,tk_FSEQ,0)),"") | B25: =IFERROR(INDEX(tk_QTY,MATCH(20,tk_FSEQ,0)),"") | C25: =IFERROR(INDEX(tk_ROOMF,MATCH(20,tk_FSEQ,0))&IF(INDEX(tk_ROOMT,MATCH(20,tk_FSEQ,0))="",""," → "&INDEX(tk_ROOMT,MATCH(20,tk_FSEQ,0))),"") | D25: =IFERROR(""&INDEX(tk_SIZE,MATCH(20,tk_FSEQ,0)),"") | E25: =IFERROR(""&INDEX(tk_RATING,MATCH(20,tk_FSEQ,0)),"") | F25: =IFERROR(TEXT(INDEX(tk_OAW,MATCH(20,tk_FSEQ,0)),"0.000")&" x "&TEXT(INDEX(tk_OAH,MATCH(20,tk_FSEQ,0)),"0.000"),"") | G25: =IFERROR(""&INDEX(tk_FLINE,MATCH(20,tk_FSEQ,0)),"") | H25: =IFERROR(""&INDEX(tk_FNOTES,MATCH(20,tk_FSEQ,0)),"")
A26: =IFERROR(""&INDEX(tk_MARK,MATCH(21,tk_FSEQ,0)),"") | B26: =IFERROR(INDEX(tk_QTY,MATCH(21,tk_FSEQ,0)),"") | C26: =IFERROR(INDEX(tk_ROOMF,MATCH(21,tk_FSEQ,0))&IF(INDEX(tk_ROOMT,MATCH(21,tk_FSEQ,0))="",""," → "&INDEX(tk_ROOMT,MATCH(21,tk_FSEQ,0))),"") | D26: =IFERROR(""&INDEX(tk_SIZE,MATCH(21,tk_FSEQ,0)),"") | E26: =IFERROR(""&INDEX(tk_RATING,MATCH(21,tk_FSEQ,0)),"") | F26: =IFERROR(TEXT(INDEX(tk_OAW,MATCH(21,tk_FSEQ,0)),"0.000")&" x "&TEXT(INDEX(tk_OAH,MATCH(21,tk_FSEQ,0)),"0.000"),"") | G26: =IFERROR(""&INDEX(tk_FLINE,MATCH(21,tk_FSEQ,0)),"") | H26: =IFERROR(""&INDEX(tk_FNOTES,MATCH(21,tk_FSEQ,0)),"")
A27: =IFERROR(""&INDEX(tk_MARK,MATCH(22,tk_FSEQ,0)),"") | B27: =IFERROR(INDEX(tk_QTY,MATCH(22,tk_FSEQ,0)),"") | C27: =IFERROR(INDEX(tk_ROOMF,MATCH(22,tk_FSEQ,0))&IF(INDEX(tk_ROOMT,MATCH(22,tk_FSEQ,0))="",""," → "&INDEX(tk_ROOMT,MATCH(22,tk_FSEQ,0))),"") | D27: =IFERROR(""&INDEX(tk_SIZE,MATCH(22,tk_FSEQ,0)),"") | E27: =IFERROR(""&INDEX(tk_RATING,MATCH(22,tk_FSEQ,0)),"") | F27: =IFERROR(TEXT(INDEX(tk_OAW,MATCH(22,tk_FSEQ,0)),"0.000")&" x "&TEXT(INDEX(tk_OAH,MATCH(22,tk_FSEQ,0)),"0.000"),"") | G27: =IFERROR(""&INDEX(tk_FLINE,MATCH(22,tk_FSEQ,0)),"") | H27: =IFERROR(""&INDEX(tk_FNOTES,MATCH(22,tk_FSEQ,0)),"")
A28: =IFERROR(""&INDEX(tk_MARK,MATCH(23,tk_FSEQ,0)),"") | B28: =IFERROR(INDEX(tk_QTY,MATCH(23,tk_FSEQ,0)),"") | C28: =IFERROR(INDEX(tk_ROOMF,MATCH(23,tk_FSEQ,0))&IF(INDEX(tk_ROOMT,MATCH(23,tk_FSEQ,0))="",""," → "&INDEX(tk_ROOMT,MATCH(23,tk_FSEQ,0))),"") | D28: =IFERROR(""&INDEX(tk_SIZE,MATCH(23,tk_FSEQ,0)),"") | E28: =IFERROR(""&INDEX(tk_RATING,MATCH(23,tk_FSEQ,0)),"") | F28: =IFERROR(TEXT(INDEX(tk_OAW,MATCH(23,tk_FSEQ,0)),"0.000")&" x "&TEXT(INDEX(tk_OAH,MATCH(23,tk_FSEQ,0)),"0.000"),"") | G28: =IFERROR(""&INDEX(tk_FLINE,MATCH(23,tk_FSEQ,0)),"") | H28: =IFERROR(""&INDEX(tk_FNOTES,MATCH(23,tk_FSEQ,0)),"")
A29: =IFERROR(""&INDEX(tk_MARK,MATCH(24,tk_FSEQ,0)),"") | B29: =IFERROR(INDEX(tk_QTY,MATCH(24,tk_FSEQ,0)),"") | C29: =IFERROR(INDEX(tk_ROOMF,MATCH(24,tk_FSEQ,0))&IF(INDEX(tk_ROOMT,MATCH(24,tk_FSEQ,0))="",""," → "&INDEX(tk_ROOMT,MATCH(24,tk_FSEQ,0))),"") | D29: =IFERROR(""&INDEX(tk_SIZE,MATCH(24,tk_FSEQ,0)),"") | E29: =IFERROR(""&INDEX(tk_RATING,MATCH(24,tk_FSEQ,0)),"") | F29: =IFERROR(TEXT(INDEX(tk_OAW,MATCH(24,tk_FSEQ,0)),"0.000")&" x "&TEXT(INDEX(tk_OAH,MATCH(24,tk_FSEQ,0)),"0.000"),"") | G29: =IFERROR(""&INDEX(tk_FLINE,MATCH(24,tk_FSEQ,0)),"") | H29: =IFERROR(""&INDEX(tk_FNOTES,MATCH(24,tk_FSEQ,0)),"")
A30: =IFERROR(""&INDEX(tk_MARK,MATCH(25,tk_FSEQ,0)),"") | B30: =IFERROR(INDEX(tk_QTY,MATCH(25,tk_FSEQ,0)),"") | C30: =IFERROR(INDEX(tk_ROOMF,MATCH(25,tk_FSEQ,0))&IF(INDEX(tk_ROOMT,MATCH(25,tk_FSEQ,0))="",""," → "&INDEX(tk_ROOMT,MATCH(25,tk_FSEQ,0))),"") | D30: =IFERROR(""&INDEX(tk_SIZE,MATCH(25,tk_FSEQ,0)),"") | E30: =IFERROR(""&INDEX(tk_RATING,MATCH(25,tk_FSEQ,0)),"") | F30: =IFERROR(TEXT(INDEX(tk_OAW,MATCH(25,tk_FSEQ,0)),"0.000")&" x "&TEXT(INDEX(tk_OAH,MATCH(25,tk_FSEQ,0)),"0.000"),"") | G30: =IFERROR(""&INDEX(tk_FLINE,MATCH(25,tk_FSEQ,0)),"") | H30: =IFERROR(""&INDEX(tk_FNOTES,MATCH(25,tk_FSEQ,0)),"")
A31: =IFERROR(""&INDEX(tk_MARK,MATCH(26,tk_FSEQ,0)),"") | B31: =IFERROR(INDEX(tk_QTY,MATCH(26,tk_FSEQ,0)),"") | C31: =IFERROR(INDEX(tk_ROOMF,MATCH(26,tk_FSEQ,0))&IF(INDEX(tk_ROOMT,MATCH(26,tk_FSEQ,0))="",""," → "&INDEX(tk_ROOMT,MATCH(26,tk_FSEQ,0))),"") | D31: =IFERROR(""&INDEX(tk_SIZE,MATCH(26,tk_FSEQ,0)),"") | E31: =IFERROR(""&INDEX(tk_RATING,MATCH(26,tk_FSEQ,0)),"") | F31: =IFERROR(TEXT(INDEX(tk_OAW,MATCH(26,tk_FSEQ,0)),"0.000")&" x "&TEXT(INDEX(tk_OAH,MATCH(26,tk_FSEQ,0)),"0.000"),"") | G31: =IFERROR(""&INDEX(tk_FLINE,MATCH(26,tk_FSEQ,0)),"") | H31: =IFERROR(""&INDEX(tk_FNOTES,MATCH(26,tk_FSEQ,0)),"")
A32: =IFERROR(""&INDEX(tk_MARK,MATCH(27,tk_FSEQ,0)),"") | B32: =IFERROR(INDEX(tk_QTY,MATCH(27,tk_FSEQ,0)),"") | C32: =IFERROR(INDEX(tk_ROOMF,MATCH(27,tk_FSEQ,0))&IF(INDEX(tk_ROOMT,MATCH(27,tk_FSEQ,0))="",""," → "&INDEX(tk_ROOMT,MATCH(27,tk_FSEQ,0))),"") | D32: =IFERROR(""&INDEX(tk_SIZE,MATCH(27,tk_FSEQ,0)),"") | E32: =IFERROR(""&INDEX(tk_RATING,MATCH(27,tk_FSEQ,0)),"") | F32: =IFERROR(TEXT(INDEX(tk_OAW,MATCH(27,tk_FSEQ,0)),"0.000")&" x "&TEXT(INDEX(tk_OAH,MATCH(27,tk_FSEQ,0)),"0.000"),"") | G32: =IFERROR(""&INDEX(tk_FLINE,MATCH(27,tk_FSEQ,0)),"") | H32: =IFERROR(""&INDEX(tk_FNOTES,MATCH(27,tk_FSEQ,0)),"")
A33: =IFERROR(""&INDEX(tk_MARK,MATCH(28,tk_FSEQ,0)),"") | B33: =IFERROR(INDEX(tk_QTY,MATCH(28,tk_FSEQ,0)),"") | C33: =IFERROR(INDEX(tk_ROOMF,MATCH(28,tk_FSEQ,0))&IF(INDEX(tk_ROOMT,MATCH(28,tk_FSEQ,0))="",""," → "&INDEX(tk_ROOMT,MATCH(28,tk_FSEQ,0))),"") | D33: =IFERROR(""&INDEX(tk_SIZE,MATCH(28,tk_FSEQ,0)),"") | E33: =IFERROR(""&INDEX(tk_RATING,MATCH(28,tk_FSEQ,0)),"") | F33: =IFERROR(TEXT(INDEX(tk_OAW,MATCH(28,tk_FSEQ,0)),"0.000")&" x "&TEXT(INDEX(tk_OAH,MATCH(28,tk_FSEQ,0)),"0.000"),"") | G33: =IFERROR(""&INDEX(tk_FLINE,MATCH(28,tk_FSEQ,0)),"") | H33: =IFERROR(""&INDEX(tk_FNOTES,MATCH(28,tk_FSEQ,0)),"")
A34: =IFERROR(""&INDEX(tk_MARK,MATCH(29,tk_FSEQ,0)),"") | B34: =IFERROR(INDEX(tk_QTY,MATCH(29,tk_FSEQ,0)),"") | C34: =IFERROR(INDEX(tk_ROOMF,MATCH(29,tk_FSEQ,0))&IF(INDEX(tk_ROOMT,MATCH(29,tk_FSEQ,0))="",""," → "&INDEX(tk_ROOMT,MATCH(29,tk_FSEQ,0))),"") | D34: =IFERROR(""&INDEX(tk_SIZE,MATCH(29,tk_FSEQ,0)),"") | E34: =IFERROR(""&INDEX(tk_RATING,MATCH(29,tk_FSEQ,0)),"") | F34: =IFERROR(TEXT(INDEX(tk_OAW,MATCH(29,tk_FSEQ,0)),"0.000")&" x "&TEXT(INDEX(tk_OAH,MATCH(29,tk_FSEQ,0)),"0.000"),"") | G34: =IFERROR(""&INDEX(tk_FLINE,MATCH(29,tk_FSEQ,0)),"") | H34: =IFERROR(""&INDEX(tk_FNOTES,MATCH(29,tk_FSEQ,0)),"")
A35: =IFERROR(""&INDEX(tk_MARK,MATCH(30,tk_FSEQ,0)),"") | B35: =IFERROR(INDEX(tk_QTY,MATCH(30,tk_FSEQ,0)),"") | C35: =IFERROR(INDEX(tk_ROOMF,MATCH(30,tk_FSEQ,0))&IF(INDEX(tk_ROOMT,MATCH(30,tk_FSEQ,0))="",""," → "&INDEX(tk_ROOMT,MATCH(30,tk_FSEQ,0))),"") | D35: =IFERROR(""&INDEX(tk_SIZE,MATCH(30,tk_FSEQ,0)),"") | E35: =IFERROR(""&INDEX(tk_RATING,MATCH(30,tk_FSEQ,0)),"") | F35: =IFERROR(TEXT(INDEX(tk_OAW,MATCH(30,tk_FSEQ,0)),"0.000")&" x "&TEXT(INDEX(tk_OAH,MATCH(30,tk_FSEQ,0)),"0.000"),"") | G35: =IFERROR(""&INDEX(tk_FLINE,MATCH(30,tk_FSEQ,0)),"") | H35: =IFERROR(""&INDEX(tk_FNOTES,MATCH(30,tk_FSEQ,0)),"")
A36: =IFERROR(""&INDEX(tk_MARK,MATCH(31,tk_FSEQ,0)),"") | B36: =IFERROR(INDEX(tk_QTY,MATCH(31,tk_FSEQ,0)),"") | C36: =IFERROR(INDEX(tk_ROOMF,MATCH(31,tk_FSEQ,0))&IF(INDEX(tk_ROOMT,MATCH(31,tk_FSEQ,0))="",""," → "&INDEX(tk_ROOMT,MATCH(31,tk_FSEQ,0))),"") | D36: =IFERROR(""&INDEX(tk_SIZE,MATCH(31,tk_FSEQ,0)),"") | E36: =IFERROR(""&INDEX(tk_RATING,MATCH(31,tk_FSEQ,0)),"") | F36: =IFERROR(TEXT(INDEX(tk_OAW,MATCH(31,tk_FSEQ,0)),"0.000")&" x "&TEXT(INDEX(tk_OAH,MATCH(31,tk_FSEQ,0)),"0.000"),"") | G36: =IFERROR(""&INDEX(tk_FLINE,MATCH(31,tk_FSEQ,0)),"") | H36: =IFERROR(""&INDEX(tk_FNOTES,MATCH(31,tk_FSEQ,0)),"")
A37: =IFERROR(""&INDEX(tk_MARK,MATCH(32,tk_FSEQ,0)),"") | B37: =IFERROR(INDEX(tk_QTY,MATCH(32,tk_FSEQ,0)),"") | C37: =IFERROR(INDEX(tk_ROOMF,MATCH(32,tk_FSEQ,0))&IF(INDEX(tk_ROOMT,MATCH(32,tk_FSEQ,0))="",""," → "&INDEX(tk_ROOMT,MATCH(32,tk_FSEQ,0))),"") | D37: =IFERROR(""&INDEX(tk_SIZE,MATCH(32,tk_FSEQ,0)),"") | E37: =IFERROR(""&INDEX(tk_RATING,MATCH(32,tk_FSEQ,0)),"") | F37: =IFERROR(TEXT(INDEX(tk_OAW,MATCH(32,tk_FSEQ,0)),"0.000")&" x "&TEXT(INDEX(tk_OAH,MATCH(32,tk_FSEQ,0)),"0.000"),"") | G37: =IFERROR(""&INDEX(tk_FLINE,MATCH(32,tk_FSEQ,0)),"") | H37: =IFERROR(""&INDEX(tk_FNOTES,MATCH(32,tk_FSEQ,0)),"")
A38: =IFERROR(""&INDEX(tk_MARK,MATCH(33,tk_FSEQ,0)),"") | B38: =IFERROR(INDEX(tk_QTY,MATCH(33,tk_FSEQ,0)),"") | C38: =IFERROR(INDEX(tk_ROOMF,MATCH(33,tk_FSEQ,0))&IF(INDEX(tk_ROOMT,MATCH(33,tk_FSEQ,0))="",""," → "&INDEX(tk_ROOMT,MATCH(33,tk_FSEQ,0))),"") | D38: =IFERROR(""&INDEX(tk_SIZE,MATCH(33,tk_FSEQ,0)),"") | E38: =IFERROR(""&INDEX(tk_RATING,MATCH(33,tk_FSEQ,0)),"") | F38: =IFERROR(TEXT(INDEX(tk_OAW,MATCH(33,tk_FSEQ,0)),"0.000")&" x "&TEXT(INDEX(tk_OAH,MATCH(33,tk_FSEQ,0)),"0.000"),"") | G38: =IFERROR(""&INDEX(tk_FLINE,MATCH(33,tk_FSEQ,0)),"") | H38: =IFERROR(""&INDEX(tk_FNOTES,MATCH(33,tk_FSEQ,0)),"")
A39: =IFERROR(""&INDEX(tk_MARK,MATCH(34,tk_FSEQ,0)),"") | B39: =IFERROR(INDEX(tk_QTY,MATCH(34,tk_FSEQ,0)),"") | C39: =IFERROR(INDEX(tk_ROOMF,MATCH(34,tk_FSEQ,0))&IF(INDEX(tk_ROOMT,MATCH(34,tk_FSEQ,0))="",""," → "&INDEX(tk_ROOMT,MATCH(34,tk_FSEQ,0))),"") | D39: =IFERROR(""&INDEX(tk_SIZE,MATCH(34,tk_FSEQ,0)),"") | E39: =IFERROR(""&INDEX(tk_RATING,MATCH(34,tk_FSEQ,0)),"") | F39: =IFERROR(TEXT(INDEX(tk_OAW,MATCH(34,tk_FSEQ,0)),"0.000")&" x "&TEXT(INDEX(tk_OAH,MATCH(34,tk_FSEQ,0)),"0.000"),"") | G39: =IFERROR(""&INDEX(tk_FLINE,MATCH(34,tk_FSEQ,0)),"") | H39: =IFERROR(""&INDEX(tk_FNOTES,MATCH(34,tk_FSEQ,0)),"")
A40: =IFERROR(""&INDEX(tk_MARK,MATCH(35,tk_FSEQ,0)),"") | B40: =IFERROR(INDEX(tk_QTY,MATCH(35,tk_FSEQ,0)),"") | C40: =IFERROR(INDEX(tk_ROOMF,MATCH(35,tk_FSEQ,0))&IF(INDEX(tk_ROOMT,MATCH(35,tk_FSEQ,0))="",""," → "&INDEX(tk_ROOMT,MATCH(35,tk_FSEQ,0))),"") | D40: =IFERROR(""&INDEX(tk_SIZE,MATCH(35,tk_FSEQ,0)),"") | E40: =IFERROR(""&INDEX(tk_RATING,MATCH(35,tk_FSEQ,0)),"") | F40: =IFERROR(TEXT(INDEX(tk_OAW,MATCH(35,tk_FSEQ,0)),"0.000")&" x "&TEXT(INDEX(tk_OAH,MATCH(35,tk_FSEQ,0)),"0.000"),"") | G40: =IFERROR(""&INDEX(tk_FLINE,MATCH(35,tk_FSEQ,0)),"") | H40: =IFERROR(""&INDEX(tk_FNOTES,MATCH(35,tk_FSEQ,0)),"")
A41: =IFERROR(""&INDEX(tk_MARK,MATCH(36,tk_FSEQ,0)),"") | B41: =IFERROR(INDEX(tk_QTY,MATCH(36,tk_FSEQ,0)),"") | C41: =IFERROR(INDEX(tk_ROOMF,MATCH(36,tk_FSEQ,0))&IF(INDEX(tk_ROOMT,MATCH(36,tk_FSEQ,0))="",""," → "&INDEX(tk_ROOMT,MATCH(36,tk_FSEQ,0))),"") | D41: =IFERROR(""&INDEX(tk_SIZE,MATCH(36,tk_FSEQ,0)),"") | E41: =IFERROR(""&INDEX(tk_RATING,MATCH(36,tk_FSEQ,0)),"") | F41: =IFERROR(TEXT(INDEX(tk_OAW,MATCH(36,tk_FSEQ,0)),"0.000")&" x "&TEXT(INDEX(tk_OAH,MATCH(36,tk_FSEQ,0)),"0.000"),"") | G41: =IFERROR(""&INDEX(tk_FLINE,MATCH(36,tk_FSEQ,0)),"") | H41: =IFERROR(""&INDEX(tk_FNOTES,MATCH(36,tk_FSEQ,0)),"")
A42: =IFERROR(""&INDEX(tk_MARK,MATCH(37,tk_FSEQ,0)),"") | B42: =IFERROR(INDEX(tk_QTY,MATCH(37,tk_FSEQ,0)),"") | C42: =IFERROR(INDEX(tk_ROOMF,MATCH(37,tk_FSEQ,0))&IF(INDEX(tk_ROOMT,MATCH(37,tk_FSEQ,0))="",""," → "&INDEX(tk_ROOMT,MATCH(37,tk_FSEQ,0))),"") | D42: =IFERROR(""&INDEX(tk_SIZE,MATCH(37,tk_FSEQ,0)),"") | E42: =IFERROR(""&INDEX(tk_RATING,MATCH(37,tk_FSEQ,0)),"") | F42: =IFERROR(TEXT(INDEX(tk_OAW,MATCH(37,tk_FSEQ,0)),"0.000")&" x "&TEXT(INDEX(tk_OAH,MATCH(37,tk_FSEQ,0)),"0.000"),"") | G42: =IFERROR(""&INDEX(tk_FLINE,MATCH(37,tk_FSEQ,0)),"") | H42: =IFERROR(""&INDEX(tk_FNOTES,MATCH(37,tk_FSEQ,0)),"")
A43: =IFERROR(""&INDEX(tk_MARK,MATCH(38,tk_FSEQ,0)),"") | B43: =IFERROR(INDEX(tk_QTY,MATCH(38,tk_FSEQ,0)),"") | C43: =IFERROR(INDEX(tk_ROOMF,MATCH(38,tk_FSEQ,0))&IF(INDEX(tk_ROOMT,MATCH(38,tk_FSEQ,0))="",""," → "&INDEX(tk_ROOMT,MATCH(38,tk_FSEQ,0))),"") | D43: =IFERROR(""&INDEX(tk_SIZE,MATCH(38,tk_FSEQ,0)),"") | E43: =IFERROR(""&INDEX(tk_RATING,MATCH(38,tk_FSEQ,0)),"") | F43: =IFERROR(TEXT(INDEX(tk_OAW,MATCH(38,tk_FSEQ,0)),"0.000")&" x "&TEXT(INDEX(tk_OAH,MATCH(38,tk_FSEQ,0)),"0.000"),"") | G43: =IFERROR(""&INDEX(tk_FLINE,MATCH(38,tk_FSEQ,0)),"") | H43: =IFERROR(""&INDEX(tk_FNOTES,MATCH(38,tk_FSEQ,0)),"")
A44: =IFERROR(""&INDEX(tk_MARK,MATCH(39,tk_FSEQ,0)),"") | B44: =IFERROR(INDEX(tk_QTY,MATCH(39,tk_FSEQ,0)),"") | C44: =IFERROR(INDEX(tk_ROOMF,MATCH(39,tk_FSEQ,0))&IF(INDEX(tk_ROOMT,MATCH(39,tk_FSEQ,0))="",""," → "&INDEX(tk_ROOMT,MATCH(39,tk_FSEQ,0))),"") | D44: =IFERROR(""&INDEX(tk_SIZE,MATCH(39,tk_FSEQ,0)),"") | E44: =IFERROR(""&INDEX(tk_RATING,MATCH(39,tk_FSEQ,0)),"") | F44: =IFERROR(TEXT(INDEX(tk_OAW,MATCH(39,tk_FSEQ,0)),"0.000")&" x "&TEXT(INDEX(tk_OAH,MATCH(39,tk_FSEQ,0)),"0.000"),"") | G44: =IFERROR(""&INDEX(tk_FLINE,MATCH(39,tk_FSEQ,0)),"") | H44: =IFERROR(""&INDEX(tk_FNOTES,MATCH(39,tk_FSEQ,0)),"")
A45: =IFERROR(""&INDEX(tk_MARK,MATCH(40,tk_FSEQ,0)),"") | B45: =IFERROR(INDEX(tk_QTY,MATCH(40,tk_FSEQ,0)),"") | C45: =IFERROR(INDEX(tk_ROOMF,MATCH(40,tk_FSEQ,0))&IF(INDEX(tk_ROOMT,MATCH(40,tk_FSEQ,0))="",""," → "&INDEX(tk_ROOMT,MATCH(40,tk_FSEQ,0))),"") | D45: =IFERROR(""&INDEX(tk_SIZE,MATCH(40,tk_FSEQ,0)),"") | E45: =IFERROR(""&INDEX(tk_RATING,MATCH(40,tk_FSEQ,0)),"") | F45: =IFERROR(TEXT(INDEX(tk_OAW,MATCH(40,tk_FSEQ,0)),"0.000")&" x "&TEXT(INDEX(tk_OAH,MATCH(40,tk_FSEQ,0)),"0.000"),"") | G45: =IFERROR(""&INDEX(tk_FLINE,MATCH(40,tk_FSEQ,0)),"") | H45: =IFERROR(""&INDEX(tk_FNOTES,MATCH(40,tk_FSEQ,0)),"")
A46: =IFERROR(""&INDEX(tk_MARK,MATCH(41,tk_FSEQ,0)),"") | B46: =IFERROR(INDEX(tk_QTY,MATCH(41,tk_FSEQ,0)),"") | C46: =IFERROR(INDEX(tk_ROOMF,MATCH(41,tk_FSEQ,0))&IF(INDEX(tk_ROOMT,MATCH(41,tk_FSEQ,0))="",""," → "&INDEX(tk_ROOMT,MATCH(41,tk_FSEQ,0))),"") | D46: =IFERROR(""&INDEX(tk_SIZE,MATCH(41,tk_FSEQ,0)),"") | E46: =IFERROR(""&INDEX(tk_RATING,MATCH(41,tk_FSEQ,0)),"") | F46: =IFERROR(TEXT(INDEX(tk_OAW,MATCH(41,tk_FSEQ,0)),"0.000")&" x "&TEXT(INDEX(tk_OAH,MATCH(41,tk_FSEQ,0)),"0.000"),"") | G46: =IFERROR(""&INDEX(tk_FLINE,MATCH(41,tk_FSEQ,0)),"") | H46: =IFERROR(""&INDEX(tk_FNOTES,MATCH(41,tk_FSEQ,0)),"")
A47: =IFERROR(""&INDEX(tk_MARK,MATCH(42,tk_FSEQ,0)),"") | B47: =IFERROR(INDEX(tk_QTY,MATCH(42,tk_FSEQ,0)),"") | C47: =IFERROR(INDEX(tk_ROOMF,MATCH(42,tk_FSEQ,0))&IF(INDEX(tk_ROOMT,MATCH(42,tk_FSEQ,0))="",""," → "&INDEX(tk_ROOMT,MATCH(42,tk_FSEQ,0))),"") | D47: =IFERROR(""&INDEX(tk_SIZE,MATCH(42,tk_FSEQ,0)),"") | E47: =IFERROR(""&INDEX(tk_RATING,MATCH(42,tk_FSEQ,0)),"") | F47: =IFERROR(TEXT(INDEX(tk_OAW,MATCH(42,tk_FSEQ,0)),"0.000")&" x "&TEXT(INDEX(tk_OAH,MATCH(42,tk_FSEQ,0)),"0.000"),"") | G47: =IFERROR(""&INDEX(tk_FLINE,MATCH(42,tk_FSEQ,0)),"") | H47: =IFERROR(""&INDEX(tk_FNOTES,MATCH(42,tk_FSEQ,0)),"")
A48: =IFERROR(""&INDEX(tk_MARK,MATCH(43,tk_FSEQ,0)),"") | B48: =IFERROR(INDEX(tk_QTY,MATCH(43,tk_FSEQ,0)),"") | C48: =IFERROR(INDEX(tk_ROOMF,MATCH(43,tk_FSEQ,0))&IF(INDEX(tk_ROOMT,MATCH(43,tk_FSEQ,0))="",""," → "&INDEX(tk_ROOMT,MATCH(43,tk_FSEQ,0))),"") | D48: =IFERROR(""&INDEX(tk_SIZE,MATCH(43,tk_FSEQ,0)),"") | E48: =IFERROR(""&INDEX(tk_RATING,MATCH(43,tk_FSEQ,0)),"") | F48: =IFERROR(TEXT(INDEX(tk_OAW,MATCH(43,tk_FSEQ,0)),"0.000")&" x "&TEXT(INDEX(tk_OAH,MATCH(43,tk_FSEQ,0)),"0.000"),"") | G48: =IFERROR(""&INDEX(tk_FLINE,MATCH(43,tk_FSEQ,0)),"") | H48: =IFERROR(""&INDEX(tk_FNOTES,MATCH(43,tk_FSEQ,0)),"")
A49: =IFERROR(""&INDEX(tk_MARK,MATCH(44,tk_FSEQ,0)),"") | B49: =IFERROR(INDEX(tk_QTY,MATCH(44,tk_FSEQ,0)),"") | C49: =IFERROR(INDEX(tk_ROOMF,MATCH(44,tk_FSEQ,0))&IF(INDEX(tk_ROOMT,MATCH(44,tk_FSEQ,0))="",""," → "&INDEX(tk_ROOMT,MATCH(44,tk_FSEQ,0))),"") | D49: =IFERROR(""&INDEX(tk_SIZE,MATCH(44,tk_FSEQ,0)),"") | E49: =IFERROR(""&INDEX(tk_RATING,MATCH(44,tk_FSEQ,0)),"") | F49: =IFERROR(TEXT(INDEX(tk_OAW,MATCH(44,tk_FSEQ,0)),"0.000")&" x "&TEXT(INDEX(tk_OAH,MATCH(44,tk_FSEQ,0)),"0.000"),"") | G49: =IFERROR(""&INDEX(tk_FLINE,MATCH(44,tk_FSEQ,0)),"") | H49: =IFERROR(""&INDEX(tk_FNOTES,MATCH(44,tk_FSEQ,0)),"")
A50: =IFERROR(""&INDEX(tk_MARK,MATCH(45,tk_FSEQ,0)),"") | B50: =IFERROR(INDEX(tk_QTY,MATCH(45,tk_FSEQ,0)),"") | C50: =IFERROR(INDEX(tk_ROOMF,MATCH(45,tk_FSEQ,0))&IF(INDEX(tk_ROOMT,MATCH(45,tk_FSEQ,0))="",""," → "&INDEX(tk_ROOMT,MATCH(45,tk_FSEQ,0))),"") | D50: =IFERROR(""&INDEX(tk_SIZE,MATCH(45,tk_FSEQ,0)),"") | E50: =IFERROR(""&INDEX(tk_RATING,MATCH(45,tk_FSEQ,0)),"") | F50: =IFERROR(TEXT(INDEX(tk_OAW,MATCH(45,tk_FSEQ,0)),"0.000")&" x "&TEXT(INDEX(tk_OAH,MATCH(45,tk_FSEQ,0)),"0.000"),"") | G50: =IFERROR(""&INDEX(tk_FLINE,MATCH(45,tk_FSEQ,0)),"") | H50: =IFERROR(""&INDEX(tk_FNOTES,MATCH(45,tk_FSEQ,0)),"")
A51: =IFERROR(""&INDEX(tk_MARK,MATCH(46,tk_FSEQ,0)),"") | B51: =IFERROR(INDEX(tk_QTY,MATCH(46,tk_FSEQ,0)),"") | C51: =IFERROR(INDEX(tk_ROOMF,MATCH(46,tk_FSEQ,0))&IF(INDEX(tk_ROOMT,MATCH(46,tk_FSEQ,0))="",""," → "&INDEX(tk_ROOMT,MATCH(46,tk_FSEQ,0))),"") | D51: =IFERROR(""&INDEX(tk_SIZE,MATCH(46,tk_FSEQ,0)),"") | E51: =IFERROR(""&INDEX(tk_RATING,MATCH(46,tk_FSEQ,0)),"") | F51: =IFERROR(TEXT(INDEX(tk_OAW,MATCH(46,tk_FSEQ,0)),"0.000")&" x "&TEXT(INDEX(tk_OAH,MATCH(46,tk_FSEQ,0)),"0.000"),"") | G51: =IFERROR(""&INDEX(tk_FLINE,MATCH(46,tk_FSEQ,0)),"") | H51: =IFERROR(""&INDEX(tk_FNOTES,MATCH(46,tk_FSEQ,0)),"")
A52: =IFERROR(""&INDEX(tk_MARK,MATCH(47,tk_FSEQ,0)),"") | B52: =IFERROR(INDEX(tk_QTY,MATCH(47,tk_FSEQ,0)),"") | C52: =IFERROR(INDEX(tk_ROOMF,MATCH(47,tk_FSEQ,0))&IF(INDEX(tk_ROOMT,MATCH(47,tk_FSEQ,0))="",""," → "&INDEX(tk_ROOMT,MATCH(47,tk_FSEQ,0))),"") | D52: =IFERROR(""&INDEX(tk_SIZE,MATCH(47,tk_FSEQ,0)),"") | E52: =IFERROR(""&INDEX(tk_RATING,MATCH(47,tk_FSEQ,0)),"") | F52: =IFERROR(TEXT(INDEX(tk_OAW,MATCH(47,tk_FSEQ,0)),"0.000")&" x "&TEXT(INDEX(tk_OAH,MATCH(47,tk_FSEQ,0)),"0.000"),"") | G52: =IFERROR(""&INDEX(tk_FLINE,MATCH(47,tk_FSEQ,0)),"") | H52: =IFERROR(""&INDEX(tk_FNOTES,MATCH(47,tk_FSEQ,0)),"")
A53: =IFERROR(""&INDEX(tk_MARK,MATCH(48,tk_FSEQ,0)),"") | B53: =IFERROR(INDEX(tk_QTY,MATCH(48,tk_FSEQ,0)),"") | C53: =IFERROR(INDEX(tk_ROOMF,MATCH(48,tk_FSEQ,0))&IF(INDEX(tk_ROOMT,MATCH(48,tk_FSEQ,0))="",""," → "&INDEX(tk_ROOMT,MATCH(48,tk_FSEQ,0))),"") | D53: =IFERROR(""&INDEX(tk_SIZE,MATCH(48,tk_FSEQ,0)),"") | E53: =IFERROR(""&INDEX(tk_RATING,MATCH(48,tk_FSEQ,0)),"") | F53: =IFERROR(TEXT(INDEX(tk_OAW,MATCH(48,tk_FSEQ,0)),"0.000")&" x "&TEXT(INDEX(tk_OAH,MATCH(48,tk_FSEQ,0)),"0.000"),"") | G53: =IFERROR(""&INDEX(tk_FLINE,MATCH(48,tk_FSEQ,0)),"") | H53: =IFERROR(""&INDEX(tk_FNOTES,MATCH(48,tk_FSEQ,0)),"")
A54: =IFERROR(""&INDEX(tk_MARK,MATCH(49,tk_FSEQ,0)),"") | B54: =IFERROR(INDEX(tk_QTY,MATCH(49,tk_FSEQ,0)),"") | C54: =IFERROR(INDEX(tk_ROOMF,MATCH(49,tk_FSEQ,0))&IF(INDEX(tk_ROOMT,MATCH(49,tk_FSEQ,0))="",""," → "&INDEX(tk_ROOMT,MATCH(49,tk_FSEQ,0))),"") | D54: =IFERROR(""&INDEX(tk_SIZE,MATCH(49,tk_FSEQ,0)),"") | E54: =IFERROR(""&INDEX(tk_RATING,MATCH(49,tk_FSEQ,0)),"") | F54: =IFERROR(TEXT(INDEX(tk_OAW,MATCH(49,tk_FSEQ,0)),"0.000")&" x "&TEXT(INDEX(tk_OAH,MATCH(49,tk_FSEQ,0)),"0.000"),"") | G54: =IFERROR(""&INDEX(tk_FLINE,MATCH(49,tk_FSEQ,0)),"") | H54: =IFERROR(""&INDEX(tk_FNOTES,MATCH(49,tk_FSEQ,0)),"")
A55: =IFERROR(""&INDEX(tk_MARK,MATCH(50,tk_FSEQ,0)),"") | B55: =IFERROR(INDEX(tk_QTY,MATCH(50,tk_FSEQ,0)),"") | C55: =IFERROR(INDEX(tk_ROOMF,MATCH(50,tk_FSEQ,0))&IF(INDEX(tk_ROOMT,MATCH(50,tk_FSEQ,0))="",""," → "&INDEX(tk_ROOMT,MATCH(50,tk_FSEQ,0))),"") | D55: =IFERROR(""&INDEX(tk_SIZE,MATCH(50,tk_FSEQ,0)),"") | E55: =IFERROR(""&INDEX(tk_RATING,MATCH(50,tk_FSEQ,0)),"") | F55: =IFERROR(TEXT(INDEX(tk_OAW,MATCH(50,tk_FSEQ,0)),"0.000")&" x "&TEXT(INDEX(tk_OAH,MATCH(50,tk_FSEQ,0)),"0.000"),"") | G55: =IFERROR(""&INDEX(tk_FLINE,MATCH(50,tk_FSEQ,0)),"") | H55: =IFERROR(""&INDEX(tk_FNOTES,MATCH(50,tk_FSEQ,0)),"")
A56: =IFERROR(""&INDEX(tk_MARK,MATCH(51,tk_FSEQ,0)),"") | B56: =IFERROR(INDEX(tk_QTY,MATCH(51,tk_FSEQ,0)),"") | C56: =IFERROR(INDEX(tk_ROOMF,MATCH(51,tk_FSEQ,0))&IF(INDEX(tk_ROOMT,MATCH(51,tk_FSEQ,0))="",""," → "&INDEX(tk_ROOMT,MATCH(51,tk_FSEQ,0))),"") | D56: =IFERROR(""&INDEX(tk_SIZE,MATCH(51,tk_FSEQ,0)),"") | E56: =IFERROR(""&INDEX(tk_RATING,MATCH(51,tk_FSEQ,0)),"") | F56: =IFERROR(TEXT(INDEX(tk_OAW,MATCH(51,tk_FSEQ,0)),"0.000")&" x "&TEXT(INDEX(tk_OAH,MATCH(51,tk_FSEQ,0)),"0.000"),"") | G56: =IFERROR(""&INDEX(tk_FLINE,MATCH(51,tk_FSEQ,0)),"") | H56: =IFERROR(""&INDEX(tk_FNOTES,MATCH(51,tk_FSEQ,0)),"")
A57: =IFERROR(""&INDEX(tk_MARK,MATCH(52,tk_FSEQ,0)),"") | B57: =IFERROR(INDEX(tk_QTY,MATCH(52,tk_FSEQ,0)),"") | C57: =IFERROR(INDEX(tk_ROOMF,MATCH(52,tk_FSEQ,0))&IF(INDEX(tk_ROOMT,MATCH(52,tk_FSEQ,0))="",""," → "&INDEX(tk_ROOMT,MATCH(52,tk_FSEQ,0))),"") | D57: =IFERROR(""&INDEX(tk_SIZE,MATCH(52,tk_FSEQ,0)),"") | E57: =IFERROR(""&INDEX(tk_RATING,MATCH(52,tk_FSEQ,0)),"") | F57: =IFERROR(TEXT(INDEX(tk_OAW,MATCH(52,tk_FSEQ,0)),"0.000")&" x "&TEXT(INDEX(tk_OAH,MATCH(52,tk_FSEQ,0)),"0.000"),"") | G57: =IFERROR(""&INDEX(tk_FLINE,MATCH(52,tk_FSEQ,0)),"") | H57: =IFERROR(""&INDEX(tk_FNOTES,MATCH(52,tk_FSEQ,0)),"")
A58: =IFERROR(""&INDEX(tk_MARK,MATCH(53,tk_FSEQ,0)),"") | B58: =IFERROR(INDEX(tk_QTY,MATCH(53,tk_FSEQ,0)),"") | C58: =IFERROR(INDEX(tk_ROOMF,MATCH(53,tk_FSEQ,0))&IF(INDEX(tk_ROOMT,MATCH(53,tk_FSEQ,0))="",""," → "&INDEX(tk_ROOMT,MATCH(53,tk_FSEQ,0))),"") | D58: =IFERROR(""&INDEX(tk_SIZE,MATCH(53,tk_FSEQ,0)),"") | E58: =IFERROR(""&INDEX(tk_RATING,MATCH(53,tk_FSEQ,0)),"") | F58: =IFERROR(TEXT(INDEX(tk_OAW,MATCH(53,tk_FSEQ,0)),"0.000")&" x "&TEXT(INDEX(tk_OAH,MATCH(53,tk_FSEQ,0)),"0.000"),"") | G58: =IFERROR(""&INDEX(tk_FLINE,MATCH(53,tk_FSEQ,0)),"") | H58: =IFERROR(""&INDEX(tk_FNOTES,MATCH(53,tk_FSEQ,0)),"")
A59: =IFERROR(""&INDEX(tk_MARK,MATCH(54,tk_FSEQ,0)),"") | B59: =IFERROR(INDEX(tk_QTY,MATCH(54,tk_FSEQ,0)),"") | C59: =IFERROR(INDEX(tk_ROOMF,MATCH(54,tk_FSEQ,0))&IF(INDEX(tk_ROOMT,MATCH(54,tk_FSEQ,0))="",""," → "&INDEX(tk_ROOMT,MATCH(54,tk_FSEQ,0))),"") | D59: =IFERROR(""&INDEX(tk_SIZE,MATCH(54,tk_FSEQ,0)),"") | E59: =IFERROR(""&INDEX(tk_RATING,MATCH(54,tk_FSEQ,0)),"") | F59: =IFERROR(TEXT(INDEX(tk_OAW,MATCH(54,tk_FSEQ,0)),"0.000")&" x "&TEXT(INDEX(tk_OAH,MATCH(54,tk_FSEQ,0)),"0.000"),"") | G59: =IFERROR(""&INDEX(tk_FLINE,MATCH(54,tk_FSEQ,0)),"") | H59: =IFERROR(""&INDEX(tk_FNOTES,MATCH(54,tk_FSEQ,0)),"")
A60: =IFERROR(""&INDEX(tk_MARK,MATCH(55,tk_FSEQ,0)),"") | B60: =IFERROR(INDEX(tk_QTY,MATCH(55,tk_FSEQ,0)),"") | C60: =IFERROR(INDEX(tk_ROOMF,MATCH(55,tk_FSEQ,0))&IF(INDEX(tk_ROOMT,MATCH(55,tk_FSEQ,0))="",""," → "&INDEX(tk_ROOMT,MATCH(55,tk_FSEQ,0))),"") | D60: =IFERROR(""&INDEX(tk_SIZE,MATCH(55,tk_FSEQ,0)),"") | E60: =IFERROR(""&INDEX(tk_RATING,MATCH(55,tk_FSEQ,0)),"") | F60: =IFERROR(TEXT(INDEX(tk_OAW,MATCH(55,tk_FSEQ,0)),"0.000")&" x "&TEXT(INDEX(tk_OAH,MATCH(55,tk_FSEQ,0)),"0.000"),"") | G60: =IFERROR(""&INDEX(tk_FLINE,MATCH(55,tk_FSEQ,0)),"") | H60: =IFERROR(""&INDEX(tk_FNOTES,MATCH(55,tk_FSEQ,0)),"")
A61: =IFERROR(""&INDEX(tk_MARK,MATCH(56,tk_FSEQ,0)),"") | B61: =IFERROR(INDEX(tk_QTY,MATCH(56,tk_FSEQ,0)),"") | C61: =IFERROR(INDEX(tk_ROOMF,MATCH(56,tk_FSEQ,0))&IF(INDEX(tk_ROOMT,MATCH(56,tk_FSEQ,0))="",""," → "&INDEX(tk_ROOMT,MATCH(56,tk_FSEQ,0))),"") | D61: =IFERROR(""&INDEX(tk_SIZE,MATCH(56,tk_FSEQ,0)),"") | E61: =IFERROR(""&INDEX(tk_RATING,MATCH(56,tk_FSEQ,0)),"") | F61: =IFERROR(TEXT(INDEX(tk_OAW,MATCH(56,tk_FSEQ,0)),"0.000")&" x "&TEXT(INDEX(tk_OAH,MATCH(56,tk_FSEQ,0)),"0.000"),"") | G61: =IFERROR(""&INDEX(tk_FLINE,MATCH(56,tk_FSEQ,0)),"") | H61: =IFERROR(""&INDEX(tk_FNOTES,MATCH(56,tk_FSEQ,0)),"")
A62: =IFERROR(""&INDEX(tk_MARK,MATCH(57,tk_FSEQ,0)),"") | B62: =IFERROR(INDEX(tk_QTY,MATCH(57,tk_FSEQ,0)),"") | C62: =IFERROR(INDEX(tk_ROOMF,MATCH(57,tk_FSEQ,0))&IF(INDEX(tk_ROOMT,MATCH(57,tk_FSEQ,0))="",""," → "&INDEX(tk_ROOMT,MATCH(57,tk_FSEQ,0))),"") | D62: =IFERROR(""&INDEX(tk_SIZE,MATCH(57,tk_FSEQ,0)),"") | E62: =IFERROR(""&INDEX(tk_RATING,MATCH(57,tk_FSEQ,0)),"") | F62: =IFERROR(TEXT(INDEX(tk_OAW,MATCH(57,tk_FSEQ,0)),"0.000")&" x "&TEXT(INDEX(tk_OAH,MATCH(57,tk_FSEQ,0)),"0.000"),"") | G62: =IFERROR(""&INDEX(tk_FLINE,MATCH(57,tk_FSEQ,0)),"") | H62: =IFERROR(""&INDEX(tk_FNOTES,MATCH(57,tk_FSEQ,0)),"")
A63: =IFERROR(""&INDEX(tk_MARK,MATCH(58,tk_FSEQ,0)),"") | B63: =IFERROR(INDEX(tk_QTY,MATCH(58,tk_FSEQ,0)),"") | C63: =IFERROR(INDEX(tk_ROOMF,MATCH(58,tk_FSEQ,0))&IF(INDEX(tk_ROOMT,MATCH(58,tk_FSEQ,0))="",""," → "&INDEX(tk_ROOMT,MATCH(58,tk_FSEQ,0))),"") | D63: =IFERROR(""&INDEX(tk_SIZE,MATCH(58,tk_FSEQ,0)),"") | E63: =IFERROR(""&INDEX(tk_RATING,MATCH(58,tk_FSEQ,0)),"") | F63: =IFERROR(TEXT(INDEX(tk_OAW,MATCH(58,tk_FSEQ,0)),"0.000")&" x "&TEXT(INDEX(tk_OAH,MATCH(58,tk_FSEQ,0)),"0.000"),"") | G63: =IFERROR(""&INDEX(tk_FLINE,MATCH(58,tk_FSEQ,0)),"") | H63: =IFERROR(""&INDEX(tk_FNOTES,MATCH(58,tk_FSEQ,0)),"")
A64: =IFERROR(""&INDEX(tk_MARK,MATCH(59,tk_FSEQ,0)),"") | B64: =IFERROR(INDEX(tk_QTY,MATCH(59,tk_FSEQ,0)),"") | C64: =IFERROR(INDEX(tk_ROOMF,MATCH(59,tk_FSEQ,0))&IF(INDEX(tk_ROOMT,MATCH(59,tk_FSEQ,0))="",""," → "&INDEX(tk_ROOMT,MATCH(59,tk_FSEQ,0))),"") | D64: =IFERROR(""&INDEX(tk_SIZE,MATCH(59,tk_FSEQ,0)),"") | E64: =IFERROR(""&INDEX(tk_RATING,MATCH(59,tk_FSEQ,0)),"") | F64: =IFERROR(TEXT(INDEX(tk_OAW,MATCH(59,tk_FSEQ,0)),"0.000")&" x "&TEXT(INDEX(tk_OAH,MATCH(59,tk_FSEQ,0)),"0.000"),"") | G64: =IFERROR(""&INDEX(tk_FLINE,MATCH(59,tk_FSEQ,0)),"") | H64: =IFERROR(""&INDEX(tk_FNOTES,MATCH(59,tk_FSEQ,0)),"")
A65: =IFERROR(""&INDEX(tk_MARK,MATCH(60,tk_FSEQ,0)),"") | B65: =IFERROR(INDEX(tk_QTY,MATCH(60,tk_FSEQ,0)),"") | C65: =IFERROR(INDEX(tk_ROOMF,MATCH(60,tk_FSEQ,0))&IF(INDEX(tk_ROOMT,MATCH(60,tk_FSEQ,0))="",""," → "&INDEX(tk_ROOMT,MATCH(60,tk_FSEQ,0))),"") | D65: =IFERROR(""&INDEX(tk_SIZE,MATCH(60,tk_FSEQ,0)),"") | E65: =IFERROR(""&INDEX(tk_RATING,MATCH(60,tk_FSEQ,0)),"") | F65: =IFERROR(TEXT(INDEX(tk_OAW,MATCH(60,tk_FSEQ,0)),"0.000")&" x "&TEXT(INDEX(tk_OAH,MATCH(60,tk_FSEQ,0)),"0.000"),"") | G65: =IFERROR(""&INDEX(tk_FLINE,MATCH(60,tk_FSEQ,0)),"") | H65: =IFERROR(""&INDEX(tk_FNOTES,MATCH(60,tk_FSEQ,0)),"")
A66: =IFERROR(""&INDEX(tk_MARK,MATCH(61,tk_FSEQ,0)),"") | B66: =IFERROR(INDEX(tk_QTY,MATCH(61,tk_FSEQ,0)),"") | C66: =IFERROR(INDEX(tk_ROOMF,MATCH(61,tk_FSEQ,0))&IF(INDEX(tk_ROOMT,MATCH(61,tk_FSEQ,0))="",""," → "&INDEX(tk_ROOMT,MATCH(61,tk_FSEQ,0))),"") | D66: =IFERROR(""&INDEX(tk_SIZE,MATCH(61,tk_FSEQ,0)),"") | E66: =IFERROR(""&INDEX(tk_RATING,MATCH(61,tk_FSEQ,0)),"") | F66: =IFERROR(TEXT(INDEX(tk_OAW,MATCH(61,tk_FSEQ,0)),"0.000")&" x "&TEXT(INDEX(tk_OAH,MATCH(61,tk_FSEQ,0)),"0.000"),"") | G66: =IFERROR(""&INDEX(tk_FLINE,MATCH(61,tk_FSEQ,0)),"") | H66: =IFERROR(""&INDEX(tk_FNOTES,MATCH(61,tk_FSEQ,0)),"")
A67: =IFERROR(""&INDEX(tk_MARK,MATCH(62,tk_FSEQ,0)),"") | B67: =IFERROR(INDEX(tk_QTY,MATCH(62,tk_FSEQ,0)),"") | C67: =IFERROR(INDEX(tk_ROOMF,MATCH(62,tk_FSEQ,0))&IF(INDEX(tk_ROOMT,MATCH(62,tk_FSEQ,0))="",""," → "&INDEX(tk_ROOMT,MATCH(62,tk_FSEQ,0))),"") | D67: =IFERROR(""&INDEX(tk_SIZE,MATCH(62,tk_FSEQ,0)),"") | E67: =IFERROR(""&INDEX(tk_RATING,MATCH(62,tk_FSEQ,0)),"") | F67: =IFERROR(TEXT(INDEX(tk_OAW,MATCH(62,tk_FSEQ,0)),"0.000")&" x "&TEXT(INDEX(tk_OAH,MATCH(62,tk_FSEQ,0)),"0.000"),"") | G67: =IFERROR(""&INDEX(tk_FLINE,MATCH(62,tk_FSEQ,0)),"") | H67: =IFERROR(""&INDEX(tk_FNOTES,MATCH(62,tk_FSEQ,0)),"")
A68: =IFERROR(""&INDEX(tk_MARK,MATCH(63,tk_FSEQ,0)),"") | B68: =IFERROR(INDEX(tk_QTY,MATCH(63,tk_FSEQ,0)),"") | C68: =IFERROR(INDEX(tk_ROOMF,MATCH(63,tk_FSEQ,0))&IF(INDEX(tk_ROOMT,MATCH(63,tk_FSEQ,0))="",""," → "&INDEX(tk_ROOMT,MATCH(63,tk_FSEQ,0))),"") | D68: =IFERROR(""&INDEX(tk_SIZE,MATCH(63,tk_FSEQ,0)),"") | E68: =IFERROR(""&INDEX(tk_RATING,MATCH(63,tk_FSEQ,0)),"") | F68: =IFERROR(TEXT(INDEX(tk_OAW,MATCH(63,tk_FSEQ,0)),"0.000")&" x "&TEXT(INDEX(tk_OAH,MATCH(63,tk_FSEQ,0)),"0.000"),"") | G68: =IFERROR(""&INDEX(tk_FLINE,MATCH(63,tk_FSEQ,0)),"") | H68: =IFERROR(""&INDEX(tk_FNOTES,MATCH(63,tk_FSEQ,0)),"")
A69: =IFERROR(""&INDEX(tk_MARK,MATCH(64,tk_FSEQ,0)),"") | B69: =IFERROR(INDEX(tk_QTY,MATCH(64,tk_FSEQ,0)),"") | C69: =IFERROR(INDEX(tk_ROOMF,MATCH(64,tk_FSEQ,0))&IF(INDEX(tk_ROOMT,MATCH(64,tk_FSEQ,0))="",""," → "&INDEX(tk_ROOMT,MATCH(64,tk_FSEQ,0))),"") | D69: =IFERROR(""&INDEX(tk_SIZE,MATCH(64,tk_FSEQ,0)),"") | E69: =IFERROR(""&INDEX(tk_RATING,MATCH(64,tk_FSEQ,0)),"") | F69: =IFERROR(TEXT(INDEX(tk_OAW,MATCH(64,tk_FSEQ,0)),"0.000")&" x "&TEXT(INDEX(tk_OAH,MATCH(64,tk_FSEQ,0)),"0.000"),"") | G69: =IFERROR(""&INDEX(tk_FLINE,MATCH(64,tk_FSEQ,0)),"") | H69: =IFERROR(""&INDEX(tk_FNOTES,MATCH(64,tk_FSEQ,0)),"")
A70: =IFERROR(""&INDEX(tk_MARK,MATCH(65,tk_FSEQ,0)),"") | B70: =IFERROR(INDEX(tk_QTY,MATCH(65,tk_FSEQ,0)),"") | C70: =IFERROR(INDEX(tk_ROOMF,MATCH(65,tk_FSEQ,0))&IF(INDEX(tk_ROOMT,MATCH(65,tk_FSEQ,0))="",""," → "&INDEX(tk_ROOMT,MATCH(65,tk_FSEQ,0))),"") | D70: =IFERROR(""&INDEX(tk_SIZE,MATCH(65,tk_FSEQ,0)),"") | E70: =IFERROR(""&INDEX(tk_RATING,MATCH(65,tk_FSEQ,0)),"") | F70: =IFERROR(TEXT(INDEX(tk_OAW,MATCH(65,tk_FSEQ,0)),"0.000")&" x "&TEXT(INDEX(tk_OAH,MATCH(65,tk_FSEQ,0)),"0.000"),"") | G70: =IFERROR(""&INDEX(tk_FLINE,MATCH(65,tk_FSEQ,0)),"") | H70: =IFERROR(""&INDEX(tk_FNOTES,MATCH(65,tk_FSEQ,0)),"")
A71: =IFERROR(""&INDEX(tk_MARK,MATCH(66,tk_FSEQ,0)),"") | B71: =IFERROR(INDEX(tk_QTY,MATCH(66,tk_FSEQ,0)),"") | C71: =IFERROR(INDEX(tk_ROOMF,MATCH(66,tk_FSEQ,0))&IF(INDEX(tk_ROOMT,MATCH(66,tk_FSEQ,0))="",""," → "&INDEX(tk_ROOMT,MATCH(66,tk_FSEQ,0))),"") | D71: =IFERROR(""&INDEX(tk_SIZE,MATCH(66,tk_FSEQ,0)),"") | E71: =IFERROR(""&INDEX(tk_RATING,MATCH(66,tk_FSEQ,0)),"") | F71: =IFERROR(TEXT(INDEX(tk_OAW,MATCH(66,tk_FSEQ,0)),"0.000")&" x "&TEXT(INDEX(tk_OAH,MATCH(66,tk_FSEQ,0)),"0.000"),"") | G71: =IFERROR(""&INDEX(tk_FLINE,MATCH(66,tk_FSEQ,0)),"") | H71: =IFERROR(""&INDEX(tk_FNOTES,MATCH(66,tk_FSEQ,0)),"")
A72: =IFERROR(""&INDEX(tk_MARK,MATCH(67,tk_FSEQ,0)),"") | B72: =IFERROR(INDEX(tk_QTY,MATCH(67,tk_FSEQ,0)),"") | C72: =IFERROR(INDEX(tk_ROOMF,MATCH(67,tk_FSEQ,0))&IF(INDEX(tk_ROOMT,MATCH(67,tk_FSEQ,0))="",""," → "&INDEX(tk_ROOMT,MATCH(67,tk_FSEQ,0))),"") | D72: =IFERROR(""&INDEX(tk_SIZE,MATCH(67,tk_FSEQ,0)),"") | E72: =IFERROR(""&INDEX(tk_RATING,MATCH(67,tk_FSEQ,0)),"") | F72: =IFERROR(TEXT(INDEX(tk_OAW,MATCH(67,tk_FSEQ,0)),"0.000")&" x "&TEXT(INDEX(tk_OAH,MATCH(67,tk_FSEQ,0)),"0.000"),"") | G72: =IFERROR(""&INDEX(tk_FLINE,MATCH(67,tk_FSEQ,0)),"") | H72: =IFERROR(""&INDEX(tk_FNOTES,MATCH(67,tk_FSEQ,0)),"")
A73: =IFERROR(""&INDEX(tk_MARK,MATCH(68,tk_FSEQ,0)),"") | B73: =IFERROR(INDEX(tk_QTY,MATCH(68,tk_FSEQ,0)),"") | C73: =IFERROR(INDEX(tk_ROOMF,MATCH(68,tk_FSEQ,0))&IF(INDEX(tk_ROOMT,MATCH(68,tk_FSEQ,0))="",""," → "&INDEX(tk_ROOMT,MATCH(68,tk_FSEQ,0))),"") | D73: =IFERROR(""&INDEX(tk_SIZE,MATCH(68,tk_FSEQ,0)),"") | E73: =IFERROR(""&INDEX(tk_RATING,MATCH(68,tk_FSEQ,0)),"") | F73: =IFERROR(TEXT(INDEX(tk_OAW,MATCH(68,tk_FSEQ,0)),"0.000")&" x "&TEXT(INDEX(tk_OAH,MATCH(68,tk_FSEQ,0)),"0.000"),"") | G73: =IFERROR(""&INDEX(tk_FLINE,MATCH(68,tk_FSEQ,0)),"") | H73: =IFERROR(""&INDEX(tk_FNOTES,MATCH(68,tk_FSEQ,0)),"")
A74: =IFERROR(""&INDEX(tk_MARK,MATCH(69,tk_FSEQ,0)),"") | B74: =IFERROR(INDEX(tk_QTY,MATCH(69,tk_FSEQ,0)),"") | C74: =IFERROR(INDEX(tk_ROOMF,MATCH(69,tk_FSEQ,0))&IF(INDEX(tk_ROOMT,MATCH(69,tk_FSEQ,0))="",""," → "&INDEX(tk_ROOMT,MATCH(69,tk_FSEQ,0))),"") | D74: =IFERROR(""&INDEX(tk_SIZE,MATCH(69,tk_FSEQ,0)),"") | E74: =IFERROR(""&INDEX(tk_RATING,MATCH(69,tk_FSEQ,0)),"") | F74: =IFERROR(TEXT(INDEX(tk_OAW,MATCH(69,tk_FSEQ,0)),"0.000")&" x "&TEXT(INDEX(tk_OAH,MATCH(69,tk_FSEQ,0)),"0.000"),"") | G74: =IFERROR(""&INDEX(tk_FLINE,MATCH(69,tk_FSEQ,0)),"") | H74: =IFERROR(""&INDEX(tk_FNOTES,MATCH(69,tk_FSEQ,0)),"")
A75: =IFERROR(""&INDEX(tk_MARK,MATCH(70,tk_FSEQ,0)),"") | B75: =IFERROR(INDEX(tk_QTY,MATCH(70,tk_FSEQ,0)),"") | C75: =IFERROR(INDEX(tk_ROOMF,MATCH(70,tk_FSEQ,0))&IF(INDEX(tk_ROOMT,MATCH(70,tk_FSEQ,0))="",""," → "&INDEX(tk_ROOMT,MATCH(70,tk_FSEQ,0))),"") | D75: =IFERROR(""&INDEX(tk_SIZE,MATCH(70,tk_FSEQ,0)),"") | E75: =IFERROR(""&INDEX(tk_RATING,MATCH(70,tk_FSEQ,0)),"") | F75: =IFERROR(TEXT(INDEX(tk_OAW,MATCH(70,tk_FSEQ,0)),"0.000")&" x "&TEXT(INDEX(tk_OAH,MATCH(70,tk_FSEQ,0)),"0.000"),"") | G75: =IFERROR(""&INDEX(tk_FLINE,MATCH(70,tk_FSEQ,0)),"") | H75: =IFERROR(""&INDEX(tk_FNOTES,MATCH(70,tk_FSEQ,0)),"")
A76: =IFERROR(""&INDEX(tk_MARK,MATCH(71,tk_FSEQ,0)),"") | B76: =IFERROR(INDEX(tk_QTY,MATCH(71,tk_FSEQ,0)),"") | C76: =IFERROR(INDEX(tk_ROOMF,MATCH(71,tk_FSEQ,0))&IF(INDEX(tk_ROOMT,MATCH(71,tk_FSEQ,0))="",""," → "&INDEX(tk_ROOMT,MATCH(71,tk_FSEQ,0))),"") | D76: =IFERROR(""&INDEX(tk_SIZE,MATCH(71,tk_FSEQ,0)),"") | E76: =IFERROR(""&INDEX(tk_RATING,MATCH(71,tk_FSEQ,0)),"") | F76: =IFERROR(TEXT(INDEX(tk_OAW,MATCH(71,tk_FSEQ,0)),"0.000")&" x "&TEXT(INDEX(tk_OAH,MATCH(71,tk_FSEQ,0)),"0.000"),"") | G76: =IFERROR(""&INDEX(tk_FLINE,MATCH(71,tk_FSEQ,0)),"") | H76: =IFERROR(""&INDEX(tk_FNOTES,MATCH(71,tk_FSEQ,0)),"")
A77: =IFERROR(""&INDEX(tk_MARK,MATCH(72,tk_FSEQ,0)),"") | B77: =IFERROR(INDEX(tk_QTY,MATCH(72,tk_FSEQ,0)),"") | C77: =IFERROR(INDEX(tk_ROOMF,MATCH(72,tk_FSEQ,0))&IF(INDEX(tk_ROOMT,MATCH(72,tk_FSEQ,0))="",""," → "&INDEX(tk_ROOMT,MATCH(72,tk_FSEQ,0))),"") | D77: =IFERROR(""&INDEX(tk_SIZE,MATCH(72,tk_FSEQ,0)),"") | E77: =IFERROR(""&INDEX(tk_RATING,MATCH(72,tk_FSEQ,0)),"") | F77: =IFERROR(TEXT(INDEX(tk_OAW,MATCH(72,tk_FSEQ,0)),"0.000")&" x "&TEXT(INDEX(tk_OAH,MATCH(72,tk_FSEQ,0)),"0.000"),"") | G77: =IFERROR(""&INDEX(tk_FLINE,MATCH(72,tk_FSEQ,0)),"") | H77: =IFERROR(""&INDEX(tk_FNOTES,MATCH(72,tk_FSEQ,0)),"")
A78: =IFERROR(""&INDEX(tk_MARK,MATCH(73,tk_FSEQ,0)),"") | B78: =IFERROR(INDEX(tk_QTY,MATCH(73,tk_FSEQ,0)),"") | C78: =IFERROR(INDEX(tk_ROOMF,MATCH(73,tk_FSEQ,0))&IF(INDEX(tk_ROOMT,MATCH(73,tk_FSEQ,0))="",""," → "&INDEX(tk_ROOMT,MATCH(73,tk_FSEQ,0))),"") | D78: =IFERROR(""&INDEX(tk_SIZE,MATCH(73,tk_FSEQ,0)),"") | E78: =IFERROR(""&INDEX(tk_RATING,MATCH(73,tk_FSEQ,0)),"") | F78: =IFERROR(TEXT(INDEX(tk_OAW,MATCH(73,tk_FSEQ,0)),"0.000")&" x "&TEXT(INDEX(tk_OAH,MATCH(73,tk_FSEQ,0)),"0.000"),"") | G78: =IFERROR(""&INDEX(tk_FLINE,MATCH(73,tk_FSEQ,0)),"") | H78: =IFERROR(""&INDEX(tk_FNOTES,MATCH(73,tk_FSEQ,0)),"")
A79: =IFERROR(""&INDEX(tk_MARK,MATCH(74,tk_FSEQ,0)),"") | B79: =IFERROR(INDEX(tk_QTY,MATCH(74,tk_FSEQ,0)),"") | C79: =IFERROR(INDEX(tk_ROOMF,MATCH(74,tk_FSEQ,0))&IF(INDEX(tk_ROOMT,MATCH(74,tk_FSEQ,0))="",""," → "&INDEX(tk_ROOMT,MATCH(74,tk_FSEQ,0))),"") | D79: =IFERROR(""&INDEX(tk_SIZE,MATCH(74,tk_FSEQ,0)),"") | E79: =IFERROR(""&INDEX(tk_RATING,MATCH(74,tk_FSEQ,0)),"") | F79: =IFERROR(TEXT(INDEX(tk_OAW,MATCH(74,tk_FSEQ,0)),"0.000")&" x "&TEXT(INDEX(tk_OAH,MATCH(74,tk_FSEQ,0)),"0.000"),"") | G79: =IFERROR(""&INDEX(tk_FLINE,MATCH(74,tk_FSEQ,0)),"") | H79: =IFERROR(""&INDEX(tk_FNOTES,MATCH(74,tk_FSEQ,0)),"")
A80: =IFERROR(""&INDEX(tk_MARK,MATCH(75,tk_FSEQ,0)),"") | B80: =IFERROR(INDEX(tk_QTY,MATCH(75,tk_FSEQ,0)),"") | C80: =IFERROR(INDEX(tk_ROOMF,MATCH(75,tk_FSEQ,0))&IF(INDEX(tk_ROOMT,MATCH(75,tk_FSEQ,0))="",""," → "&INDEX(tk_ROOMT,MATCH(75,tk_FSEQ,0))),"") | D80: =IFERROR(""&INDEX(tk_SIZE,MATCH(75,tk_FSEQ,0)),"") | E80: =IFERROR(""&INDEX(tk_RATING,MATCH(75,tk_FSEQ,0)),"") | F80: =IFERROR(TEXT(INDEX(tk_OAW,MATCH(75,tk_FSEQ,0)),"0.000")&" x "&TEXT(INDEX(tk_OAH,MATCH(75,tk_FSEQ,0)),"0.000"),"") | G80: =IFERROR(""&INDEX(tk_FLINE,MATCH(75,tk_FSEQ,0)),"") | H80: =IFERROR(""&INDEX(tk_FNOTES,MATCH(75,tk_FSEQ,0)),"")
A81: =IFERROR(""&INDEX(tk_MARK,MATCH(76,tk_FSEQ,0)),"") | B81: =IFERROR(INDEX(tk_QTY,MATCH(76,tk_FSEQ,0)),"") | C81: =IFERROR(INDEX(tk_ROOMF,MATCH(76,tk_FSEQ,0))&IF(INDEX(tk_ROOMT,MATCH(76,tk_FSEQ,0))="",""," → "&INDEX(tk_ROOMT,MATCH(76,tk_FSEQ,0))),"") | D81: =IFERROR(""&INDEX(tk_SIZE,MATCH(76,tk_FSEQ,0)),"") | E81: =IFERROR(""&INDEX(tk_RATING,MATCH(76,tk_FSEQ,0)),"") | F81: =IFERROR(TEXT(INDEX(tk_OAW,MATCH(76,tk_FSEQ,0)),"0.000")&" x "&TEXT(INDEX(tk_OAH,MATCH(76,tk_FSEQ,0)),"0.000"),"") | G81: =IFERROR(""&INDEX(tk_FLINE,MATCH(76,tk_FSEQ,0)),"") | H81: =IFERROR(""&INDEX(tk_FNOTES,MATCH(76,tk_FSEQ,0)),"")
A82: =IFERROR(""&INDEX(tk_MARK,MATCH(77,tk_FSEQ,0)),"") | B82: =IFERROR(INDEX(tk_QTY,MATCH(77,tk_FSEQ,0)),"") | C82: =IFERROR(INDEX(tk_ROOMF,MATCH(77,tk_FSEQ,0))&IF(INDEX(tk_ROOMT,MATCH(77,tk_FSEQ,0))="",""," → "&INDEX(tk_ROOMT,MATCH(77,tk_FSEQ,0))),"") | D82: =IFERROR(""&INDEX(tk_SIZE,MATCH(77,tk_FSEQ,0)),"") | E82: =IFERROR(""&INDEX(tk_RATING,MATCH(77,tk_FSEQ,0)),"") | F82: =IFERROR(TEXT(INDEX(tk_OAW,MATCH(77,tk_FSEQ,0)),"0.000")&" x "&TEXT(INDEX(tk_OAH,MATCH(77,tk_FSEQ,0)),"0.000"),"") | G82: =IFERROR(""&INDEX(tk_FLINE,MATCH(77,tk_FSEQ,0)),"") | H82: =IFERROR(""&INDEX(tk_FNOTES,MATCH(77,tk_FSEQ,0)),"")
A83: =IFERROR(""&INDEX(tk_MARK,MATCH(78,tk_FSEQ,0)),"") | B83: =IFERROR(INDEX(tk_QTY,MATCH(78,tk_FSEQ,0)),"") | C83: =IFERROR(INDEX(tk_ROOMF,MATCH(78,tk_FSEQ,0))&IF(INDEX(tk_ROOMT,MATCH(78,tk_FSEQ,0))="",""," → "&INDEX(tk_ROOMT,MATCH(78,tk_FSEQ,0))),"") | D83: =IFERROR(""&INDEX(tk_SIZE,MATCH(78,tk_FSEQ,0)),"") | E83: =IFERROR(""&INDEX(tk_RATING,MATCH(78,tk_FSEQ,0)),"") | F83: =IFERROR(TEXT(INDEX(tk_OAW,MATCH(78,tk_FSEQ,0)),"0.000")&" x "&TEXT(INDEX(tk_OAH,MATCH(78,tk_FSEQ,0)),"0.000"),"") | G83: =IFERROR(""&INDEX(tk_FLINE,MATCH(78,tk_FSEQ,0)),"") | H83: =IFERROR(""&INDEX(tk_FNOTES,MATCH(78,tk_FSEQ,0)),"")
A84: =IFERROR(""&INDEX(tk_MARK,MATCH(79,tk_FSEQ,0)),"") | B84: =IFERROR(INDEX(tk_QTY,MATCH(79,tk_FSEQ,0)),"") | C84: =IFERROR(INDEX(tk_ROOMF,MATCH(79,tk_FSEQ,0))&IF(INDEX(tk_ROOMT,MATCH(79,tk_FSEQ,0))="",""," → "&INDEX(tk_ROOMT,MATCH(79,tk_FSEQ,0))),"") | D84: =IFERROR(""&INDEX(tk_SIZE,MATCH(79,tk_FSEQ,0)),"") | E84: =IFERROR(""&INDEX(tk_RATING,MATCH(79,tk_FSEQ,0)),"") | F84: =IFERROR(TEXT(INDEX(tk_OAW,MATCH(79,tk_FSEQ,0)),"0.000")&" x "&TEXT(INDEX(tk_OAH,MATCH(79,tk_FSEQ,0)),"0.000"),"") | G84: =IFERROR(""&INDEX(tk_FLINE,MATCH(79,tk_FSEQ,0)),"") | H84: =IFERROR(""&INDEX(tk_FNOTES,MATCH(79,tk_FSEQ,0)),"")
A85: =IFERROR(""&INDEX(tk_MARK,MATCH(80,tk_FSEQ,0)),"") | B85: =IFERROR(INDEX(tk_QTY,MATCH(80,tk_FSEQ,0)),"") | C85: =IFERROR(INDEX(tk_ROOMF,MATCH(80,tk_FSEQ,0))&IF(INDEX(tk_ROOMT,MATCH(80,tk_FSEQ,0))="",""," → "&INDEX(tk_ROOMT,MATCH(80,tk_FSEQ,0))),"") | D85: =IFERROR(""&INDEX(tk_SIZE,MATCH(80,tk_FSEQ,0)),"") | E85: =IFERROR(""&INDEX(tk_RATING,MATCH(80,tk_FSEQ,0)),"") | F85: =IFERROR(TEXT(INDEX(tk_OAW,MATCH(80,tk_FSEQ,0)),"0.000")&" x "&TEXT(INDEX(tk_OAH,MATCH(80,tk_FSEQ,0)),"0.000"),"") | G85: =IFERROR(""&INDEX(tk_FLINE,MATCH(80,tk_FSEQ,0)),"") | H85: =IFERROR(""&INDEX(tk_FNOTES,MATCH(80,tk_FSEQ,0)),"")
A86: =IFERROR(""&INDEX(tk_MARK,MATCH(81,tk_FSEQ,0)),"") | B86: =IFERROR(INDEX(tk_QTY,MATCH(81,tk_FSEQ,0)),"") | C86: =IFERROR(INDEX(tk_ROOMF,MATCH(81,tk_FSEQ,0))&IF(INDEX(tk_ROOMT,MATCH(81,tk_FSEQ,0))="",""," → "&INDEX(tk_ROOMT,MATCH(81,tk_FSEQ,0))),"") | D86: =IFERROR(""&INDEX(tk_SIZE,MATCH(81,tk_FSEQ,0)),"") | E86: =IFERROR(""&INDEX(tk_RATING,MATCH(81,tk_FSEQ,0)),"") | F86: =IFERROR(TEXT(INDEX(tk_OAW,MATCH(81,tk_FSEQ,0)),"0.000")&" x "&TEXT(INDEX(tk_OAH,MATCH(81,tk_FSEQ,0)),"0.000"),"") | G86: =IFERROR(""&INDEX(tk_FLINE,MATCH(81,tk_FSEQ,0)),"") | H86: =IFERROR(""&INDEX(tk_FNOTES,MATCH(81,tk_FSEQ,0)),"")
A87: =IFERROR(""&INDEX(tk_MARK,MATCH(82,tk_FSEQ,0)),"") | B87: =IFERROR(INDEX(tk_QTY,MATCH(82,tk_FSEQ,0)),"") | C87: =IFERROR(INDEX(tk_ROOMF,MATCH(82,tk_FSEQ,0))&IF(INDEX(tk_ROOMT,MATCH(82,tk_FSEQ,0))="",""," → "&INDEX(tk_ROOMT,MATCH(82,tk_FSEQ,0))),"") | D87: =IFERROR(""&INDEX(tk_SIZE,MATCH(82,tk_FSEQ,0)),"") | E87: =IFERROR(""&INDEX(tk_RATING,MATCH(82,tk_FSEQ,0)),"") | F87: =IFERROR(TEXT(INDEX(tk_OAW,MATCH(82,tk_FSEQ,0)),"0.000")&" x "&TEXT(INDEX(tk_OAH,MATCH(82,tk_FSEQ,0)),"0.000"),"") | G87: =IFERROR(""&INDEX(tk_FLINE,MATCH(82,tk_FSEQ,0)),"") | H87: =IFERROR(""&INDEX(tk_FNOTES,MATCH(82,tk_FSEQ,0)),"")
A88: =IFERROR(""&INDEX(tk_MARK,MATCH(83,tk_FSEQ,0)),"") | B88: =IFERROR(INDEX(tk_QTY,MATCH(83,tk_FSEQ,0)),"") | C88: =IFERROR(INDEX(tk_ROOMF,MATCH(83,tk_FSEQ,0))&IF(INDEX(tk_ROOMT,MATCH(83,tk_FSEQ,0))="",""," → "&INDEX(tk_ROOMT,MATCH(83,tk_FSEQ,0))),"") | D88: =IFERROR(""&INDEX(tk_SIZE,MATCH(83,tk_FSEQ,0)),"") | E88: =IFERROR(""&INDEX(tk_RATING,MATCH(83,tk_FSEQ,0)),"") | F88: =IFERROR(TEXT(INDEX(tk_OAW,MATCH(83,tk_FSEQ,0)),"0.000")&" x "&TEXT(INDEX(tk_OAH,MATCH(83,tk_FSEQ,0)),"0.000"),"") | G88: =IFERROR(""&INDEX(tk_FLINE,MATCH(83,tk_FSEQ,0)),"") | H88: =IFERROR(""&INDEX(tk_FNOTES,MATCH(83,tk_FSEQ,0)),"")
A89: =IFERROR(""&INDEX(tk_MARK,MATCH(84,tk_FSEQ,0)),"") | B89: =IFERROR(INDEX(tk_QTY,MATCH(84,tk_FSEQ,0)),"") | C89: =IFERROR(INDEX(tk_ROOMF,MATCH(84,tk_FSEQ,0))&IF(INDEX(tk_ROOMT,MATCH(84,tk_FSEQ,0))="",""," → "&INDEX(tk_ROOMT,MATCH(84,tk_FSEQ,0))),"") | D89: =IFERROR(""&INDEX(tk_SIZE,MATCH(84,tk_FSEQ,0)),"") | E89: =IFERROR(""&INDEX(tk_RATING,MATCH(84,tk_FSEQ,0)),"") | F89: =IFERROR(TEXT(INDEX(tk_OAW,MATCH(84,tk_FSEQ,0)),"0.000")&" x "&TEXT(INDEX(tk_OAH,MATCH(84,tk_FSEQ,0)),"0.000"),"") | G89: =IFERROR(""&INDEX(tk_FLINE,MATCH(84,tk_FSEQ,0)),"") | H89: =IFERROR(""&INDEX(tk_FNOTES,MATCH(84,tk_FSEQ,0)),"")
A90: =IFERROR(""&INDEX(tk_MARK,MATCH(85,tk_FSEQ,0)),"") | B90: =IFERROR(INDEX(tk_QTY,MATCH(85,tk_FSEQ,0)),"") | C90: =IFERROR(INDEX(tk_ROOMF,MATCH(85,tk_FSEQ,0))&IF(INDEX(tk_ROOMT,MATCH(85,tk_FSEQ,0))="",""," → "&INDEX(tk_ROOMT,MATCH(85,tk_FSEQ,0))),"") | D90: =IFERROR(""&INDEX(tk_SIZE,MATCH(85,tk_FSEQ,0)),"") | E90: =IFERROR(""&INDEX(tk_RATING,MATCH(85,tk_FSEQ,0)),"") | F90: =IFERROR(TEXT(INDEX(tk_OAW,MATCH(85,tk_FSEQ,0)),"0.000")&" x "&TEXT(INDEX(tk_OAH,MATCH(85,tk_FSEQ,0)),"0.000"),"") | G90: =IFERROR(""&INDEX(tk_FLINE,MATCH(85,tk_FSEQ,0)),"") | H90: =IFERROR(""&INDEX(tk_FNOTES,MATCH(85,tk_FSEQ,0)),"")
A91: =IFERROR(""&INDEX(tk_MARK,MATCH(86,tk_FSEQ,0)),"") | B91: =IFERROR(INDEX(tk_QTY,MATCH(86,tk_FSEQ,0)),"") | C91: =IFERROR(INDEX(tk_ROOMF,MATCH(86,tk_FSEQ,0))&IF(INDEX(tk_ROOMT,MATCH(86,tk_FSEQ,0))="",""," → "&INDEX(tk_ROOMT,MATCH(86,tk_FSEQ,0))),"") | D91: =IFERROR(""&INDEX(tk_SIZE,MATCH(86,tk_FSEQ,0)),"") | E91: =IFERROR(""&INDEX(tk_RATING,MATCH(86,tk_FSEQ,0)),"") | F91: =IFERROR(TEXT(INDEX(tk_OAW,MATCH(86,tk_FSEQ,0)),"0.000")&" x "&TEXT(INDEX(tk_OAH,MATCH(86,tk_FSEQ,0)),"0.000"),"") | G91: =IFERROR(""&INDEX(tk_FLINE,MATCH(86,tk_FSEQ,0)),"") | H91: =IFERROR(""&INDEX(tk_FNOTES,MATCH(86,tk_FSEQ,0)),"")
A92: =IFERROR(""&INDEX(tk_MARK,MATCH(87,tk_FSEQ,0)),"") | B92: =IFERROR(INDEX(tk_QTY,MATCH(87,tk_FSEQ,0)),"") | C92: =IFERROR(INDEX(tk_ROOMF,MATCH(87,tk_FSEQ,0))&IF(INDEX(tk_ROOMT,MATCH(87,tk_FSEQ,0))="",""," → "&INDEX(tk_ROOMT,MATCH(87,tk_FSEQ,0))),"") | D92: =IFERROR(""&INDEX(tk_SIZE,MATCH(87,tk_FSEQ,0)),"") | E92: =IFERROR(""&INDEX(tk_RATING,MATCH(87,tk_FSEQ,0)),"") | F92: =IFERROR(TEXT(INDEX(tk_OAW,MATCH(87,tk_FSEQ,0)),"0.000")&" x "&TEXT(INDEX(tk_OAH,MATCH(87,tk_FSEQ,0)),"0.000"),"") | G92: =IFERROR(""&INDEX(tk_FLINE,MATCH(87,tk_FSEQ,0)),"") | H92: =IFERROR(""&INDEX(tk_FNOTES,MATCH(87,tk_FSEQ,0)),"")
A93: =IFERROR(""&INDEX(tk_MARK,MATCH(88,tk_FSEQ,0)),"") | B93: =IFERROR(INDEX(tk_QTY,MATCH(88,tk_FSEQ,0)),"") | C93: =IFERROR(INDEX(tk_ROOMF,MATCH(88,tk_FSEQ,0))&IF(INDEX(tk_ROOMT,MATCH(88,tk_FSEQ,0))="",""," → "&INDEX(tk_ROOMT,MATCH(88,tk_FSEQ,0))),"") | D93: =IFERROR(""&INDEX(tk_SIZE,MATCH(88,tk_FSEQ,0)),"") | E93: =IFERROR(""&INDEX(tk_RATING,MATCH(88,tk_FSEQ,0)),"") | F93: =IFERROR(TEXT(INDEX(tk_OAW,MATCH(88,tk_FSEQ,0)),"0.000")&" x "&TEXT(INDEX(tk_OAH,MATCH(88,tk_FSEQ,0)),"0.000"),"") | G93: =IFERROR(""&INDEX(tk_FLINE,MATCH(88,tk_FSEQ,0)),"") | H93: =IFERROR(""&INDEX(tk_FNOTES,MATCH(88,tk_FSEQ,0)),"")
A94: =IFERROR(""&INDEX(tk_MARK,MATCH(89,tk_FSEQ,0)),"") | B94: =IFERROR(INDEX(tk_QTY,MATCH(89,tk_FSEQ,0)),"") | C94: =IFERROR(INDEX(tk_ROOMF,MATCH(89,tk_FSEQ,0))&IF(INDEX(tk_ROOMT,MATCH(89,tk_FSEQ,0))="",""," → "&INDEX(tk_ROOMT,MATCH(89,tk_FSEQ,0))),"") | D94: =IFERROR(""&INDEX(tk_SIZE,MATCH(89,tk_FSEQ,0)),"") | E94: =IFERROR(""&INDEX(tk_RATING,MATCH(89,tk_FSEQ,0)),"") | F94: =IFERROR(TEXT(INDEX(tk_OAW,MATCH(89,tk_FSEQ,0)),"0.000")&" x "&TEXT(INDEX(tk_OAH,MATCH(89,tk_FSEQ,0)),"0.000"),"") | G94: =IFERROR(""&INDEX(tk_FLINE,MATCH(89,tk_FSEQ,0)),"") | H94: =IFERROR(""&INDEX(tk_FNOTES,MATCH(89,tk_FSEQ,0)),"")
A95: =IFERROR(""&INDEX(tk_MARK,MATCH(90,tk_FSEQ,0)),"") | B95: =IFERROR(INDEX(tk_QTY,MATCH(90,tk_FSEQ,0)),"") | C95: =IFERROR(INDEX(tk_ROOMF,MATCH(90,tk_FSEQ,0))&IF(INDEX(tk_ROOMT,MATCH(90,tk_FSEQ,0))="",""," → "&INDEX(tk_ROOMT,MATCH(90,tk_FSEQ,0))),"") | D95: =IFERROR(""&INDEX(tk_SIZE,MATCH(90,tk_FSEQ,0)),"") | E95: =IFERROR(""&INDEX(tk_RATING,MATCH(90,tk_FSEQ,0)),"") | F95: =IFERROR(TEXT(INDEX(tk_OAW,MATCH(90,tk_FSEQ,0)),"0.000")&" x "&TEXT(INDEX(tk_OAH,MATCH(90,tk_FSEQ,0)),"0.000"),"") | G95: =IFERROR(""&INDEX(tk_FLINE,MATCH(90,tk_FSEQ,0)),"") | H95: =IFERROR(""&INDEX(tk_FNOTES,MATCH(90,tk_FSEQ,0)),"")
A96: =IFERROR(""&INDEX(tk_MARK,MATCH(91,tk_FSEQ,0)),"") | B96: =IFERROR(INDEX(tk_QTY,MATCH(91,tk_FSEQ,0)),"") | C96: =IFERROR(INDEX(tk_ROOMF,MATCH(91,tk_FSEQ,0))&IF(INDEX(tk_ROOMT,MATCH(91,tk_FSEQ,0))="",""," → "&INDEX(tk_ROOMT,MATCH(91,tk_FSEQ,0))),"") | D96: =IFERROR(""&INDEX(tk_SIZE,MATCH(91,tk_FSEQ,0)),"") | E96: =IFERROR(""&INDEX(tk_RATING,MATCH(91,tk_FSEQ,0)),"") | F96: =IFERROR(TEXT(INDEX(tk_OAW,MATCH(91,tk_FSEQ,0)),"0.000")&" x "&TEXT(INDEX(tk_OAH,MATCH(91,tk_FSEQ,0)),"0.000"),"") | G96: =IFERROR(""&INDEX(tk_FLINE,MATCH(91,tk_FSEQ,0)),"") | H96: =IFERROR(""&INDEX(tk_FNOTES,MATCH(91,tk_FSEQ,0)),"")
A97: =IFERROR(""&INDEX(tk_MARK,MATCH(92,tk_FSEQ,0)),"") | B97: =IFERROR(INDEX(tk_QTY,MATCH(92,tk_FSEQ,0)),"") | C97: =IFERROR(INDEX(tk_ROOMF,MATCH(92,tk_FSEQ,0))&IF(INDEX(tk_ROOMT,MATCH(92,tk_FSEQ,0))="",""," → "&INDEX(tk_ROOMT,MATCH(92,tk_FSEQ,0))),"") | D97: =IFERROR(""&INDEX(tk_SIZE,MATCH(92,tk_FSEQ,0)),"") | E97: =IFERROR(""&INDEX(tk_RATING,MATCH(92,tk_FSEQ,0)),"") | F97: =IFERROR(TEXT(INDEX(tk_OAW,MATCH(92,tk_FSEQ,0)),"0.000")&" x "&TEXT(INDEX(tk_OAH,MATCH(92,tk_FSEQ,0)),"0.000"),"") | G97: =IFERROR(""&INDEX(tk_FLINE,MATCH(92,tk_FSEQ,0)),"") | H97: =IFERROR(""&INDEX(tk_FNOTES,MATCH(92,tk_FSEQ,0)),"")
A98: =IFERROR(""&INDEX(tk_MARK,MATCH(93,tk_FSEQ,0)),"") | B98: =IFERROR(INDEX(tk_QTY,MATCH(93,tk_FSEQ,0)),"") | C98: =IFERROR(INDEX(tk_ROOMF,MATCH(93,tk_FSEQ,0))&IF(INDEX(tk_ROOMT,MATCH(93,tk_FSEQ,0))="",""," → "&INDEX(tk_ROOMT,MATCH(93,tk_FSEQ,0))),"") | D98: =IFERROR(""&INDEX(tk_SIZE,MATCH(93,tk_FSEQ,0)),"") | E98: =IFERROR(""&INDEX(tk_RATING,MATCH(93,tk_FSEQ,0)),"") | F98: =IFERROR(TEXT(INDEX(tk_OAW,MATCH(93,tk_FSEQ,0)),"0.000")&" x "&TEXT(INDEX(tk_OAH,MATCH(93,tk_FSEQ,0)),"0.000"),"") | G98: =IFERROR(""&INDEX(tk_FLINE,MATCH(93,tk_FSEQ,0)),"") | H98: =IFERROR(""&INDEX(tk_FNOTES,MATCH(93,tk_FSEQ,0)),"")
A99: =IFERROR(""&INDEX(tk_MARK,MATCH(94,tk_FSEQ,0)),"") | B99: =IFERROR(INDEX(tk_QTY,MATCH(94,tk_FSEQ,0)),"") | C99: =IFERROR(INDEX(tk_ROOMF,MATCH(94,tk_FSEQ,0))&IF(INDEX(tk_ROOMT,MATCH(94,tk_FSEQ,0))="",""," → "&INDEX(tk_ROOMT,MATCH(94,tk_FSEQ,0))),"") | D99: =IFERROR(""&INDEX(tk_SIZE,MATCH(94,tk_FSEQ,0)),"") | E99: =IFERROR(""&INDEX(tk_RATING,MATCH(94,tk_FSEQ,0)),"") | F99: =IFERROR(TEXT(INDEX(tk_OAW,MATCH(94,tk_FSEQ,0)),"0.000")&" x "&TEXT(INDEX(tk_OAH,MATCH(94,tk_FSEQ,0)),"0.000"),"") | G99: =IFERROR(""&INDEX(tk_FLINE,MATCH(94,tk_FSEQ,0)),"") | H99: =IFERROR(""&INDEX(tk_FNOTES,MATCH(94,tk_FSEQ,0)),"")
A100: =IFERROR(""&INDEX(tk_MARK,MATCH(95,tk_FSEQ,0)),"") | B100: =IFERROR(INDEX(tk_QTY,MATCH(95,tk_FSEQ,0)),"") | C100: =IFERROR(INDEX(tk_ROOMF,MATCH(95,tk_FSEQ,0))&IF(INDEX(tk_ROOMT,MATCH(95,tk_FSEQ,0))="",""," → "&INDEX(tk_ROOMT,MATCH(95,tk_FSEQ,0))),"") | D100: =IFERROR(""&INDEX(tk_SIZE,MATCH(95,tk_FSEQ,0)),"") | E100: =IFERROR(""&INDEX(tk_RATING,MATCH(95,tk_FSEQ,0)),"") | F100: =IFERROR(TEXT(INDEX(tk_OAW,MATCH(95,tk_FSEQ,0)),"0.000")&" x "&TEXT(INDEX(tk_OAH,MATCH(95,tk_FSEQ,0)),"0.000"),"") | G100: =IFERROR(""&INDEX(tk_FLINE,MATCH(95,tk_FSEQ,0)),"") | H100: =IFERROR(""&INDEX(tk_FNOTES,MATCH(95,tk_FSEQ,0)),"")
A101: =IFERROR(""&INDEX(tk_MARK,MATCH(96,tk_FSEQ,0)),"") | B101: =IFERROR(INDEX(tk_QTY,MATCH(96,tk_FSEQ,0)),"") | C101: =IFERROR(INDEX(tk_ROOMF,MATCH(96,tk_FSEQ,0))&IF(INDEX(tk_ROOMT,MATCH(96,tk_FSEQ,0))="",""," → "&INDEX(tk_ROOMT,MATCH(96,tk_FSEQ,0))),"") | D101: =IFERROR(""&INDEX(tk_SIZE,MATCH(96,tk_FSEQ,0)),"") | E101: =IFERROR(""&INDEX(tk_RATING,MATCH(96,tk_FSEQ,0)),"") | F101: =IFERROR(TEXT(INDEX(tk_OAW,MATCH(96,tk_FSEQ,0)),"0.000")&" x "&TEXT(INDEX(tk_OAH,MATCH(96,tk_FSEQ,0)),"0.000"),"") | G101: =IFERROR(""&INDEX(tk_FLINE,MATCH(96,tk_FSEQ,0)),"") | H101: =IFERROR(""&INDEX(tk_FNOTES,MATCH(96,tk_FSEQ,0)),"")
...

Sheet Door order
A1: ="DOOR ORDER"&IF(JobName=""," "," — "&JobName)
A2: =IF(JobNo="","","Job "&JobNo)&IF(JobSupplier="",""," · "&JobSupplier)&" · "&TEXT(JobDate,"yyyy-mm-dd")&IF(JobRev=""," "," · "&JobRev)
A3: =COUNT(tk_DSEQ)&" lines · "&SUMPRODUCT(tk_QTY,--(tk_DSEQ<>""))&" pieces"
A5: MARK | B5: QTY | C5: ROOM | D5: LEAVES | E5: RATING | F5: LEAF W x H | G5: DOOR ORDER LINE | H5: NOTES
A6: =IFERROR(""&INDEX(tk_MARK,MATCH(1,tk_DSEQ,0)),"") | B6: =IFERROR(INDEX(tk_QTY,MATCH(1,tk_DSEQ,0)),"") | C6: =IFERROR(INDEX(tk_ROOMF,MATCH(1,tk_DSEQ,0))&IF(INDEX(tk_ROOMT,MATCH(1,tk_DSEQ,0))="",""," → "&INDEX(tk_ROOMT,MATCH(1,tk_DSEQ,0))),"") | D6: =IFERROR(INDEX(tk_LEAVES,MATCH(1,tk_DSEQ,0)),"") | E6: =IFERROR(""&INDEX(tk_RATING,MATCH(1,tk_DSEQ,0)),"") | F6: =IFERROR(TEXT(INDEX(tk_LEAFW,MATCH(1,tk_DSEQ,0)),"0.000")&" x "&TEXT(INDEX(tk_LEAFH,MATCH(1,tk_DSEQ,0)),"0.000"),"") | G6: =IFERROR(""&INDEX(tk_DLINE,MATCH(1,tk_DSEQ,0)),"") | H6: =IFERROR(""&INDEX(tk_DNOTES,MATCH(1,tk_DSEQ,0)),"")
A7: =IFERROR(""&INDEX(tk_MARK,MATCH(2,tk_DSEQ,0)),"") | B7: =IFERROR(INDEX(tk_QTY,MATCH(2,tk_DSEQ,0)),"") | C7: =IFERROR(INDEX(tk_ROOMF,MATCH(2,tk_DSEQ,0))&IF(INDEX(tk_ROOMT,MATCH(2,tk_DSEQ,0))="",""," → "&INDEX(tk_ROOMT,MATCH(2,tk_DSEQ,0))),"") | D7: =IFERROR(INDEX(tk_LEAVES,MATCH(2,tk_DSEQ,0)),"") | E7: =IFERROR(""&INDEX(tk_RATING,MATCH(2,tk_DSEQ,0)),"") | F7: =IFERROR(TEXT(INDEX(tk_LEAFW,MATCH(2,tk_DSEQ,0)),"0.000")&" x "&TEXT(INDEX(tk_LEAFH,MATCH(2,tk_DSEQ,0)),"0.000"),"") | G7: =IFERROR(""&INDEX(tk_DLINE,MATCH(2,tk_DSEQ,0)),"") | H7: =IFERROR(""&INDEX(tk_DNOTES,MATCH(2,tk_DSEQ,0)),"")
A8: =IFERROR(""&INDEX(tk_MARK,MATCH(3,tk_DSEQ,0)),"") | B8: =IFERROR(INDEX(tk_QTY,MATCH(3,tk_DSEQ,0)),"") | C8: =IFERROR(INDEX(tk_ROOMF,MATCH(3,tk_DSEQ,0))&IF(INDEX(tk_ROOMT,MATCH(3,tk_DSEQ,0))="",""," → "&INDEX(tk_ROOMT,MATCH(3,tk_DSEQ,0))),"") | D8: =IFERROR(INDEX(tk_LEAVES,MATCH(3,tk_DSEQ,0)),"") | E8: =IFERROR(""&INDEX(tk_RATING,MATCH(3,tk_DSEQ,0)),"") | F8: =IFERROR(TEXT(INDEX(tk_LEAFW,MATCH(3,tk_DSEQ,0)),"0.000")&" x "&TEXT(INDEX(tk_LEAFH,MATCH(3,tk_DSEQ,0)),"0.000"),"") | G8: =IFERROR(""&INDEX(tk_DLINE,MATCH(3,tk_DSEQ,0)),"") | H8: =IFERROR(""&INDEX(tk_DNOTES,MATCH(3,tk_DSEQ,0)),"")
A9: =IFERROR(""&INDEX(tk_MARK,MATCH(4,tk_DSEQ,0)),"") | B9: =IFERROR(INDEX(tk_QTY,MATCH(4,tk_DSEQ,0)),"") | C9: =IFERROR(INDEX(tk_ROOMF,MATCH(4,tk_DSEQ,0))&IF(INDEX(tk_ROOMT,MATCH(4,tk_DSEQ,0))="",""," → "&INDEX(tk_ROOMT,MATCH(4,tk_DSEQ,0))),"") | D9: =IFERROR(INDEX(tk_LEAVES,MATCH(4,tk_DSEQ,0)),"") | E9: =IFERROR(""&INDEX(tk_RATING,MATCH(4,tk_DSEQ,0)),"") | F9: =IFERROR(TEXT(INDEX(tk_LEAFW,MATCH(4,tk_DSEQ,0)),"0.000")&" x "&TEXT(INDEX(tk_LEAFH,MATCH(4,tk_DSEQ,0)),"0.000"),"") | G9: =IFERROR(""&INDEX(tk_DLINE,MATCH(4,tk_DSEQ,0)),"") | H9: =IFERROR(""&INDEX(tk_DNOTES,MATCH(4,tk_DSEQ,0)),"")
A10: =IFERROR(""&INDEX(tk_MARK,MATCH(5,tk_DSEQ,0)),"") | B10: =IFERROR(INDEX(tk_QTY,MATCH(5,tk_DSEQ,0)),"") | C10: =IFERROR(INDEX(tk_ROOMF,MATCH(5,tk_DSEQ,0))&IF(INDEX(tk_ROOMT,MATCH(5,tk_DSEQ,0))="",""," → "&INDEX(tk_ROOMT,MATCH(5,tk_DSEQ,0))),"") | D10: =IFERROR(INDEX(tk_LEAVES,MATCH(5,tk_DSEQ,0)),"") | E10: =IFERROR(""&INDEX(tk_RATING,MATCH(5,tk_DSEQ,0)),"") | F10: =IFERROR(TEXT(INDEX(tk_LEAFW,MATCH(5,tk_DSEQ,0)),"0.000")&" x "&TEXT(INDEX(tk_LEAFH,MATCH(5,tk_DSEQ,0)),"0.000"),"") | G10: =IFERROR(""&INDEX(tk_DLINE,MATCH(5,tk_DSEQ,0)),"") | H10: =IFERROR(""&INDEX(tk_DNOTES,MATCH(5,tk_DSEQ,0)),"")
A11: =IFERROR(""&INDEX(tk_MARK,MATCH(6,tk_DSEQ,0)),"") | B11: =IFERROR(INDEX(tk_QTY,MATCH(6,tk_DSEQ,0)),"") | C11: =IFERROR(INDEX(tk_ROOMF,MATCH(6,tk_DSEQ,0))&IF(INDEX(tk_ROOMT,MATCH(6,tk_DSEQ,0))="",""," → "&INDEX(tk_ROOMT,MATCH(6,tk_DSEQ,0))),"") | D11: =IFERROR(INDEX(tk_LEAVES,MATCH(6,tk_DSEQ,0)),"") | E11: =IFERROR(""&INDEX(tk_RATING,MATCH(6,tk_DSEQ,0)),"") | F11: =IFERROR(TEXT(INDEX(tk_LEAFW,MATCH(6,tk_DSEQ,0)),"0.000")&" x "&TEXT(INDEX(tk_LEAFH,MATCH(6,tk_DSEQ,0)),"0.000"),"") | G11: =IFERROR(""&INDEX(tk_DLINE,MATCH(6,tk_DSEQ,0)),"") | H11: =IFERROR(""&INDEX(tk_DNOTES,MATCH(6,tk_DSEQ,0)),"")
A12: =IFERROR(""&INDEX(tk_MARK,MATCH(7,tk_DSEQ,0)),"") | B12: =IFERROR(INDEX(tk_QTY,MATCH(7,tk_DSEQ,0)),"") | C12: =IFERROR(INDEX(tk_ROOMF,MATCH(7,tk_DSEQ,0))&IF(INDEX(tk_ROOMT,MATCH(7,tk_DSEQ,0))="",""," → "&INDEX(tk_ROOMT,MATCH(7,tk_DSEQ,0))),"") | D12: =IFERROR(INDEX(tk_LEAVES,MATCH(7,tk_DSEQ,0)),"") | E12: =IFERROR(""&INDEX(tk_RATING,MATCH(7,tk_DSEQ,0)),"") | F12: =IFERROR(TEXT(INDEX(tk_LEAFW,MATCH(7,tk_DSEQ,0)),"0.000")&" x "&TEXT(INDEX(tk_LEAFH,MATCH(7,tk_DSEQ,0)),"0.000"),"") | G12: =IFERROR(""&INDEX(tk_DLINE,MATCH(7,tk_DSEQ,0)),"") | H12: =IFERROR(""&INDEX(tk_DNOTES,MATCH(7,tk_DSEQ,0)),"")
A13: =IFERROR(""&INDEX(tk_MARK,MATCH(8,tk_DSEQ,0)),"") | B13: =IFERROR(INDEX(tk_QTY,MATCH(8,tk_DSEQ,0)),"") | C13: =IFERROR(INDEX(tk_ROOMF,MATCH(8,tk_DSEQ,0))&IF(INDEX(tk_ROOMT,MATCH(8,tk_DSEQ,0))="",""," → "&INDEX(tk_ROOMT,MATCH(8,tk_DSEQ,0))),"") | D13: =IFERROR(INDEX(tk_LEAVES,MATCH(8,tk_DSEQ,0)),"") | E13: =IFERROR(""&INDEX(tk_RATING,MATCH(8,tk_DSEQ,0)),"") | F13: =IFERROR(TEXT(INDEX(tk_LEAFW,MATCH(8,tk_DSEQ,0)),"0.000")&" x "&TEXT(INDEX(tk_LEAFH,MATCH(8,tk_DSEQ,0)),"0.000"),"") | G13: =IFERROR(""&INDEX(tk_DLINE,MATCH(8,tk_DSEQ,0)),"") | H13: =IFERROR(""&INDEX(tk_DNOTES,MATCH(8,tk_DSEQ,0)),"")
