Workbook
Name Scope: Lists!$A$5:$A$7
Name Floor: Lists!$B$5:$B$15
Name Category: Lists!$C$5:$C$6
Name FireRating: Lists!$D$5:$D$10
Name FrameType: Lists!$E$5:$E$10
Name Profile: Lists!$F$5:$F$8
Name JambDepth: Lists!$G$5:$G$77
Name GaugeFrame: Lists!$H$5:$H$6
Name SteelType: Lists!$I$5:$I$8
Name Construction: Lists!$J$5:$J$6
Name AnchorType: Lists!$K$5:$K$12
Name Handing: Lists!$L$5:$L$20
Name YesNo: Lists!$M$5:$M$6
Name Manufacturer: Lists!$N$5:$N$6
Name HingePrep: Lists!$O$5:$O$12
Name StrikePrep: Lists!$P$5:$P$15
Name HeaderPrep: Lists!$Q$5:$Q$9
Name CloserPrep: Lists!$R$5:$R$11
Name DoorMaterial: Lists!$S$5:$S$14
Name GaugeDoor: Lists!$T$5:$T$7
Name WoodCore: Lists!$U$5:$U$8
Name FaceType: Lists!$V$5:$V$23
Name ManufLoc: Lists!$W$5:$W$15
Name LockPrep: Lists!$X$5:$X$27
Name Edge: Lists!$Y$5:$Y$8
Name Astragal: Lists!$Z$5:$Z$6
Name Series: Lists!$AA$5:$AA$11
Name WoodFinish: Lists!$AB$5:$AB$12
Name WallType: Lists!$AD$5:$AD$12
Name WallHR: Lists!$AE$5:$AE$11
Name SLSide: Lists!$AF$5:$AF$7
Name HingeSize: Lists!$AG$5:$AG$7
Name HingeQty: Lists!$AH$5:$AH$9
Name HWUnit: Lists!$AI$5:$AI$9
Name HWItem: Lists!$AJ$5:$AJ$39
Name HWFinish: Lists!$AK$5:$AK$17
Name IBC: Lists!$AM$5:$AN$23
Name CODES: Codes!$A$5:$B$400
Name LocTable: Reference!$B$7:$I$33
Name LocKeys: Reference!$B$7:$B$33
Name JobName: Job!$C$6
Name JobNo: Job!$C$7
Name JobAddress: Job!$C$8
Name JobGC: Job!$C$9
Name JobArch: Job!$C$10
Name JobEst: Job!$C$11
Name JobDate: Job!$C$12
Name JobBid: Job!$C$13
Name JobSupplier: Job!$C$14
Name JobRev: Job!$C$15
Name JobDocs: Job!$C$16
Name FaceW: Job!$C$20
Name EdgeClr: Job!$C$21
Name MeetClr: Job!$C$22
Name HeadClr: Job!$C$23
Name Undercut: Job!$C$24
Name ROSide: Job!$C$25
Name ROTop: Job!$C$26
Name ClearDeduct: Job!$C$27
Name LockAFF: Job!$C$28

Sheet Start
B3: OPENING TAKEOFF
B4: TAKEOFF FORM 3.2
B6: Doors · frames · hardware · live elevations with hinge locations · code checks · door schedule · order lines
B7: =IF(JobName="","",JobName&IF(JobNo="",""," · JOB "&JobNo)&" · "&TEXT(JobDate,"mmmm d, yyyy"))
B11: GO TO
B12: JOB | C12: Job name, dates and clearances
B13: TAKEOFF | C13: One row per opening — the only place you type openings
B14: ELEVATION | C14: Pick a mark: drawing, hinge & strike locations, sizes, checks
B15: ELEVATIONS | C15: Every elevation type, six to a page
B16: DOOR SCHEDULE | C16: Architectural door schedule, ready to print
B17: HW SETS | C17: Hardware sets: set number once, items carry down (2.1 style)
B18: HW SCHEDULE | C18: By set with marks, and job totals by item
B19: SUPPLIER ORDER | C19: Counter format: grouped lines, marks with hands, every part
B20: FRAME ORDER | C20: Frame order lines with anchors and locations
B21: DOOR ORDER | C21: Door order lines with leaf sizes and locations
B22: SUMMARY | C22: Counts by rating, scope, floor, material, lite, location standard
B23: REFERENCE | C23: Hinge location charts, label classes, weld codes, anchors, handing
... B25: HOW TO USE IT | C25: What each code prints on an order line
B26: 1 | C26: Fill in the Job sheet once. Set the clearances (undercut, edge gaps, frame face) to suit your frame maker.
B27: 2 | C27: On Takeoff type one row per opening. Pick SCOPE first: it decides whether the row makes a frame line, a door line, or both.
B28: 3 | C28: Size: W FT, W IN, H FT, H IN (3 · 0 · 7 · 0 = 3070). Fractions as decimals: 0.5 = 1/2". PAIR = Y for a pair. Transom and sidelite are glass sizes in inches.
B29: 4 | C29: LOCATIONS: pick the standard (ANSI/SDI or a maker chart) and the hinges and strike are placed for you. For a custom job pick CUSTOM LOC, or just type A–D and E (inches from the top of the frame to the top of each hinge / strike centre line).
B30: 5 | C30: Give WALL TYPE and WALL HR when the plans show them: the door rating is checked against IBC Table 716.1(2).
B31: 6 | C31: Amber cells are required and still empty. CHECK says OK, CHECK (worth a look) or FIX (missing or wrong) and the next column says why.
B32: 7 | C32: Elevation draws any mark at scale with its hinges, strike, lite and dimensions; Elevations draws one of each type. Door Schedule lists every opening.
B33: 8 | C33: HW Sets: type the set number once and the items under it; pick the set on the Takeoff. HW Schedule, Supplier Order, Frame order and Door order build themselves.
B34: 9 | C34: The eight sample openings (101–108) show every feature (102 has custom hinge locations). Select the input cells of those rows and press Delete to start a job; the formulas stay.
B36: COLOUR KEY
C37: Opening inputs
C38: Frame inputs
C39: Door inputs
C40: Hinge & strike locations
C41: Hardware
C42: Calculated — do not type
C43: Required and still empty
C44: Custom hinge locations in use
B45: Blue | C45: Values you typed
B47: NEW IN 3.2
B48: ▸ | C48: From your 2.1 (Oct): HW Sets typed the 2.1 way (set number once, items carry down, set index feeds the dropdown), HW Schedule by set with the marks and job totals by item, and door groups.
B49: ▸ | C49: Supplier Order in the counter format of the order confirmations: S.HM item, "N) order line", marks with hands, then every part — HD/HJ/SJ, anchors, reinforcements, labels, preps, cut downs, door slab with net size.
B50: ▸ | C50: Hinge locations follow the shop rule from the frame calculator: a short opening takes the next chart up, cut down from the bottom (6'-5" uses the 6'-8" row).
B51: ▸ | C51: Hinge and strike locations on every row: ANSI/SDI, nine maker charts or custom A–D + E; live elevations with hinges, strike, lever, label and dimensions.
B52: ▸ | C52: Checks: rating vs wall (IBC 716.1(2)), pair/hand, glass limits, ADA clear width and lock height, S label, closer reinforcement, custom hinge count.

Sheet Job
B1: JOB | E1: =IF(JobName="","OPENING TAKEOFF · FORM 3.2",JobName&IF(JobNo="",""," · JOB "&JobNo))
B2: Fill this in once. It prints on every sheet, the elevations and the order sheets. | E2: =TEXT(JobDate,"mmm d, yyyy")&IF(JobRev="",""," · "&JobRev)
B5: PROJECT
B6: Job name
B7: Job number
B8: Address
B9: General contractor
B10: Architect
B11: Estimator / drawn by
B12: Date | C12: =TODAY()
B13: Bid date
B14: Supplier | C14: CURRIES
B15: Revision | C15: REV 0
B16: Drawings / addenda
B19: SIZES AND CLEARANCES (inches) — used for leaf size, frame overall, rough opening, clear width and the elevations
B20: Frame face (jamb & head) | C20: 2 | D20: Standard 2" face. A 4" head is picked per opening.
B21: Hinge & strike edge clearance | C21: 0.125 | D21: Each side, leaf to rabbet (NFPA 80: 1/8" max on steel).
B22: Meeting edge clearance (pairs) | C22: 0.125 | D22: Between the leaves of a pair.
B23: Head clearance | C23: 0.125 | D23: Top of leaf to head rabbet. Door hinge dims = frame dims less this.
B24: Undercut | C24: 0.75 | D24: Floor to bottom of leaf. NFPA 80: 3/4" max over a non-combustible floor.
B25: Rough opening allowance, each side | C25: 0.25 | D25: Added to frame overall width, each side.
B26: Rough opening allowance, head | C26: 0.25 | D26: Added to frame overall height.
B27: Clear width deduction | C27: 2.625 | D27: Leaf width minus this = approx. clear opening at 90°.
B28: Lock / lever centre line (AFF) | C28: 40.3125 | D28: ANSI/SDI 40-5/16". Maker charts and CUSTOM E override it.

Sheet Takeoff
A1: =IF(JobName="","TAKEOFF — fill in the job on the Job sheet","TAKEOFF — "&JobName&IF(JobNo="",""," · JOB "&JobNo))
A2: =COUNTIF(tk_MARK,"?*")&" rows · "&SUM(tk_QTY)&" openings · "&SUMPRODUCT(tk_QTY,tk_LEAVES)&" leaves · "&SUMPRODUCT(tk_QTY,--(tk_DMIN>0))&" rated · "&COUNTIF(tk_CHECK,"FIX")&" to fix · "&COUNTIF(tk_CHECK,"CHECK")&" to check"
A4: OPENING | S4: FRAME | AH4: DOOR | AT4: LOCATIONS | BB4: HARDWARE | BD4: CALCULATED
A5: MARK | B5: QTY | C5: SCOPE | D5: FLOOR | E5: CATEGORY | F5: ROOM FROM | G5: ROOM TO | H5: FIRE RATING | I5: WALL TYPE | J5: WALL HR | K5: W FT | L5: W IN | M5: H FT | N5: H IN | O5: PAIR | P5: TRANSOM H (IN) | Q5: SIDELITE W (IN) | R5: SIDELITE SIDE | S5: FRAME TYPE | T5: PROFILE | U5: JAMB DEPTH | V5: GAUGE | W5: STEEL | X5: CONSTR. | Y5: ANCHOR | Z5: HAND | AA5: MANUF. | AB5: 4" HEAD | AC5: HINGE PREP | AD5: STRIKE PREP | AE5: HEADER PREP | AF5: CLOSER REINF. | AG5: FRAME NOTES | AH5: MATERIAL | AI5: GAUGE | AJ5: WOOD CORE | AK5: WOOD FINISH | AL5: FACE TYPE | AM5: SERIES | AN5: DOOR HAND (blank = frame) | AO5: HINGE PREP (blank = frame) | AP5: LOCK PREP | AQ5: EDGE | AR5: ASTRAGAL | AS5: DOOR NOTES | AT5: LOCATION STANDARD | AU5: HINGE SIZE (blank 4.5) | AV5: HINGE QTY (blank = auto) | AW5: CUSTOM A | AX5: CUSTOM B | AY5: CUSTOM C | AZ5: CUSTOM D | BA5: CUSTOM E (STRIKE) | BB5: HW SET | BC5: HARDWARE NOTES | BD5: CHECK | BE5: WHAT TO FIX / CHECK | BF5: SIZE | BG5: CODE | BH5: W (IN) | BI5: H (IN) | BJ5: LEAVES | BK5: LEAF W | BL5: LEAF H | BM5: FRAME O/A W | BN5: FRAME O/A H | BO5: ROUGH OPG W | BP5: ROUGH OPG H | BQ5: CLEAR W (approx) | BR5: LABEL | BS5: HINGES / LEAF | BT5: LOCATIONS FROM | BU5: HINGE A | BV5: HINGE B | BW5: HINGE C | BX5: HINGE D | BY5: HINGE F | BZ5: STRIKE E | CA5: LOCK CL AFF | CB5: ANCHORS / JAMB | CC5: JAMB ANCHORS TOTAL | CD5: BASE ANCHORS | CE5: LITE KIT | CF5: LITE W | CG5: LITE H | CH5: DOOR MIN | CI5: WALL NEEDS (MIN) | CJ5: FRAME ORDER LINE | CK5: DOOR ORDER LINE | CL5: ELEV TYPE | CM5: FSEQ | CN5: DSEQ | CO5: ASEQ | CP5: EKEY | CQ5: NH | CR5: HL | CS5: NOHINGE | CT5: LCUST | CU5: LKEY | CV5: LIN | CW5: LFIRST | CX5: LLAST | CY5: LOC TEXT FRAME | CZ5: LOC TEXT DOOR | DA5: HAND LEG | DB5: JAMB HAND | DC5: ORDER ITEM | DD5: FRAME LINE NO HAND | DE5: DOOR LINE NO HAND | DF5: FRAME GROUP KEY | DG5: FRAME GROUP | DH5: DOOR GROUP KEY | DI5: DOOR GROUP | DJ5: ERRS | DK5: WARNS
A6: 101 | B6: 1 | C6: FRAME & DOOR | D6: 1st | E6: INTERIOR | F6: CORRIDOR | G6: OFFICE 101 | H6: 20 MIN | I6: CORRIDOR | J6: 1 | K6: 3 | L6: 0 | M6: 7 | N6: 0 | S6: 3F | T6: M | U6: 534 | V6: 16 | W6: CR | X6: KD | Y6: SC | Z6: R | AA6: CU | AC6: U453 | AD6: E1 | AF6: E11 | AH6: CR | AI6: 18 | AL6: FNV-6"x27" | AM6: 707 | AP6: G2 | AT6: CURRIES | BB6: 1 | BD6: =IF($A6="","",IF($DJ6<>"","FIX",IF($DK6<>"","CHECK","OK"))) | BE6: =IF($A6="","",IF($DJ6<>"","FIX: "&LEFT($DJ6,LEN($DJ6)-2)&IF($DK6<>""," · ",""),"")&IF($DK6<>"","CHECK: "&LEFT($DK6,LEN($DK6)-2),"")) | BF6: =IF(OR($A6="",$K6=""),"",$K6&"'-"&N($L6)&CHAR(34)&" x "&$M6&"'-"&N($N6)&CHAR(34)) | BG6: =IF(OR($A6="",$K6=""),"",$K6&N($L6)&$M6&N($N6)) | BH6: =IF(OR($A6="",$K6=""),"",$K6*12+N($L6)) | BI6: =IF(OR($A6="",$M6=""),"",$M6*12+N($N6)) | BJ6: =IF($A6="","",IF(OR($C6="FRAME ONLY",$S6="BL"),0,IF($O6="Y",2,1))) | BK6: =IF(OR(N($BJ6)=0,$BH6=""),"",($BH6-2*EdgeClr-IF($BJ6=2,MeetClr,0))/$BJ6) | BL6: =IF(OR(N($BJ6)=0,$BI6=""),"",$BI6-HeadClr-Undercut) | BM6: =IF($BH6="","",$BH6+2*FaceW+IF(N($Q6)>0,($Q6+FaceW)*IF($R6="LR",2,1),0)) | BN6: =IF($BI6="","",$BI6+IF($AB6="Y",4,FaceW)+IF(N($P6)>0,$P6+FaceW,0)+IF(OR($S6="4F",$S6="BL"),FaceW,0)) | BO6: =IF($BM6="","",$BM6+2*ROSide) | BP6: =IF($BN6="","",$BN6+ROTop) | BQ6: =IF(OR(N($BJ6)=0,$BH6=""),"",$BH6/$BJ6-ClearDeduct) | BR6: =IF(N($CH6)=0,"",IF($CH6>=180,"A · 3 HR",IF($CH6>=90,"B · 1-1/2 HR",IF($CH6>=60,"B · 1 HR",IF($CH6>=45,"C · 3/4 HR","20 MIN")))))&IF(AND(N($CH6)>0,OR($I6="CORRIDOR",$I6="SMOKE BARRIER"))," · S","") | BS6: =IF($CS6,"",IF($AV6<>"",$AV6,IF(OR($AC6="HGC",$AO6="HGC"),"CONT",IF(($BI6-HeadClr-Undercut)<=60,2,IF(($BI6-HeadClr-Undercut)<=90,3,IF(($BI6-HeadClr-Undercut)<=120,4,5)))))) | BT6: =IF($CS6,"",IF($CT6,"CUSTOM (typed)",IF($CV6,$AT6&" "&$CU6&CHAR(34)&IF($CU6<>$BI6,IF(AND($BI6<$CU6,$BI6-IF(N(VLOOKUP($AT6&"|"&$CU6,LocTable,7,FALSE))>0,VLOOKUP($AT6&"|"&$CU6,LocTable,7,FALSE),VLOOKUP($AT6&"|"&$CU6,LocTable,6,FALSE))-$CR6-0.75>=2.125)," cut down"," adj."),""),"ANSI/SDI A250.6"))) | BU6: =IF($CS6,"",IF($CT6,IF(N($AW6)>0,N($AW6),""),IF(1>$CQ6,"",IF($CQ6=1,$CW6,$CW6+($CX6-$CW6)*0/($CQ6-1))))) | BV6: =IF($CS6,"",IF($CT6,IF(N($AX6)>0,N($AX6),""),IF(2>$CQ6,"",IF($CQ6=1,$CW6,$CW6+($CX6-$CW6)*1/($CQ6-1))))) | BW6: =IF($CS6,"",IF($CT6,IF(N($AY6)>0,N($AY6),""),IF(3>$CQ6,"",IF($CQ6=1,$CW6,$CW6+($CX6-$CW6)*2/($CQ6-1))))) | BX6: =IF($CS6,"",IF($CT6,IF(N($AZ6)>0,N($AZ6),""),IF(4>$CQ6,"",IF($CQ6=1,$CW6,$CW6+($CX6-$CW6)*3/($CQ6-1))))) | BY6: =IF($CS6,"",IF($CT6,"",IF(5>$CQ6,"",IF($CQ6=1,$CW6,$CW6+($CX6-$CW6)*4/($CQ6-1))))) | BZ6: =IF(OR($CS6,$AP6="-",AND($AP6="",$AD6="")),"",IF(N($BA6)>0,N($BA6),IF($CV6,IF(AND($BI6<$CU6,$BI6-IF(N(VLOOKUP($AT6&"|"&$CU6,LocTable,7,FALSE))>0,VLOOKUP($AT6&"|"&$CU6,LocTable,7,FALSE),VLOOKUP($AT6&"|"&$CU6,LocTable,6,FALSE))-$CR6-0.75>=2.125),VLOOKUP($AT6&"|"&$CU6,LocTable,8,FALSE),VLOOKUP($AT6&"|"&$CU6,LocTable,8,FALSE)+($BI6-$CU6)),$BI6-LockAFF))) | CA6: =IF($BZ6="","",$BI6-$BZ6) | CB6: =IF(OR(NOT(AND($A6<>"",$C6<>"DOOR ONLY")),$BI6=""),"",IF(($BI6+IF(N($P6)>0,$P6+FaceW,0))<=90,3,IF(($BI6+IF(N($P6)>0,$P6+FaceW,0))<=114,4,5))) | CC6: =IF($CB6="","",$CB6*(2+IF(N($Q6)>0,IF($R6="LR",2,1),0))) | CD6: =IF($CB6="","",(2+IF(N($Q6)>0,IF($R6="LR",2,1),0))) | CE6: =IF(N($BJ6)=0,"",IF(OR($AL6="",$AL6="FLUSH"),"FLUSH",IFERROR(LEFT($AL6,FIND("-",$AL6)-1),LEFT($AL6,2)))) | CF6: =IF($CE6="","",IFERROR(VALUE(MID($AL6,FIND("-",$AL6)+1,FIND(CHAR(34)&"x",$AL6)-FIND("-",$AL6)-1)),0)) | CG6: =IF($CE6="","",IFERROR(VALUE(MID($AL6,FIND(CHAR(34)&"x",$AL6)+2,FIND(CHAR(34),$AL6,FIND(CHAR(34)&"x",$AL6)+2)-FIND(CHAR(34)&"x",$AL6)-2)),0)) | CH6: =IF(OR($A6="",$H6="",$H6="NO LAB"),0,IFERROR(VALUE(LEFT($H6,FIND(" ",$H6)-1)),0)) | CI6: =IF(OR($A6="",$I6="",$I6="NON-RATED",N($J6)=0),"",IFERROR(VLOOKUP($I6&"|"&$J6,IBC,2,FALSE),"?")) | CJ6: =IF(NOT(AND($A6<>"",$C6<>"DOOR ONLY")),"",TRIM(IFERROR(VLOOKUP($U6,CODES,2,FALSE),"")&" "&$BG6&" "&IFERROR(VLOOKUP($Z6,CODES,2,FALSE),"")&" "&IFERROR(VLOOKUP($X6,CODES,2,FALSE),"")&" "&IFERROR(VLOOKUP($S6,CODES,2,FALSE),"")&IF(N($P6)>0," w/TRANSOM "&$P6&CHAR(34),"")&IF(N($Q6)>0," w/SIDELITE "&$Q6&CHAR(34)&" "&IF($R6="","R",$R6),"")&IF($Y6=""," | "," | "&IFERROR(VLOOKUP($Y6,CODES,2,FALSE),"")&" | ")&IFERROR(VLOOKUP($AC6,CODES,2,FALSE),"")&" "&IFERROR(VLOOKUP($AD6,CODES,2,FALSE),"")&IF(OR($AE6="",$AE6="-"),""," "&$AE6)&IF(OR($AF6="",$AF6="-"),""," "&$AF6)&IF($AB6="Y"," 4"&CHAR(34)&" HEAD","")&" "&IFERROR(VLOOKUP($H6,CODES,2,FALSE),"")&IF($CT6," | LOC "&$CY6,""))) | CK6: =IF(NOT(AND($A6<>"",N($BJ6)>0)),"",TRIM(IFERROR(VLOOKUP($AH6,CODES,2,FALSE),"")&IF($AI6=""," "," "&$AI6&"GA ")&$BG6&" "&IF($AN6="",IFERROR(VLOOKUP($Z6,CODES,2,FALSE),""),IFERROR(VLOOKUP($AN6,CODES,2,FALSE),""))&IF($BJ6=2," PAIR","")&" DOOR | "&IF($AL6="","?",$AL6)&" | "&IF($AO6="",IFERROR(VLOOKUP($AC6,CODES,2,FALSE),""),IFERROR(VLOOKUP($AO6,CODES,2,FALSE),""))&" "&IFERROR(VLOOKUP($AP6,CODES,2,FALSE),"")&IF(OR($AQ6="",$AQ6="-"),""," SEAM "&$AQ6)&IF($AR6="Y"," ASTRAGAL","")&IF($AJ6=""," "," "&$AJ6)&IF($AK6=""," "," "&$AK6)&IF(OR($AT6="",$AT6="ANSI/SDI",$AT6="CUSTOM LOC"),""," "&$AT6)&IF($AM6=""," "," SERIES "&$AM6)&" "&IFERROR(VLOOKUP($H6,CODES,2,FALSE),"")&IF($CT6," | LOC "&$CZ6,""))) | CL6: =IF(CP6="","",IF(COUNTIF($CP$6:CP6,CP6)=1,MAX($CL$5:CL5)+1,INDEX($CL$5:CL5,MATCH(CP6,$CP$5:CP5,0)))) | CM6: =IF(NOT(AND($A6<>"",$C6<>"DOOR ONLY")),"",MAX($CM$5:CM5)+1) | CN6: =IF(NOT(AND($A6<>"",N($BJ6)>0)),"",MAX($CN$5:CN5)+1) | CO6: =IF($A6="","",MAX($CO$5:CO5)+1) | CP6: =IF(OR($A6="",$BH6="",$BI6=""),"",$BG6&"|"&$O6&"|"&$AL6&"|"&$S6&"|"&$P6&"|"&$Q6&$R6&"|"&$C6&"|"&$AB6) | CQ6: =N($BS6) | CR6: =IF(N($AU6)>0,N($AU6),4.5) | CS6: =OR($A6="",$BI6="",$S6="BL",AND($C6="FRAME ONLY",OR($AC6="",$AC6="BLK"))) | CT6: =AND(NOT($CS6),OR($AT6="CUSTOM LOC",N($AW6)+N($AX6)+N($AY6)+N($AZ6)+N($BA6)>0)) | CU6: =IF($BI6="","",IF($BI6<=80,80,IF($BI6<=84,84,96))) | CV6: =ISNUMBER(MATCH($AT6&"|80",LocKeys,0)) | CW6: =IF($CS6,"",IF($CV6,VLOOKUP($AT6&"|"&$CU6,LocTable,4,FALSE),5)) | CX6: =IF($CS6,"",IF($CV6,IF(OR($BI6=$CU6,AND($BI6<$CU6,$BI6-IF(N(VLOOKUP($AT6&"|"&$CU6,LocTable,7,FALSE))>0,VLOOKUP($AT6&"|"&$CU6,LocTable,7,FALSE),VLOOKUP($AT6&"|"&$CU6,LocTable,6,FALSE))-$CR6-0.75>=2.125)),IF(N(VLOOKUP($AT6&"|"&$CU6,LocTable,7,FALSE))>0,VLOOKUP($AT6&"|"&$CU6,LocTable,7,FALSE),VLOOKUP($AT6&"|"&$CU6,LocTable,6,FALSE)),$BI6-($CU6-IF(N(VLOOKUP($AT6&"|"&$CU6,LocTable,7,FALSE))>0,VLOOKUP($AT6&"|"&$CU6,LocTable,7,FALSE),VLOOKUP($AT6&"|"&$CU6,LocTable,6,FALSE)))),$BI6-10-$CR6)) | CY6: =IF($CS6,"",TRIM(IF(ISNUMBER($BU6),"A "&TRIM(TEXT($BU6,"# ?/??"))&CHAR(34)&" ","")&IF(ISNUMBER($BV6),"B "&TRIM(TEXT($BV6,"# ?/??"))&CHAR(34)&" ","")&IF(ISNUMBER($BW6),"C "&TRIM(TEXT($BW6,"# ?/??"))&CHAR(34)&" ","")&IF(ISNUMBER($BX6),"D "&TRIM(TEXT($BX6,"# ?/??"))&CHAR(34)&" ","")&IF(ISNUMBER($BY6),"F "&TRIM(TEXT($BY6,"# ?/??"))&CHAR(34)&" ","")&IF(ISNUMBER($BZ6),"E "&TRIM(TEXT($BZ6,"# ?/??"))&CHAR(34)&" ",""))) | CZ6: =IF(OR($CS6,N($BJ6)=0),"",TRIM(IF(ISNUMBER($BU6),"A "&TRIM(TEXT($BU6-HeadClr,"# ?/??"))&CHAR(34)&" ","")&IF(ISNUMBER($BV6),"B "&TRIM(TEXT($BV6-HeadClr,"# ?/??"))&CHAR(34)&" ","")&IF(ISNUMBER($BW6),"C "&TRIM(TEXT($BW6-HeadClr,"# ?/??"))&CHAR(34)&" ","")&IF(ISNUMBER($BX6),"D "&TRIM(TEXT($BX6-HeadClr,"# ?/??"))&CHAR(34)&" ","")&IF(ISNUMBER($BY6),"F "&TRIM(TEXT($BY6-HeadClr,"# ?/??"))&CHAR(34)&" ","")&IF(ISNUMBER($BZ6),"E "&TRIM(TEXT($BZ6-HeadClr,"# ?/??"))&CHAR(34)&" ",""))) | DA6: =IF($A6="","",IF($AN6="",IFERROR(VLOOKUP($Z6,CODES,2,FALSE),""),IFERROR(VLOOKUP($AN6,CODES,2,FALSE),""))) | DB6: =IF($A6="","",IF($O6="Y","PR",IF(OR($Z6="L",$Z6="RR",LEFT($Z6,2)="L-",LEFT($Z6,3)="RR-"),"LH","RH"))) | DC6: =IF($A6="","","S.HM"&IF(OR($C6="DOOR ONLY",$X6<>"KD"),"MASONRY","DRYWALL")&IF($C6="DOOR ONLY","",$U6)&IF(AND($C6<>"FRAME ONLY",OR(LEFT($AH6,3)="OAK",LEFT($AH6,3)="BIR",LEFT($AH6,3)="MAP",$AH6="PC",$AH6="MC",$AH6="SCLC",$AH6="P-LAM")),"WD","HM")&"1.75") | DD6: =IF($CJ6="","",IF($O6="Y",$CJ6,SUBSTITUTE($CJ6,$BG6&" "&IFERROR(VLOOKUP($Z6,CODES,2,FALSE),"")&" ",$BG6&" "))) | DE6: =IF($CK6="","",IF($O6="Y",$CK6,SUBSTITUTE($CK6,$BG6&" "&IF($AN6="",IFERROR(VLOOKUP($Z6,CODES,2,FALSE),""),IFERROR(VLOOKUP($AN6,CODES,2,FALSE),""))&" ",$BG6&" "))) | DF6: =IF($CJ6="","",$DC6&"|"&$DD6&"|"&$DB6&"|"&$AT6&"|"&$V6&"|"&$Y6&"|"&$AB6) | DG6: =IF(DF6="","",IF(COUNTIF($DF$6:DF6,DF6)=1,MAX($DG$5:DG5)+1,INDEX($DG$5:DG5,MATCH(DF6,$DF$5:DF5,0)))) | DH6: =IF($CK6="","",$DC6&"|"&$DE6&"|"&$AI6&"|"&$BK6&"|"&$BL6) | DI6: =IF(DH6="","",IF(COUNTIF($DH$6:DH6,DH6)=1,MAX($DI$5:DI5)+1,INDEX($DI$5:DI5,MATCH(DH6,$DH$5:DH5,0)))) | DJ6: =IF($A6="","",IF($B6="","qty, ","")&IF($C6="","scope, ","")&IF(OR($K6="",$M6=""),"size, ","")&IF(AND($A6<>"",$C6<>"DOOR ONLY"),IF($U6="","jamb depth, ","")&IF($X6="","construction, ","")&IF($Y6="","anchor, ","")&IF($S6="","frame type, ",""),"")&IF(AND(N($BJ6)>0,$Z6=""),"hand, ","")&IF(N($BJ6)>0,IF($AH6="","door material, ","")&IF($AL6="","face type, ","")&IF($AP6="","lock prep, ","")&IF(AND($AO6="",$AC6=""),"hinge prep, ",""),"")&IF(AND($CH6>0,$AH6="FRP"),"FRP cannot carry a label, ","")&IF(AND($O6="Y",OR($Z6="L",$Z6="R",$Z6="LR",$Z6="RR")),"pair marked but hand is single, ","")&IF(AND($O6<>"Y",OR($Z6="PR",AND(LEN($Z6)>1,ISNUMBER(SEARCH("-",$Z6))))),"pair hand on a single door, ","")&IF(AND(ISNUMBER($CI6),$CH6<N($CI6)),"wall needs a "&$CI6&" min door, ","")&IF(AND($CH6>=180,AND(OR($CE6="FG",$CE6="HG",$CE6="FNV",$CE6="FV"),N($CF6)*N($CG6)>100)),"180 min lite over 100 sq in, ","")&IF(N($BK6)>48,"leaf wider than 4'-0"&CHAR(34)&", ","")&IF(AND($CT6,COUNT($AW6:$AZ6)=0,$CQ6>0),"CUSTOM LOC with no locations typed, ","")) | DK6: =IF($A6="","",IF(AND($CH6>0,AND($A6<>"",$C6<>"DOOR ONLY"),$X6="KD",$E6="EXTERIOR"),"KD label on an exterior opening, ","")&IF(AND($E6="EXTERIOR",OR(AND(AND($A6<>"",$C6<>"DOOR ONLY"),$W6="CR"),AND(N($BJ6)>0,$AH6="CR"))),"exterior in CR steel (G9?), ","")&IF(AND(ISNUMBER($BQ6),N($BQ6)<32),"clear width ~"&TEXT($BQ6,"0.0")&CHAR(34)&" under 32"&CHAR(34)&" (ADA), ","")&IF(AND($CH6=90,AND(OR($CE6="FG",$CE6="HG",$CE6="FNV",$CE6="FV"),N($CF6)*N($CG6)>100)),"90 min lite over 100 sq in (stair/exit), ","")&IF(AND($CH6>0,AND($A6<>"",$C6<>"DOOR ONLY"),OR($AF6="",$AF6="-")),"rated: closer reinf.?, ","")&IF(OR($I6="CORRIDOR",$I6="SMOKE BARRIER"),"S label + smoke gasketing, ","")&IF($CI6="?","wall type/hr not in IBC table, ","")&IF(AND(N($BJ6)>0,$BB6=""),"no hardware set, ","")&IF(AND($BB6<>"",ISNA(MATCH($BB6&"",HWSets,0))),"set "&$BB6&" not on HW Sets, ","")&IF(N($BL6)>96,"leaf over 8'-0"&CHAR(34)&" - check listing, ","")&IF(AND($CT6,COUNT($AW6:$AZ6)>0,COUNT($AW6:$AZ6)<>$CQ6),COUNT($AW6:$AZ6)&" custom hinges typed, "&$CQ6&" expected, ","")&IF(AND(ISNUMBER($CA6),OR(N($CA6)<34,N($CA6)>48)),"lock "&TEXT($CA6,"0.0")&CHAR(34)&" AFF outside 34-48"&CHAR(34)&" (ADA), ","")&IF(AND(ISNUMBER($AV6),ISNUMBER($BL6),N($AV6)<IF(N($BL6)<=60,2,IF(N($BL6)<=90,3,IF(N($BL6)<=120,4,5)))),"fewer hinges than standard, ",""))
A7: 102 | B7: 4 | C7: FRAME & DOOR | D7: 1st | E7: INTERIOR | F7: OFFICE | G7: STORAGE | H7: NO LAB | I7: NON-RATED | K7: 3 | L7: 0 | M7: 7 | N7: 0 | S7: 3F | T7: M | U7: 478 | V7: 16 | W7: CR | X7: KD | Y7: SC | Z7: LR | AA7: CU | AC7: U453 | AD7: E1 | AH7: OAK-PC | AJ7: PC | AK7: RNB | AL7: FLUSH | AP7: G2 | AT7: CUSTOM LOC | AW7: 7 | AX7: 38 | AY7: 69 | BA7: 43.5 | BB7: 1 | BD7: =IF($A7="","",IF($DJ7<>"","FIX",IF($DK7<>"","CHECK","OK"))) | BE7: =IF($A7="","",IF($DJ7<>"","FIX: "&LEFT($DJ7,LEN($DJ7)-2)&IF($DK7<>""," · ",""),"")&IF($DK7<>"","CHECK: "&LEFT($DK7,LEN($DK7)-2),"")) | BF7: =IF(OR($A7="",$K7=""),"",$K7&"'-"&N($L7)&CHAR(34)&" x "&$M7&"'-"&N($N7)&CHAR(34)) | BG7: =IF(OR($A7="",$K7=""),"",$K7&N($L7)&$M7&N($N7)) | BH7: =IF(OR($A7="",$K7=""),"",$K7*12+N($L7)) | BI7: =IF(OR($A7="",$M7=""),"",$M7*12+N($N7)) | BJ7: =IF($A7="","",IF(OR($C7="FRAME ONLY",$S7="BL"),0,IF($O7="Y",2,1))) | BK7: =IF(OR(N($BJ7)=0,$BH7=""),"",($BH7-2*EdgeClr-IF($BJ7=2,MeetClr,0))/$BJ7) | BL7: =IF(OR(N($BJ7)=0,$BI7=""),"",$BI7-HeadClr-Undercut) | BM7: =IF($BH7="","",$BH7+2*FaceW+IF(N($Q7)>0,($Q7+FaceW)*IF($R7="LR",2,1),0)) | BN7: =IF($BI7="","",$BI7+IF($AB7="Y",4,FaceW)+IF(N($P7)>0,$P7+FaceW,0)+IF(OR($S7="4F",$S7="BL"),FaceW,0)) | BO7: =IF($BM7="","",$BM7+2*ROSide) | BP7: =IF($BN7="","",$BN7+ROTop) | BQ7: =IF(OR(N($BJ7)=0,$BH7=""),"",$BH7/$BJ7-ClearDeduct) | BR7: =IF(N($CH7)=0,"",IF($CH7>=180,"A · 3 HR",IF($CH7>=90,"B · 1-1/2 HR",IF($CH7>=60,"B · 1 HR",IF($CH7>=45,"C · 3/4 HR","20 MIN")))))&IF(AND(N($CH7)>0,OR($I7="CORRIDOR",$I7="SMOKE BARRIER"))," · S","") | BS7: =IF($CS7,"",IF($AV7<>"",$AV7,IF(OR($AC7="HGC",$AO7="HGC"),"CONT",IF(($BI7-HeadClr-Undercut)<=60,2,IF(($BI7-HeadClr-Undercut)<=90,3,IF(($BI7-HeadClr-Undercut)<=120,4,5)))))) | BT7: =IF($CS7,"",IF($CT7,"CUSTOM (typed)",IF($CV7,$AT7&" "&$CU7&CHAR(34)&IF($CU7<>$BI7,IF(AND($BI7<$CU7,$BI7-IF(N(VLOOKUP($AT7&"|"&$CU7,LocTable,7,FALSE))>0,VLOOKUP($AT7&"|"&$CU7,LocTable,7,FALSE),VLOOKUP($AT7&"|"&$CU7,LocTable,6,FALSE))-$CR7-0.75>=2.125)," cut down"," adj."),""),"ANSI/SDI A250.6"))) | BU7: =IF($CS7,"",IF($CT7,IF(N($AW7)>0,N($AW7),""),IF(1>$CQ7,"",IF($CQ7=1,$CW7,$CW7+($CX7-$CW7)*0/($CQ7-1))))) | BV7: =IF($CS7,"",IF($CT7,IF(N($AX7)>0,N($AX7),""),IF(2>$CQ7,"",IF($CQ7=1,$CW7,$CW7+($CX7-$CW7)*1/($CQ7-1))))) | BW7: =IF($CS7,"",IF($CT7,IF(N($AY7)>0,N($AY7),""),IF(3>$CQ7,"",IF($CQ7=1,$CW7,$CW7+($CX7-$CW7)*2/($CQ7-1))))) | BX7: =IF($CS7,"",IF($CT7,IF(N($AZ7)>0,N($AZ7),""),IF(4>$CQ7,"",IF($CQ7=1,$CW7,$CW7+($CX7-$CW7)*3/($CQ7-1))))) | BY7: =IF($CS7,"",IF($CT7,"",IF(5>$CQ7,"",IF($CQ7=1,$CW7,$CW7+($CX7-$CW7)*4/($CQ7-1))))) | BZ7: =IF(OR($CS7,$AP7="-",AND($AP7="",$AD7="")),"",IF(N($BA7)>0,N($BA7),IF($CV7,IF(AND($BI7<$CU7,$BI7-IF(N(VLOOKUP($AT7&"|"&$CU7,LocTable,7,FALSE))>0,VLOOKUP($AT7&"|"&$CU7,LocTable,7,FALSE),VLOOKUP($AT7&"|"&$CU7,LocTable,6,FALSE))-$CR7-0.75>=2.125),VLOOKUP($AT7&"|"&$CU7,LocTable,8,FALSE),VLOOKUP($AT7&"|"&$CU7,LocTable,8,FALSE)+($BI7-$CU7)),$BI7-LockAFF))) | CA7: =IF($BZ7="","",$BI7-$BZ7) | CB7: =IF(OR(NOT(AND($A7<>"",$C7<>"DOOR ONLY")),$BI7=""),"",IF(($BI7+IF(N($P7)>0,$P7+FaceW,0))<=90,3,IF(($BI7+IF(N($P7)>0,$P7+FaceW,0))<=114,4,5))) | CC7: =IF($CB7="","",$CB7*(2+IF(N($Q7)>0,IF($R7="LR",2,1),0))) | CD7: =IF($CB7="","",(2+IF(N($Q7)>0,IF($R7="LR",2,1),0))) | CE7: =IF(N($BJ7)=0,"",IF(OR($AL7="",$AL7="FLUSH"),"FLUSH",IFERROR(LEFT($AL7,FIND("-",$AL7)-1),LEFT($AL7,2)))) | CF7: =IF($CE7="","",IFERROR(VALUE(MID($AL7,FIND("-",$AL7)+1,FIND(CHAR(34)&"x",$AL7)-FIND("-",$AL7)-1)),0)) | CG7: =IF($CE7="","",IFERROR(VALUE(MID($AL7,FIND(CHAR(34)&"x",$AL7)+2,FIND(CHAR(34),$AL7,FIND(CHAR(34)&"x",$AL7)+2)-FIND(CHAR(34)&"x",$AL7)-2)),0)) | CH7: =IF(OR($A7="",$H7="",$H7="NO LAB"),0,IFERROR(VALUE(LEFT($H7,FIND(" ",$H7)-1)),0)) | CI7: =IF(OR($A7="",$I7="",$I7="NON-RATED",N($J7)=0),"",IFERROR(VLOOKUP($I7&"|"&$J7,IBC,2,FALSE),"?")) | CJ7: =IF(NOT(AND($A7<>"",$C7<>"DOOR ONLY")),"",TRIM(IFERROR(VLOOKUP($U7,CODES,2,FALSE),"")&" "&$BG7&" "&IFERROR(VLOOKUP($Z7,CODES,2,FALSE),"")&" "&IFERROR(VLOOKUP($X7,CODES,2,FALSE),"")&" "&IFERROR(VLOOKUP($S7,CODES,2,FALSE),"")&IF(N($P7)>0," w/TRANSOM "&$P7&CHAR(34),"")&IF(N($Q7)>0," w/SIDELITE "&$Q7&CHAR(34)&" "&IF($R7="","R",$R7),"")&IF($Y7=""," | "," | "&IFERROR(VLOOKUP($Y7,CODES,2,FALSE),"")&" | ")&IFERROR(VLOOKUP($AC7,CODES,2,FALSE),"")&" "&IFERROR(VLOOKUP($AD7,CODES,2,FALSE),"")&IF(OR($AE7="",$AE7="-"),""," "&$AE7)&IF(OR($AF7="",$AF7="-"),""," "&$AF7)&IF($AB7="Y"," 4"&CHAR(34)&" HEAD","")&" "&IFERROR(VLOOKUP($H7,CODES,2,FALSE),"")&IF($CT7," | LOC "&$CY7,""))) | CK7: =IF(NOT(AND($A7<>"",N($BJ7)>0)),"",TRIM(IFERROR(VLOOKUP($AH7,CODES,2,FALSE),"")&IF($AI7=""," "," "&$AI7&"GA ")&$BG7&" "&IF($AN7="",IFERROR(VLOOKUP($Z7,CODES,2,FALSE),""),IFERROR(VLOOKUP($AN7,CODES,2,FALSE),""))&IF($BJ7=2," PAIR","")&" DOOR | "&IF($AL7="","?",$AL7)&" | "&IF($AO7="",IFERROR(VLOOKUP($AC7,CODES,2,FALSE),""),IFERROR(VLOOKUP($AO7,CODES,2,FALSE),""))&" "&IFERROR(VLOOKUP($AP7,CODES,2,FALSE),"")&IF(OR($AQ7="",$AQ7="-"),""," SEAM "&$AQ7)&IF($AR7="Y"," ASTRAGAL","")&IF($AJ7=""," "," "&$AJ7)&IF($AK7=""," "," "&$AK7)&IF(OR($AT7="",$AT7="ANSI/SDI",$AT7="CUSTOM LOC"),""," "&$AT7)&IF($AM7=""," "," SERIES "&$AM7)&" "&IFERROR(VLOOKUP($H7,CODES,2,FALSE),"")&IF($CT7," | LOC "&$CZ7,""))) | CL7: =IF(CP7="","",IF(COUNTIF($CP$6:CP7,CP7)=1,MAX($CL$5:CL6)+1,INDEX($CL$5:CL6,MATCH(CP7,$CP$5:CP6,0)))) | CM7: =IF(NOT(AND($A7<>"",$C7<>"DOOR ONLY")),"",MAX($CM$5:CM6)+1) | CN7: =IF(NOT(AND($A7<>"",N($BJ7)>0)),"",MAX($CN$5:CN6)+1) | CO7: =IF($A7="","",MAX($CO$5:CO6)+1) | CP7: =IF(OR($A7="",$BH7="",$BI7=""),"",$BG7&"|"&$O7&"|"&$AL7&"|"&$S7&"|"&$P7&"|"&$Q7&$R7&"|"&$C7&"|"&$AB7) | CQ7: =N($BS7) | CR7: =IF(N($AU7)>0,N($AU7),4.5) | CS7: =OR($A7="",$BI7="",$S7="BL",AND($C7="FRAME ONLY",OR($AC7="",$AC7="BLK"))) | CT7: =AND(NOT($CS7),OR($AT7="CUSTOM LOC",N($AW7)+N($AX7)+N($AY7)+N($AZ7)+N($BA7)>0)) | CU7: =IF($BI7="","",IF($BI7<=80,80,IF($BI7<=84,84,96))) | CV7: =ISNUMBER(MATCH($AT7&"|80",LocKeys,0)) | CW7: =IF($CS7,"",IF($CV7,VLOOKUP($AT7&"|"&$CU7,LocTable,4,FALSE),5)) | CX7: =IF($CS7,"",IF($CV7,IF(OR($BI7=$CU7,AND($BI7<$CU7,$BI7-IF(N(VLOOKUP($AT7&"|"&$CU7,LocTable,7,FALSE))>0,VLOOKUP($AT7&"|"&$CU7,LocTable,7,FALSE),VLOOKUP($AT7&"|"&$CU7,LocTable,6,FALSE))-$CR7-0.75>=2.125)),IF(N(VLOOKUP($AT7&"|"&$CU7,LocTable,7,FALSE))>0,VLOOKUP($AT7&"|"&$CU7,LocTable,7,FALSE),VLOOKUP($AT7&"|"&$CU7,LocTable,6,FALSE)),$BI7-($CU7-IF(N(VLOOKUP($AT7&"|"&$CU7,LocTable,7,FALSE))>0,VLOOKUP($AT7&"|"&$CU7,LocTable,7,FALSE),VLOOKUP($AT7&"|"&$CU7,LocTable,6,FALSE)))),$BI7-10-$CR7)) | CY7: =IF($CS7,"",TRIM(IF(ISNUMBER($BU7),"A "&TRIM(TEXT($BU7,"# ?/??"))&CHAR(34)&" ","")&IF(ISNUMBER($BV7),"B "&TRIM(TEXT($BV7,"# ?/??"))&CHAR(34)&" ","")&IF(ISNUMBER($BW7),"C "&TRIM(TEXT($BW7,"# ?/??"))&CHAR(34)&" ","")&IF(ISNUMBER($BX7),"D "&TRIM(TEXT($BX7,"# ?/??"))&CHAR(34)&" ","")&IF(ISNUMBER($BY7),"F "&TRIM(TEXT($BY7,"# ?/??"))&CHAR(34)&" ","")&IF(ISNUMBER($BZ7),"E "&TRIM(TEXT($BZ7,"# ?/??"))&CHAR(34)&" ",""))) | CZ7: =IF(OR($CS7,N($BJ7)=0),"",TRIM(IF(ISNUMBER($BU7),"A "&TRIM(TEXT($BU7-HeadClr,"# ?/??"))&CHAR(34)&" ","")&IF(ISNUMBER($BV7),"B "&TRIM(TEXT($BV7-HeadClr,"# ?/??"))&CHAR(34)&" ","")&IF(ISNUMBER($BW7),"C "&TRIM(TEXT($BW7-HeadClr,"# ?/??"))&CHAR(34)&" ","")&IF(ISNUMBER($BX7),"D "&TRIM(TEXT($BX7-HeadClr,"# ?/??"))&CHAR(34)&" ","")&IF(ISNUMBER($BY7),"F "&TRIM(TEXT($BY7-HeadClr,"# ?/??"))&CHAR(34)&" ","")&IF(ISNUMBER($BZ7),"E "&TRIM(TEXT($BZ7-HeadClr,"# ?/??"))&CHAR(34)&" ",""))) | DA7: =IF($A7="","",IF($AN7="",IFERROR(VLOOKUP($Z7,CODES,2,FALSE),""),IFERROR(VLOOKUP($AN7,CODES,2,FALSE),""))) | DB7: =IF($A7="","",IF($O7="Y","PR",IF(OR($Z7="L",$Z7="RR",LEFT($Z7,2)="L-",LEFT($Z7,3)="RR-"),"LH","RH"))) | DC7: =IF($A7="","","S.HM"&IF(OR($C7="DOOR ONLY",$X7<>"KD"),"MASONRY","DRYWALL")&IF($C7="DOOR ONLY","",$U7)&IF(AND($C7<>"FRAME ONLY",OR(LEFT($AH7,3)="OAK",LEFT($AH7,3)="BIR",LEFT($AH7,3)="MAP",$AH7="PC",$AH7="MC",$AH7="SCLC",$AH7="P-LAM")),"WD","HM")&"1.75") | DD7: =IF($CJ7="","",IF($O7="Y",$CJ7,SUBSTITUTE($CJ7,$BG7&" "&IFERROR(VLOOKUP($Z7,CODES,2,FALSE),"")&" ",$BG7&" "))) | DE7: =IF($CK7="","",IF($O7="Y",$CK7,SUBSTITUTE($CK7,$BG7&" "&IF($AN7="",IFERROR(VLOOKUP($Z7,CODES,2,FALSE),""),IFERROR(VLOOKUP($AN7,CODES,2,FALSE),""))&" ",$BG7&" "))) | DF7: =IF($CJ7="","",$DC7&"|"&$DD7&"|"&$DB7&"|"&$AT7&"|"&$V7&"|"&$Y7&"|"&$AB7) | DG7: =IF(DF7="","",IF(COUNTIF($DF$6:DF7,DF7)=1,MAX($DG$5:DG6)+1,INDEX($DG$5:DG6,MATCH(DF7,$DF$5:DF6,0)))) | DH7: =IF($CK7="","",$DC7&"|"&$DE7&"|"&$AI7&"|"&$BK7&"|"&$BL7) | DI7: =IF(DH7="","",IF(COUNTIF($DH$6:DH7,DH7)=1,MAX($DI$5:DI6)+1,INDEX($DI$5:DI6,MATCH(DH7,$DH$5:DH6,0)))) | DJ7: =IF($A7="","",IF($B7="","qty, ","")&IF($C7="","scope, ","")&IF(OR($K7="",$M7=""),"size, ","")&IF(AND($A7<>"",$C7<>"DOOR ONLY"),IF($U7="","jamb depth, ","")&IF($X7="","construction, ","")&IF($Y7="","anchor, ","")&IF($S7="","frame type, ",""),"")&IF(AND(N($BJ7)>0,$Z7=""),"hand, ","")&IF(N($BJ7)>0,IF($AH7="","door material, ","")&IF($AL7="","face type, ","")&IF($AP7="","lock prep, ","")&IF(AND($AO7="",$AC7=""),"hinge prep, ",""),"")&IF(AND($CH7>0,$AH7="FRP"),"FRP cannot carry a label, ","")&IF(AND($O7="Y",OR($Z7="L",$Z7="R",$Z7="LR",$Z7="RR")),"pair marked but hand is single, ","")&IF(AND($O7<>"Y",OR($Z7="PR",AND(LEN($Z7)>1,ISNUMBER(SEARCH("-",$Z7))))),"pair hand on a single door, ","")&IF(AND(ISNUMBER($CI7),$CH7<N($CI7)),"wall needs a "&$CI7&" min door, ","")&IF(AND($CH7>=180,AND(OR($CE7="FG",$CE7="HG",$CE7="FNV",$CE7="FV"),N($CF7)*N($CG7)>100)),"180 min lite over 100 sq in, ","")&IF(N($BK7)>48,"leaf wider than 4'-0"&CHAR(34)&", ","")&IF(AND($CT7,COUNT($AW7:$AZ7)=0,$CQ7>0),"CUSTOM LOC with no locations typed, ","")) | DK7: =IF($A7="","",IF(AND($CH7>0,AND($A7<>"",$C7<>"DOOR ONLY"),$X7="KD",$E7="EXTERIOR"),"KD label on an exterior opening, ","")&IF(AND($E7="EXTERIOR",OR(AND(AND($A7<>"",$C7<>"DOOR ONLY"),$W7="CR"),AND(N($BJ7)>0,$AH7="CR"))),"exterior in CR steel (G9?), ","")&IF(AND(ISNUMBER($BQ7),N($BQ7)<32),"clear width ~"&TEXT($BQ7,"0.0")&CHAR(34)&" under 32"&CHAR(34)&" (ADA), ","")&IF(AND($CH7=90,AND(OR($CE7="FG",$CE7="HG",$CE7="FNV",$CE7="FV"),N($CF7)*N($CG7)>100)),"90 min lite over 100 sq in (stair/exit), ","")&IF(AND($CH7>0,AND($A7<>"",$C7<>"DOOR ONLY"),OR($AF7="",$AF7="-")),"rated: closer reinf.?, ","")&IF(OR($I7="CORRIDOR",$I7="SMOKE BARRIER"),"S label + smoke gasketing, ","")&IF($CI7="?","wall type/hr not in IBC table, ","")&IF(AND(N($BJ7)>0,$BB7=""),"no hardware set, ","")&IF(AND($BB7<>"",ISNA(MATCH($BB7&"",HWSets,0))),"set "&$BB7&" not on HW Sets, ","")&IF(N($BL7)>96,"leaf over 8'-0"&CHAR(34)&" - check listing, ","")&IF(AND($CT7,COUNT($AW7:$AZ7)>0,COUNT($AW7:$AZ7)<>$CQ7),COUNT($AW7:$AZ7)&" custom hinges typed, "&$CQ7&" expected, ","")&IF(AND(ISNUMBER($CA7),OR(N($CA7)<34,N($CA7)>48)),"lock "&TEXT($CA7,"0.0")&CHAR(34)&" AFF outside 34-48"&CHAR(34)&" (ADA), ","")&IF(AND(ISNUMBER($AV7),ISNUMBER($BL7),N($AV7)<IF(N($BL7)<=60,2,IF(N($BL7)<=90,3,IF(N($BL7)<=120,4,5)))),"fewer hinges than standard, ",""))
A8: 103 | B8: 1 | C8: FRAME & DOOR | D8: 1st | E8: INTERIOR | F8: CORRIDOR | G8: STAIR 1 | H8: 90 MIN | I8: SHAFT / EXIT ENCL. | J8: 2 | K8: 6 | L8: 0 | M8: 7 | N8: 0 | O8: Y | S8: 3F | T8: M | U8: 834 | V8: 14 | W8: CR | X8: WGS | Y8: T | Z8: RR-A | AA8: CU | AC8: U454 | AD8: E1 | AE8: H5 | AF8: E11 | AH8: CR | AI8: 16 | AL8: HG-24"x30" | AM8: 707 | AP8: G12 | AQ8: - | AR8: Y | AT8: CURRIES | AU8: 4.5 | BB8: 2 | BD8: =IF($A8="","",IF($DJ8<>"","FIX",IF($DK8<>"","CHECK","OK"))) | BE8: =IF($A8="","",IF($DJ8<>"","FIX: "&LEFT($DJ8,LEN($DJ8)-2)&IF($DK8<>""," · ",""),"")&IF($DK8<>"","CHECK: "&LEFT($DK8,LEN($DK8)-2),"")) | BF8: =IF(OR($A8="",$K8=""),"",$K8&"'-"&N($L8)&CHAR(34)&" x "&$M8&"'-"&N($N8)&CHAR(34)) | BG8: =IF(OR($A8="",$K8=""),"",$K8&N($L8)&$M8&N($N8)) | BH8: =IF(OR($A8="",$K8=""),"",$K8*12+N($L8)) | BI8: =IF(OR($A8="",$M8=""),"",$M8*12+N($N8)) | BJ8: =IF($A8="","",IF(OR($C8="FRAME ONLY",$S8="BL"),0,IF($O8="Y",2,1))) | BK8: =IF(OR(N($BJ8)=0,$BH8=""),"",($BH8-2*EdgeClr-IF($BJ8=2,MeetClr,0))/$BJ8) | BL8: =IF(OR(N($BJ8)=0,$BI8=""),"",$BI8-HeadClr-Undercut) | BM8: =IF($BH8="","",$BH8+2*FaceW+IF(N($Q8)>0,($Q8+FaceW)*IF($R8="LR",2,1),0)) | BN8: =IF($BI8="","",$BI8+IF($AB8="Y",4,FaceW)+IF(N($P8)>0,$P8+FaceW,0)+IF(OR($S8="4F",$S8="BL"),FaceW,0)) | BO8: =IF($BM8="","",$BM8+2*ROSide) | BP8: =IF($BN8="","",$BN8+ROTop) | BQ8: =IF(OR(N($BJ8)=0,$BH8=""),"",$BH8/$BJ8-ClearDeduct) | BR8: =IF(N($CH8)=0,"",IF($CH8>=180,"A · 3 HR",IF($CH8>=90,"B · 1-1/2 HR",IF($CH8>=60,"B · 1 HR",IF($CH8>=45,"C · 3/4 HR","20 MIN")))))&IF(AND(N($CH8)>0,OR($I8="CORRIDOR",$I8="SMOKE BARRIER"))," · S","") | BS8: =IF($CS8,"",IF($AV8<>"",$AV8,IF(OR($AC8="HGC",$AO8="HGC"),"CONT",IF(($BI8-HeadClr-Undercut)<=60,2,IF(($BI8-HeadClr-Undercut)<=90,3,IF(($BI8-HeadClr-Undercut)<=120,4,5)))))) | BT8: =IF($CS8,"",IF($CT8,"CUSTOM (typed)",IF($CV8,$AT8&" "&$CU8&CHAR(34)&IF($CU8<>$BI8,IF(AND($BI8<$CU8,$BI8-IF(N(VLOOKUP($AT8&"|"&$CU8,LocTable,7,FALSE))>0,VLOOKUP($AT8&"|"&$CU8,LocTable,7,FALSE),VLOOKUP($AT8&"|"&$CU8,LocTable,6,FALSE))-$CR8-0.75>=2.125)," cut down"," adj."),""),"ANSI/SDI A250.6"))) | BU8: =IF($CS8,"",IF($CT8,IF(N($AW8)>0,N($AW8),""),IF(1>$CQ8,"",IF($CQ8=1,$CW8,$CW8+($CX8-$CW8)*0/($CQ8-1))))) | BV8: =IF($CS8,"",IF($CT8,IF(N($AX8)>0,N($AX8),""),IF(2>$CQ8,"",IF($CQ8=1,$CW8,$CW8+($CX8-$CW8)*1/($CQ8-1))))) | BW8: =IF($CS8,"",IF($CT8,IF(N($AY8)>0,N($AY8),""),IF(3>$CQ8,"",IF($CQ8=1,$CW8,$CW8+($CX8-$CW8)*2/($CQ8-1))))) | BX8: =IF($CS8,"",IF($CT8,IF(N($AZ8)>0,N($AZ8),""),IF(4>$CQ8,"",IF($CQ8=1,$CW8,$CW8+($CX8-$CW8)*3/($CQ8-1))))) | BY8: =IF($CS8,"",IF($CT8,"",IF(5>$CQ8,"",IF($CQ8=1,$CW8,$CW8+($CX8-$CW8)*4/($CQ8-1))))) | BZ8: =IF(OR($CS8,$AP8="-",AND($AP8="",$AD8="")),"",IF(N($BA8)>0,N($BA8),IF($CV8,IF(AND($BI8<$CU8,$BI8-IF(N(VLOOKUP($AT8&"|"&$CU8,LocTable,7,FALSE))>0,VLOOKUP($AT8&"|"&$CU8,LocTable,7,FALSE),VLOOKUP($AT8&"|"&$CU8,LocTable,6,FALSE))-$CR8-0.75>=2.125),VLOOKUP($AT8&"|"&$CU8,LocTable,8,FALSE),VLOOKUP($AT8&"|"&$CU8,LocTable,8,FALSE)+($BI8-$CU8)),$BI8-LockAFF))) | CA8: =IF($BZ8="","",$BI8-$BZ8) | CB8: =IF(OR(NOT(AND($A8<>"",$C8<>"DOOR ONLY")),$BI8=""),"",IF(($BI8+IF(N($P8)>0,$P8+FaceW,0))<=90,3,IF(($BI8+IF(N($P8)>0,$P8+FaceW,0))<=114,4,5))) | CC8: =IF($CB8="","",$CB8*(2+IF(N($Q8)>0,IF($R8="LR",2,1),0))) | CD8: =IF($CB8="","",(2+IF(N($Q8)>0,IF($R8="LR",2,1),0))) | CE8: =IF(N($BJ8)=0,"",IF(OR($AL8="",$AL8="FLUSH"),"FLUSH",IFERROR(LEFT($AL8,FIND("-",$AL8)-1),LEFT($AL8,2)))) | CF8: =IF($CE8="","",IFERROR(VALUE(MID($AL8,FIND("-",$AL8)+1,FIND(CHAR(34)&"x",$AL8)-FIND("-",$AL8)-1)),0)) | CG8: =IF($CE8="","",IFERROR(VALUE(MID($AL8,FIND(CHAR(34)&"x",$AL8)+2,FIND(CHAR(34),$AL8,FIND(CHAR(34)&"x",$AL8)+2)-FIND(CHAR(34)&"x",$AL8)-2)),0)) | CH8: =IF(OR($A8="",$H8="",$H8="NO LAB"),0,IFERROR(VALUE(LEFT($H8,FIND(" ",$H8)-1)),0)) | CI8: =IF(OR($A8="",$I8="",$I8="NON-RATED",N($J8)=0),"",IFERROR(VLOOKUP($I8&"|"&$J8,IBC,2,FALSE),"?")) | CJ8: =IF(NOT(AND($A8<>"",$C8<>"DOOR ONLY")),"",TRIM(IFERROR(VLOOKUP($U8,CODES,2,FALSE),"")&" "&$BG8&" "&IFERROR(VLOOKUP($Z8,CODES,2,FALSE),"")&" "&IFERROR(VLOOKUP($X8,CODES,2,FALSE),"")&" "&IFERROR(VLOOKUP($S8,CODES,2,FALSE),"")&IF(N($P8)>0," w/TRANSOM "&$P8&CHAR(34),"")&IF(N($Q8)>0," w/SIDELITE "&$Q8&CHAR(34)&" "&IF($R8="","R",$R8),"")&IF($Y8=""," | "," | "&IFERROR(VLOOKUP($Y8,CODES,2,FALSE),"")&" | ")&IFERROR(VLOOKUP($AC8,CODES,2,FALSE),"")&" "&IFERROR(VLOOKUP($AD8,CODES,2,FALSE),"")&IF(OR($AE8="",$AE8="-"),""," "&$AE8)&IF(OR($AF8="",$AF8="-"),""," "&$AF8)&IF($AB8="Y"," 4"&CHAR(34)&" HEAD","")&" "&IFERROR(VLOOKUP($H8,CODES,2,FALSE),"")&IF($CT8," | LOC "&$CY8,""))) | CK8: =IF(NOT(AND($A8<>"",N($BJ8)>0)),"",TRIM(IFERROR(VLOOKUP($AH8,CODES,2,FALSE),"")&IF($AI8=""," "," "&$AI8&"GA ")&$BG8&" "&IF($AN8="",IFERROR(VLOOKUP($Z8,CODES,2,FALSE),""),IFERROR(VLOOKUP($AN8,CODES,2,FALSE),""))&IF($BJ8=2," PAIR","")&" DOOR | "&IF($AL8="","?",$AL8)&" | "&IF($AO8="",IFERROR(VLOOKUP($AC8,CODES,2,FALSE),""),IFERROR(VLOOKUP($AO8,CODES,2,FALSE),""))&" "&IFERROR(VLOOKUP($AP8,CODES,2,FALSE),"")&IF(OR($AQ8="",$AQ8="-"),""," SEAM "&$AQ8)&IF($AR8="Y"," ASTRAGAL","")&IF($AJ8=""," "," "&$AJ8)&IF($AK8=""," "," "&$AK8)&IF(OR($AT8="",$AT8="ANSI/SDI",$AT8="CUSTOM LOC"),""," "&$AT8)&IF($AM8=""," "," SERIES "&$AM8)&" "&IFERROR(VLOOKUP($H8,CODES,2,FALSE),"")&IF($CT8," | LOC "&$CZ8,""))) | CL8: =IF(CP8="","",IF(COUNTIF($CP$6:CP8,CP8)=1,MAX($CL$5:CL7)+1,INDEX($CL$5:CL7,MATCH(CP8,$CP$5:CP7,0)))) | CM8: =IF(NOT(AND($A8<>"",$C8<>"DOOR ONLY")),"",MAX($CM$5:CM7)+1) | CN8: =IF(NOT(AND($A8<>"",N($BJ8)>0)),"",MAX($CN$5:CN7)+1) | CO8: =IF($A8="","",MAX($CO$5:CO7)+1) | CP8: =IF(OR($A8="",$BH8="",$BI8=""),"",$BG8&"|"&$O8&"|"&$AL8&"|"&$S8&"|"&$P8&"|"&$Q8&$R8&"|"&$C8&"|"&$AB8) | CQ8: =N($BS8) | CR8: =IF(N($AU8)>0,N($AU8),4.5) | CS8: =OR($A8="",$BI8="",$S8="BL",AND($C8="FRAME ONLY",OR($AC8="",$AC8="BLK"))) | CT8: =AND(NOT($CS8),OR($AT8="CUSTOM LOC",N($AW8)+N($AX8)+N($AY8)+N($AZ8)+N($BA8)>0)) | CU8: =IF($BI8="","",IF($BI8<=80,80,IF($BI8<=84,84,96))) | CV8: =ISNUMBER(MATCH($AT8&"|80",LocKeys,0)) | CW8: =IF($CS8,"",IF($CV8,VLOOKUP($AT8&"|"&$CU8,LocTable,4,FALSE),5)) | CX8: =IF($CS8,"",IF($CV8,IF(OR($BI8=$CU8,AND($BI8<$CU8,$BI8-IF(N(VLOOKUP($AT8&"|"&$CU8,LocTable,7,FALSE))>0,VLOOKUP($AT8&"|"&$CU8,LocTable,7,FALSE),VLOOKUP($AT8&"|"&$CU8,LocTable,6,FALSE))-$CR8-0.75>=2.125)),IF(N(VLOOKUP($AT8&"|"&$CU8,LocTable,7,FALSE))>0,VLOOKUP($AT8&"|"&$CU8,LocTable,7,FALSE),VLOOKUP($AT8&"|"&$CU8,LocTable,6,FALSE)),$BI8-($CU8-IF(N(VLOOKUP($AT8&"|"&$CU8,LocTable,7,FALSE))>0,VLOOKUP($AT8&"|"&$CU8,LocTable,7,FALSE),VLOOKUP($AT8&"|"&$CU8,LocTable,6,FALSE)))),$BI8-10-$CR8)) | CY8: =IF($CS8,"",TRIM(IF(ISNUMBER($BU8),"A "&TRIM(TEXT($BU8,"# ?/??"))&CHAR(34)&" ","")&IF(ISNUMBER($BV8),"B "&TRIM(TEXT($BV8,"# ?/??"))&CHAR(34)&" ","")&IF(ISNUMBER($BW8),"C "&TRIM(TEXT($BW8,"# ?/??"))&CHAR(34)&" ","")&IF(ISNUMBER($BX8),"D "&TRIM(TEXT($BX8,"# ?/??"))&CHAR(34)&" ","")&IF(ISNUMBER($BY8),"F "&TRIM(TEXT($BY8,"# ?/??"))&CHAR(34)&" ","")&IF(ISNUMBER($BZ8),"E "&TRIM(TEXT($BZ8,"# ?/??"))&CHAR(34)&" ",""))) | CZ8: =IF(OR($CS8,N($BJ8)=0),"",TRIM(IF(ISNUMBER($BU8),"A "&TRIM(TEXT($BU8-HeadClr,"# ?/??"))&CHAR(34)&" ","")&IF(ISNUMBER($BV8),"B "&TRIM(TEXT($BV8-HeadClr,"# ?/??"))&CHAR(34)&" ","")&IF(ISNUMBER($BW8),"C "&TRIM(TEXT($BW8-HeadClr,"# ?/??"))&CHAR(34)&" ","")&IF(ISNUMBER($BX8),"D "&TRIM(TEXT($BX8-HeadClr,"# ?/??"))&CHAR(34)&" ","")&IF(ISNUMBER($BY8),"F "&TRIM(TEXT($BY8-HeadClr,"# ?/??"))&CHAR(34)&" ","")&IF(ISNUMBER($BZ8),"E "&TRIM(TEXT($BZ8-HeadClr,"# ?/??"))&CHAR(34)&" ",""))) | DA8: =IF($A8="","",IF($AN8="",IFERROR(VLOOKUP($Z8,CODES,2,FALSE),""),IFERROR(VLOOKUP($AN8,CODES,2,FALSE),""))) | DB8: =IF($A8="","",IF($O8="Y","PR",IF(OR($Z8="L",$Z8="RR",LEFT($Z8,2)="L-",LEFT($Z8,3)="RR-"),"LH","RH"))) | DC8: =IF($A8="","","S.HM"&IF(OR($C8="DOOR ONLY",$X8<>"KD"),"MASONRY","DRYWALL")&IF($C8="DOOR ONLY","",$U8)&IF(AND($C8<>"FRAME ONLY",OR(LEFT($AH8,3)="OAK",LEFT($AH8,3)="BIR",LEFT($AH8,3)="MAP",$AH8="PC",$AH8="MC",$AH8="SCLC",$AH8="P-LAM")),"WD","HM")&"1.75") | DD8: =IF($CJ8="","",IF($O8="Y",$CJ8,SUBSTITUTE($CJ8,$BG8&" "&IFERROR(VLOOKUP($Z8,CODES,2,FALSE),"")&" ",$BG8&" "))) | DE8: =IF($CK8="","",IF($O8="Y",$CK8,SUBSTITUTE($CK8,$BG8&" "&IF($AN8="",IFERROR(VLOOKUP($Z8,CODES,2,FALSE),""),IFERROR(VLOOKUP($AN8,CODES,2,FALSE),""))&" ",$BG8&" "))) | DF8: =IF($CJ8="","",$DC8&"|"&$DD8&"|"&$DB8&"|"&$AT8&"|"&$V8&"|"&$Y8&"|"&$AB8) | DG8: =IF(DF8="","",IF(COUNTIF($DF$6:DF8,DF8)=1,MAX($DG$5:DG7)+1,INDEX($DG$5:DG7,MATCH(DF8,$DF$5:DF7,0)))) | DH8: =IF($CK8="","",$DC8&"|"&$DE8&"|"&$AI8&"|"&$BK8&"|"&$BL8) | DI8: =IF(DH8="","",IF(COUNTIF($DH$6:DH8,DH8)=1,MAX($DI$5:DI7)+1,INDEX($DI$5:DI7,MATCH(DH8,$DH$5:DH7,0)))) | DJ8: =IF($A8="","",IF($B8="","qty, ","")&IF($C8="","scope, ","")&IF(OR($K8="",$M8=""),"size, ","")&IF(AND($A8<>"",$C8<>"DOOR ONLY"),IF($U8="","jamb depth, ","")&IF($X8="","construction, ","")&IF($Y8="","anchor, ","")&IF($S8="","frame type, ",""),"")&IF(AND(N($BJ8)>0,$Z8=""),"hand, ","")&IF(N($BJ8)>0,IF($AH8="","door material, ","")&IF($AL8="","face type, ","")&IF($AP8="","lock prep, ","")&IF(AND($AO8="",$AC8=""),"hinge prep, ",""),"")&IF(AND($CH8>0,$AH8="FRP"),"FRP cannot carry a label, ","")&IF(AND($O8="Y",OR($Z8="L",$Z8="R",$Z8="LR",$Z8="RR")),"pair marked but hand is single, ","")&IF(AND($O8<>"Y",OR($Z8="PR",AND(LEN($Z8)>1,ISNUMBER(SEARCH("-",$Z8))))),"pair hand on a single door, ","")&IF(AND(ISNUMBER($CI8),$CH8<N($CI8)),"wall needs a "&$CI8&" min door, ","")&IF(AND($CH8>=180,AND(OR($CE8="FG",$CE8="HG",$CE8="FNV",$CE8="FV"),N($CF8)*N($CG8)>100)),"180 min lite over 100 sq in, ","")&IF(N($BK8)>48,"leaf wider than 4'-0"&CHAR(34)&", ","")&IF(AND($CT8,COUNT($AW8:$AZ8)=0,$CQ8>0),"CUSTOM LOC with no locations typed, ","")) | DK8: =IF($A8="","",IF(AND($CH8>0,AND($A8<>"",$C8<>"DOOR ONLY"),$X8="KD",$E8="EXTERIOR"),"KD label on an exterior opening, ","")&IF(AND($E8="EXTERIOR",OR(AND(AND($A8<>"",$C8<>"DOOR ONLY"),$W8="CR"),AND(N($BJ8)>0,$AH8="CR"))),"exterior in CR steel (G9?), ","")&IF(AND(ISNUMBER($BQ8),N($BQ8)<32),"clear width ~"&TEXT($BQ8,"0.0")&CHAR(34)&" under 32"&CHAR(34)&" (ADA), ","")&IF(AND($CH8=90,AND(OR($CE8="FG",$CE8="HG",$CE8="FNV",$CE8="FV"),N($CF8)*N($CG8)>100)),"90 min lite over 100 sq in (stair/exit), ","")&IF(AND($CH8>0,AND($A8<>"",$C8<>"DOOR ONLY"),OR($AF8="",$AF8="-")),"rated: closer reinf.?, ","")&IF(OR($I8="CORRIDOR",$I8="SMOKE BARRIER"),"S label + smoke gasketing, ","")&IF($CI8="?","wall type/hr not in IBC table, ","")&IF(AND(N($BJ8)>0,$BB8=""),"no hardware set, ","")&IF(AND($BB8<>"",ISNA(MATCH($BB8&"",HWSets,0))),"set "&$BB8&" not on HW Sets, ","")&IF(N($BL8)>96,"leaf over 8'-0"&CHAR(34)&" - check listing, ","")&IF(AND($CT8,COUNT($AW8:$AZ8)>0,COUNT($AW8:$AZ8)<>$CQ8),COUNT($AW8:$AZ8)&" custom hinges typed, "&$CQ8&" expected, ","")&IF(AND(ISNUMBER($CA8),OR(N($CA8)<34,N($CA8)>48)),"lock "&TEXT($CA8,"0.0")&CHAR(34)&" AFF outside 34-48"&CHAR(34)&" (ADA), ","")&IF(AND(ISNUMBER($AV8),ISNUMBER($BL8),N($AV8)<IF(N($BL8)<=60,2,IF(N($BL8)<=90,3,IF(N($BL8)<=120,4,5)))),"fewer hinges than standard, ",""))
A9: 104 | B9: 1 | C9: FRAME & DOOR | D9: GROUND | E9: EXTERIOR | F9: EXTERIOR | G9: LOBBY | H9: NO LAB | I9: EXTERIOR | J9: 0 | K9: 3 | L9: 0 | M9: 7 | N9: 0 | P9: 24 | Q9: 18 | R9: R | S9: 3FV | T9: M | U9: 658 | V9: 14 | W9: G9 | X9: WGS | Y9: WMA | Z9: L | AA9: CU | AB9: Y | AC9: HGC | AD9: G18 | AF9: E11 | AH9: RK | AI9: 16 | AL9: FG-24"x64" | AM9: 707 | AP9: G11 | AT9: CURRIES | BB9: 3 | BD9: =IF($A9="","",IF($DJ9<>"","FIX",IF($DK9<>"","CHECK","OK"))) | BE9: =IF($A9="","",IF($DJ9<>"","FIX: "&LEFT($DJ9,LEN($DJ9)-2)&IF($DK9<>""," · ",""),"")&IF($DK9<>"","CHECK: "&LEFT($DK9,LEN($DK9)-2),"")) | BF9: =IF(OR($A9="",$K9=""),"",$K9&"'-"&N($L9)&CHAR(34)&" x "&$M9&"'-"&N($N9)&CHAR(34)) | BG9: =IF(OR($A9="",$K9=""),"",$K9&N($L9)&$M9&N($N9)) | BH9: =IF(OR($A9="",$K9=""),"",$K9*12+N($L9)) | BI9: =IF(OR($A9="",$M9=""),"",$M9*12+N($N9)) | BJ9: =IF($A9="","",IF(OR($C9="FRAME ONLY",$S9="BL"),0,IF($O9="Y",2,1))) | BK9: =IF(OR(N($BJ9)=0,$BH9=""),"",($BH9-2*EdgeClr-IF($BJ9=2,MeetClr,0))/$BJ9) | BL9: =IF(OR(N($BJ9)=0,$BI9=""),"",$BI9-HeadClr-Undercut) | BM9: =IF($BH9="","",$BH9+2*FaceW+IF(N($Q9)>0,($Q9+FaceW)*IF($R9="LR",2,1),0)) | BN9: =IF($BI9="","",$BI9+IF($AB9="Y",4,FaceW)+IF(N($P9)>0,$P9+FaceW,0)+IF(OR($S9="4F",$S9="BL"),FaceW,0)) | BO9: =IF($BM9="","",$BM9+2*ROSide) | BP9: =IF($BN9="","",$BN9+ROTop) | BQ9: =IF(OR(N($BJ9)=0,$BH9=""),"",$BH9/$BJ9-ClearDeduct) | BR9: =IF(N($CH9)=0,"",IF($CH9>=180,"A · 3 HR",IF($CH9>=90,"B · 1-1/2 HR",IF($CH9>=60,"B · 1 HR",IF($CH9>=45,"C · 3/4 HR","20 MIN")))))&IF(AND(N($CH9)>0,OR($I9="CORRIDOR",$I9="SMOKE BARRIER"))," · S","") | BS9: =IF($CS9,"",IF($AV9<>"",$AV9,IF(OR($AC9="HGC",$AO9="HGC"),"CONT",IF(($BI9-HeadClr-Undercut)<=60,2,IF(($BI9-HeadClr-Undercut)<=90,3,IF(($BI9-HeadClr-Undercut)<=120,4,5)))))) | BT9: =IF($CS9,"",IF($CT9,"CUSTOM (typed)",IF($CV9,$AT9&" "&$CU9&CHAR(34)&IF($CU9<>$BI9,IF(AND($BI9<$CU9,$BI9-IF(N(VLOOKUP($AT9&"|"&$CU9,LocTable,7,FALSE))>0,VLOOKUP($AT9&"|"&$CU9,LocTable,7,FALSE),VLOOKUP($AT9&"|"&$CU9,LocTable,6,FALSE))-$CR9-0.75>=2.125)," cut down"," adj."),""),"ANSI/SDI A250.6"))) | BU9: =IF($CS9,"",IF($CT9,IF(N($AW9)>0,N($AW9),""),IF(1>$CQ9,"",IF($CQ9=1,$CW9,$CW9+($CX9-$CW9)*0/($CQ9-1))))) | BV9: =IF($CS9,"",IF($CT9,IF(N($AX9)>0,N($AX9),""),IF(2>$CQ9,"",IF($CQ9=1,$CW9,$CW9+($CX9-$CW9)*1/($CQ9-1))))) | BW9: =IF($CS9,"",IF($CT9,IF(N($AY9)>0,N($AY9),""),IF(3>$CQ9,"",IF($CQ9=1,$CW9,$CW9+($CX9-$CW9)*2/($CQ9-1))))) | BX9: =IF($CS9,"",IF($CT9,IF(N($AZ9)>0,N($AZ9),""),IF(4>$CQ9,"",IF($CQ9=1,$CW9,$CW9+($CX9-$CW9)*3/($CQ9-1))))) | BY9: =IF($CS9,"",IF($CT9,"",IF(5>$CQ9,"",IF($CQ9=1,$CW9,$CW9+($CX9-$CW9)*4/($CQ9-1))))) | BZ9: =IF(OR($CS9,$AP9="-",AND($AP9="",$AD9="")),"",IF(N($BA9)>0,N($BA9),IF($CV9,IF(AND($BI9<$CU9,$BI9-IF(N(VLOOKUP($AT9&"|"&$CU9,LocTable,7,FALSE))>0,VLOOKUP($AT9&"|"&$CU9,LocTable,7,FALSE),VLOOKUP($AT9&"|"&$CU9,LocTable,6,FALSE))-$CR9-0.75>=2.125),VLOOKUP($AT9&"|"&$CU9,LocTable,8,FALSE),VLOOKUP($AT9&"|"&$CU9,LocTable,8,FALSE)+($BI9-$CU9)),$BI9-LockAFF))) | CA9: =IF($BZ9="","",$BI9-$BZ9) | CB9: =IF(OR(NOT(AND($A9<>"",$C9<>"DOOR ONLY")),$BI9=""),"",IF(($BI9+IF(N($P9)>0,$P9+FaceW,0))<=90,3,IF(($BI9+IF(N($P9)>0,$P9+FaceW,0))<=114,4,5))) | CC9: =IF($CB9="","",$CB9*(2+IF(N($Q9)>0,IF($R9="LR",2,1),0))) | CD9: =IF($CB9="","",(2+IF(N($Q9)>0,IF($R9="LR",2,1),0))) | CE9: =IF(N($BJ9)=0,"",IF(OR($AL9="",$AL9="FLUSH"),"FLUSH",IFERROR(LEFT($AL9,FIND("-",$AL9)-1),LEFT($AL9,2)))) | CF9: =IF($CE9="","",IFERROR(VALUE(MID($AL9,FIND("-",$AL9)+1,FIND(CHAR(34)&"x",$AL9)-FIND("-",$AL9)-1)),0)) | CG9: =IF($CE9="","",IFERROR(VALUE(MID($AL9,FIND(CHAR(34)&"x",$AL9)+2,FIND(CHAR(34),$AL9,FIND(CHAR(34)&"x",$AL9)+2)-FIND(CHAR(34)&"x",$AL9)-2)),0)) | CH9: =IF(OR($A9="",$H9="",$H9="NO LAB"),0,IFERROR(VALUE(LEFT($H9,FIND(" ",$H9)-1)),0)) | CI9: =IF(OR($A9="",$I9="",$I9="NON-RATED",N($J9)=0),"",IFERROR(VLOOKUP($I9&"|"&$J9,IBC,2,FALSE),"?")) | CJ9: =IF(NOT(AND($A9<>"",$C9<>"DOOR ONLY")),"",TRIM(IFERROR(VLOOKUP($U9,CODES,2,FALSE),"")&" "&$BG9&" "&IFERROR(VLOOKUP($Z9,CODES,2,FALSE),"")&" "&IFERROR(VLOOKUP($X9,CODES,2,FALSE),"")&" "&IFERROR(VLOOKUP($S9,CODES,2,FALSE),"")&IF(N($P9)>0," w/TRANSOM "&$P9&CHAR(34),"")&IF(N($Q9)>0," w/SIDELITE "&$Q9&CHAR(34)&" "&IF($R9="","R",$R9),"")&IF($Y9=""," | "," | "&IFERROR(VLOOKUP($Y9,CODES,2,FALSE),"")&" | ")&IFERROR(VLOOKUP($AC9,CODES,2,FALSE),"")&" "&IFERROR(VLOOKUP($AD9,CODES,2,FALSE),"")&IF(OR($AE9="",$AE9="-"),""," "&$AE9)&IF(OR($AF9="",$AF9="-"),""," "&$AF9)&IF($AB9="Y"," 4"&CHAR(34)&" HEAD","")&" "&IFERROR(VLOOKUP($H9,CODES,2,FALSE),"")&IF($CT9," | LOC "&$CY9,""))) | CK9: =IF(NOT(AND($A9<>"",N($BJ9)>0)),"",TRIM(IFERROR(VLOOKUP($AH9,CODES,2,FALSE),"")&IF($AI9=""," "," "&$AI9&"GA ")&$BG9&" "&IF($AN9="",IFERROR(VLOOKUP($Z9,CODES,2,FALSE),""),IFERROR(VLOOKUP($AN9,CODES,2,FALSE),""))&IF($BJ9=2," PAIR","")&" DOOR | "&IF($AL9="","?",$AL9)&" | "&IF($AO9="",IFERROR(VLOOKUP($AC9,CODES,2,FALSE),""),IFERROR(VLOOKUP($AO9,CODES,2,FALSE),""))&" "&IFERROR(VLOOKUP($AP9,CODES,2,FALSE),"")&IF(OR($AQ9="",$AQ9="-"),""," SEAM "&$AQ9)&IF($AR9="Y"," ASTRAGAL","")&IF($AJ9=""," "," "&$AJ9)&IF($AK9=""," "," "&$AK9)&IF(OR($AT9="",$AT9="ANSI/SDI",$AT9="CUSTOM LOC"),""," "&$AT9)&IF($AM9=""," "," SERIES "&$AM9)&" "&IFERROR(VLOOKUP($H9,CODES,2,FALSE),"")&IF($CT9," | LOC "&$CZ9,""))) | CL9: =IF(CP9="","",IF(COUNTIF($CP$6:CP9,CP9)=1,MAX($CL$5:CL8)+1,INDEX($CL$5:CL8,MATCH(CP9,$CP$5:CP8,0)))) | CM9: =IF(NOT(AND($A9<>"",$C9<>"DOOR ONLY")),"",MAX($CM$5:CM8)+1) | CN9: =IF(NOT(AND($A9<>"",N($BJ9)>0)),"",MAX($CN$5:CN8)+1) | CO9: =IF($A9="","",MAX($CO$5:CO8)+1) | CP9: =IF(OR($A9="",$BH9="",$BI9=""),"",$BG9&"|"&$O9&"|"&$AL9&"|"&$S9&"|"&$P9&"|"&$Q9&$R9&"|"&$C9&"|"&$AB9) | CQ9: =N($BS9) | CR9: =IF(N($AU9)>0,N($AU9),4.5) | CS9: =OR($A9="",$BI9="",$S9="BL",AND($C9="FRAME ONLY",OR($AC9="",$AC9="BLK"))) | CT9: =AND(NOT($CS9),OR($AT9="CUSTOM LOC",N($AW9)+N($AX9)+N($AY9)+N($AZ9)+N($BA9)>0)) | CU9: =IF($BI9="","",IF($BI9<=80,80,IF($BI9<=84,84,96))) | CV9: =ISNUMBER(MATCH($AT9&"|80",LocKeys,0)) | CW9: =IF($CS9,"",IF($CV9,VLOOKUP($AT9&"|"&$CU9,LocTable,4,FALSE),5)) | CX9: =IF($CS9,"",IF($CV9,IF(OR($BI9=$CU9,AND($BI9<$CU9,$BI9-IF(N(VLOOKUP($AT9&"|"&$CU9,LocTable,7,FALSE))>0,VLOOKUP($AT9&"|"&$CU9,LocTable,7,FALSE),VLOOKUP($AT9&"|"&$CU9,LocTable,6,FALSE))-$CR9-0.75>=2.125)),IF(N(VLOOKUP($AT9&"|"&$CU9,LocTable,7,FALSE))>0,VLOOKUP($AT9&"|"&$CU9,LocTable,7,FALSE),VLOOKUP($AT9&"|"&$CU9,LocTable,6,FALSE)),$BI9-($CU9-IF(N(VLOOKUP($AT9&"|"&$CU9,LocTable,7,FALSE))>0,VLOOKUP($AT9&"|"&$CU9,LocTable,7,FALSE),VLOOKUP($AT9&"|"&$CU9,LocTable,6,FALSE)))),$BI9-10-$CR9)) | CY9: =IF($CS9,"",TRIM(IF(ISNUMBER($BU9),"A "&TRIM(TEXT($BU9,"# ?/??"))&CHAR(34)&" ","")&IF(ISNUMBER($BV9),"B "&TRIM(TEXT($BV9,"# ?/??"))&CHAR(34)&" ","")&IF(ISNUMBER($BW9),"C "&TRIM(TEXT($BW9,"# ?/??"))&CHAR(34)&" ","")&IF(ISNUMBER($BX9),"D "&TRIM(TEXT($BX9,"# ?/??"))&CHAR(34)&" ","")&IF(ISNUMBER($BY9),"F "&TRIM(TEXT($BY9,"# ?/??"))&CHAR(34)&" ","")&IF(ISNUMBER($BZ9),"E "&TRIM(TEXT($BZ9,"# ?/??"))&CHAR(34)&" ",""))) | CZ9: =IF(OR($CS9,N($BJ9)=0),"",TRIM(IF(ISNUMBER($BU9),"A "&TRIM(TEXT($BU9-HeadClr,"# ?/??"))&CHAR(34)&" ","")&IF(ISNUMBER($BV9),"B "&TRIM(TEXT($BV9-HeadClr,"# ?/??"))&CHAR(34)&" ","")&IF(ISNUMBER($BW9),"C "&TRIM(TEXT($BW9-HeadClr,"# ?/??"))&CHAR(34)&" ","")&IF(ISNUMBER($BX9),"D "&TRIM(TEXT($BX9-HeadClr,"# ?/??"))&CHAR(34)&" ","")&IF(ISNUMBER($BY9),"F "&TRIM(TEXT($BY9-HeadClr,"# ?/??"))&CHAR(34)&" ","")&IF(ISNUMBER($BZ9),"E "&TRIM(TEXT($BZ9-HeadClr,"# ?/??"))&CHAR(34)&" ",""))) | DA9: =IF($A9="","",IF($AN9="",IFERROR(VLOOKUP($Z9,CODES,2,FALSE),""),IFERROR(VLOOKUP($AN9,CODES,2,FALSE),""))) | DB9: =IF($A9="","",IF($O9="Y","PR",IF(OR($Z9="L",$Z9="RR",LEFT($Z9,2)="L-",LEFT($Z9,3)="RR-"),"LH","RH"))) | DC9: =IF($A9="","","S.HM"&IF(OR($C9="DOOR ONLY",$X9<>"KD"),"MASONRY","DRYWALL")&IF($C9="DOOR ONLY","",$U9)&IF(AND($C9<>"FRAME ONLY",OR(LEFT($AH9,3)="OAK",LEFT($AH9,3)="BIR",LEFT($AH9,3)="MAP",$AH9="PC",$AH9="MC",$AH9="SCLC",$AH9="P-LAM")),"WD","HM")&"1.75") | DD9: =IF($CJ9="","",IF($O9="Y",$CJ9,SUBSTITUTE($CJ9,$BG9&" "&IFERROR(VLOOKUP($Z9,CODES,2,FALSE),"")&" ",$BG9&" "))) | DE9: =IF($CK9="","",IF($O9="Y",$CK9,SUBSTITUTE($CK9,$BG9&" "&IF($AN9="",IFERROR(VLOOKUP($Z9,CODES,2,FALSE),""),IFERROR(VLOOKUP($AN9,CODES,2,FALSE),""))&" ",$BG9&" "))) | DF9: =IF($CJ9="","",$DC9&"|"&$DD9&"|"&$DB9&"|"&$AT9&"|"&$V9&"|"&$Y9&"|"&$AB9) | DG9: =IF(DF9="","",IF(COUNTIF($DF$6:DF9,DF9)=1,MAX($DG$5:DG8)+1,INDEX($DG$5:DG8,MATCH(DF9,$DF$5:DF8,0)))) | DH9: =IF($CK9="","",$DC9&"|"&$DE9&"|"&$AI9&"|"&$BK9&"|"&$BL9) | DI9: =IF(DH9="","",IF(COUNTIF($DH$6:DH9,DH9)=1,MAX($DI$5:DI8)+1,INDEX($DI$5:DI8,MATCH(DH9,$DH$5:DH8,0)))) | DJ9: =IF($A9="","",IF($B9="","qty, ","")&IF($C9="","scope, ","")&IF(OR($K9="",$M9=""),"size, ","")&IF(AND($A9<>"",$C9<>"DOOR ONLY"),IF($U9="","jamb depth, ","")&IF($X9="","construction, ","")&IF($Y9="","anchor, ","")&IF($S9="","frame type, ",""),"")&IF(AND(N($BJ9)>0,$Z9=""),"hand, ","")&IF(N($BJ9)>0,IF($AH9="","door material, ","")&IF($AL9="","face type, ","")&IF($AP9="","lock prep, ","")&IF(AND($AO9="",$AC9=""),"hinge prep, ",""),"")&IF(AND($CH9>0,$AH9="FRP"),"FRP cannot carry a label, ","")&IF(AND($O9="Y",OR($Z9="L",$Z9="R",$Z9="LR",$Z9="RR")),"pair marked but hand is single, ","")&IF(AND($O9<>"Y",OR($Z9="PR",AND(LEN($Z9)>1,ISNUMBER(SEARCH("-",$Z9))))),"pair hand on a single door, ","")&IF(AND(ISNUMBER($CI9),$CH9<N($CI9)),"wall needs a "&$CI9&" min door, ","")&IF(AND($CH9>=180,AND(OR($CE9="FG",$CE9="HG",$CE9="FNV",$CE9="FV"),N($CF9)*N($CG9)>100)),"180 min lite over 100 sq in, ","")&IF(N($BK9)>48,"leaf wider than 4'-0"&CHAR(34)&", ","")&IF(AND($CT9,COUNT($AW9:$AZ9)=0,$CQ9>0),"CUSTOM LOC with no locations typed, ","")) | DK9: =IF($A9="","",IF(AND($CH9>0,AND($A9<>"",$C9<>"DOOR ONLY"),$X9="KD",$E9="EXTERIOR"),"KD label on an exterior opening, ","")&IF(AND($E9="EXTERIOR",OR(AND(AND($A9<>"",$C9<>"DOOR ONLY"),$W9="CR"),AND(N($BJ9)>0,$AH9="CR"))),"exterior in CR steel (G9?), ","")&IF(AND(ISNUMBER($BQ9),N($BQ9)<32),"clear width ~"&TEXT($BQ9,"0.0")&CHAR(34)&" under 32"&CHAR(34)&" (ADA), ","")&IF(AND($CH9=90,AND(OR($CE9="FG",$CE9="HG",$CE9="FNV",$CE9="FV"),N($CF9)*N($CG9)>100)),"90 min lite over 100 sq in (stair/exit), ","")&IF(AND($CH9>0,AND($A9<>"",$C9<>"DOOR ONLY"),OR($AF9="",$AF9="-")),"rated: closer reinf.?, ","")&IF(OR($I9="CORRIDOR",$I9="SMOKE BARRIER"),"S label + smoke gasketing, ","")&IF($CI9="?","wall type/hr not in IBC table, ","")&IF(AND(N($BJ9)>0,$BB9=""),"no hardware set, ","")&IF(AND($BB9<>"",ISNA(MATCH($BB9&"",HWSets,0))),"set "&$BB9&" not on HW Sets, ","")&IF(N($BL9)>96,"leaf over 8'-0"&CHAR(34)&" - check listing, ","")&IF(AND($CT9,COUNT($AW9:$AZ9)>0,COUNT($AW9:$AZ9)<>$CQ9),COUNT($AW9:$AZ9)&" custom hinges typed, "&$CQ9&" expected, ","")&IF(AND(ISNUMBER($CA9),OR(N($CA9)<34,N($CA9)>48)),"lock "&TEXT($CA9,"0.0")&CHAR(34)&" AFF outside 34-48"&CHAR(34)&" (ADA), ","")&IF(AND(ISNUMBER($AV9),ISNUMBER($BL9),N($AV9)<IF(N($BL9)<=60,2,IF(N($BL9)<=90,3,IF(N($BL9)<=120,4,5)))),"fewer hinges than standard, ",""))
A10: 105 | B10: 2 | C10: FRAME ONLY | D10: 1st | E10: INTERIOR | F10: RECEPTION | G10: OFFICE | H10: NO LAB | K10: 4 | L10: 0 | M10: 3 | N10: 0 | S10: BL | T10: C | U10: 478 | V10: 16 | W10: CR | X10: KD | Y10: SC | AA10: CU | AC10: BLK | BD10: =IF($A10="","",IF($DJ10<>"","FIX",IF($DK10<>"","CHECK","OK"))) | BE10: =IF($A10="","",IF($DJ10<>"","FIX: "&LEFT($DJ10,LEN($DJ10)-2)&IF($DK10<>""," · ",""),"")&IF($DK10<>"","CHECK: "&LEFT($DK10,LEN($DK10)-2),"")) | BF10: =IF(OR($A10="",$K10=""),"",$K10&"'-"&N($L10)&CHAR(34)&" x "&$M10&"'-"&N($N10)&CHAR(34)) | BG10: =IF(OR($A10="",$K10=""),"",$K10&N($L10)&$M10&N($N10)) | BH10: =IF(OR($A10="",$K10=""),"",$K10*12+N($L10)) | BI10: =IF(OR($A10="",$M10=""),"",$M10*12+N($N10)) | BJ10: =IF($A10="","",IF(OR($C10="FRAME ONLY",$S10="BL"),0,IF($O10="Y",2,1))) | BK10: =IF(OR(N($BJ10)=0,$BH10=""),"",($BH10-2*EdgeClr-IF($BJ10=2,MeetClr,0))/$BJ10) | BL10: =IF(OR(N($BJ10)=0,$BI10=""),"",$BI10-HeadClr-Undercut) | BM10: =IF($BH10="","",$BH10+2*FaceW+IF(N($Q10)>0,($Q10+FaceW)*IF($R10="LR",2,1),0)) | BN10: =IF($BI10="","",$BI10+IF($AB10="Y",4,FaceW)+IF(N($P10)>0,$P10+FaceW,0)+IF(OR($S10="4F",$S10="BL"),FaceW,0)) | BO10: =IF($BM10="","",$BM10+2*ROSide) | BP10: =IF($BN10="","",$BN10+ROTop) | BQ10: =IF(OR(N($BJ10)=0,$BH10=""),"",$BH10/$BJ10-ClearDeduct) | BR10: =IF(N($CH10)=0,"",IF($CH10>=180,"A · 3 HR",IF($CH10>=90,"B · 1-1/2 HR",IF($CH10>=60,"B · 1 HR",IF($CH10>=45,"C · 3/4 HR","20 MIN")))))&IF(AND(N($CH10)>0,OR($I10="CORRIDOR",$I10="SMOKE BARRIER"))," · S","") | BS10: =IF($CS10,"",IF($AV10<>"",$AV10,IF(OR($AC10="HGC",$AO10="HGC"),"CONT",IF(($BI10-HeadClr-Undercut)<=60,2,IF(($BI10-HeadClr-Undercut)<=90,3,IF(($BI10-HeadClr-Undercut)<=120,4,5)))))) | BT10: =IF($CS10,"",IF($CT10,"CUSTOM (typed)",IF($CV10,$AT10&" "&$CU10&CHAR(34)&IF($CU10<>$BI10,IF(AND($BI10<$CU10,$BI10-IF(N(VLOOKUP($AT10&"|"&$CU10,LocTable,7,FALSE))>0,VLOOKUP($AT10&"|"&$CU10,LocTable,7,FALSE),VLOOKUP($AT10&"|"&$CU10,LocTable,6,FALSE))-$CR10-0.75>=2.125)," cut down"," adj."),""),"ANSI/SDI A250.6"))) | BU10: =IF($CS10,"",IF($CT10,IF(N($AW10)>0,N($AW10),""),IF(1>$CQ10,"",IF($CQ10=1,$CW10,$CW10+($CX10-$CW10)*0/($CQ10-1))))) | BV10: =IF($CS10,"",IF($CT10,IF(N($AX10)>0,N($AX10),""),IF(2>$CQ10,"",IF($CQ10=1,$CW10,$CW10+($CX10-$CW10)*1/($CQ10-1))))) | BW10: =IF($CS10,"",IF($CT10,IF(N($AY10)>0,N($AY10),""),IF(3>$CQ10,"",IF($CQ10=1,$CW10,$CW10+($CX10-$CW10)*2/($CQ10-1))))) | BX10: =IF($CS10,"",IF($CT10,IF(N($AZ10)>0,N($AZ10),""),IF(4>$CQ10,"",IF($CQ10=1,$CW10,$CW10+($CX10-$CW10)*3/($CQ10-1))))) | BY10: =IF($CS10,"",IF($CT10,"",IF(5>$CQ10,"",IF($CQ10=1,$CW10,$CW10+($CX10-$CW10)*4/($CQ10-1))))) | BZ10: =IF(OR($CS10,$AP10="-",AND($AP10="",$AD10="")),"",IF(N($BA10)>0,N($BA10),IF($CV10,IF(AND($BI10<$CU10,$BI10-IF(N(VLOOKUP($AT10&"|"&$CU10,LocTable,7,FALSE))>0,VLOOKUP($AT10&"|"&$CU10,LocTable,7,FALSE),VLOOKUP($AT10&"|"&$CU10,LocTable,6,FALSE))-$CR10-0.75>=2.125),VLOOKUP($AT10&"|"&$CU10,LocTable,8,FALSE),VLOOKUP($AT10&"|"&$CU10,LocTable,8,FALSE)+($BI10-$CU10)),$BI10-LockAFF))) | CA10: =IF($BZ10="","",$BI10-$BZ10) | CB10: =IF(OR(NOT(AND($A10<>"",$C10<>"DOOR ONLY")),$BI10=""),"",IF(($BI10+IF(N($P10)>0,$P10+FaceW,0))<=90,3,IF(($BI10+IF(N($P10)>0,$P10+FaceW,0))<=114,4,5))) | CC10: =IF($CB10="","",$CB10*(2+IF(N($Q10)>0,IF($R10="LR",2,1),0))) | CD10: =IF($CB10="","",(2+IF(N($Q10)>0,IF($R10="LR",2,1),0))) | CE10: =IF(N($BJ10)=0,"",IF(OR($AL10="",$AL10="FLUSH"),"FLUSH",IFERROR(LEFT($AL10,FIND("-",$AL10)-1),LEFT($AL10,2)))) | CF10: =IF($CE10="","",IFERROR(VALUE(MID($AL10,FIND("-",$AL10)+1,FIND(CHAR(34)&"x",$AL10)-FIND("-",$AL10)-1)),0)) | CG10: =IF($CE10="","",IFERROR(VALUE(MID($AL10,FIND(CHAR(34)&"x",$AL10)+2,FIND(CHAR(34),$AL10,FIND(CHAR(34)&"x",$AL10)+2)-FIND(CHAR(34)&"x",$AL10)-2)),0)) | CH10: =IF(OR($A10="",$H10="",$H10="NO LAB"),0,IFERROR(VALUE(LEFT($H10,FIND(" ",$H10)-1)),0)) | CI10: =IF(OR($A10="",$I10="",$I10="NON-RATED",N($J10)=0),"",IFERROR(VLOOKUP($I10&"|"&$J10,IBC,2,FALSE),"?")) | CJ10: =IF(NOT(AND($A10<>"",$C10<>"DOOR ONLY")),"",TRIM(IFERROR(VLOOKUP($U10,CODES,2,FALSE),"")&" "&$BG10&" "&IFERROR(VLOOKUP($Z10,CODES,2,FALSE),"")&" "&IFERROR(VLOOKUP($X10,CODES,2,FALSE),"")&" "&IFERROR(VLOOKUP($S10,CODES,2,FALSE),"")&IF(N($P10)>0," w/TRANSOM "&$P10&CHAR(34),"")&IF(N($Q10)>0," w/SIDELITE "&$Q10&CHAR(34)&" "&IF($R10="","R",$R10),"")&IF($Y10=""," | "," | "&IFERROR(VLOOKUP($Y10,CODES,2,FALSE),"")&" | ")&IFERROR(VLOOKUP($AC10,CODES,2,FALSE),"")&" "&IFERROR(VLOOKUP($AD10,CODES,2,FALSE),"")&IF(OR($AE10="",$AE10="-"),""," "&$AE10)&IF(OR($AF10="",$AF10="-"),""," "&$AF10)&IF($AB10="Y"," 4"&CHAR(34)&" HEAD","")&" "&IFERROR(VLOOKUP($H10,CODES,2,FALSE),"")&IF($CT10," | LOC "&$CY10,""))) | CK10: =IF(NOT(AND($A10<>"",N($BJ10)>0)),"",TRIM(IFERROR(VLOOKUP($AH10,CODES,2,FALSE),"")&IF($AI10=""," "," "&$AI10&"GA ")&$BG10&" "&IF($AN10="",IFERROR(VLOOKUP($Z10,CODES,2,FALSE),""),IFERROR(VLOOKUP($AN10,CODES,2,FALSE),""))&IF($BJ10=2," PAIR","")&" DOOR | "&IF($AL10="","?",$AL10)&" | "&IF($AO10="",IFERROR(VLOOKUP($AC10,CODES,2,FALSE),""),IFERROR(VLOOKUP($AO10,CODES,2,FALSE),""))&" "&IFERROR(VLOOKUP($AP10,CODES,2,FALSE),"")&IF(OR($AQ10="",$AQ10="-"),""," SEAM "&$AQ10)&IF($AR10="Y"," ASTRAGAL","")&IF($AJ10=""," "," "&$AJ10)&IF($AK10=""," "," "&$AK10)&IF(OR($AT10="",$AT10="ANSI/SDI",$AT10="CUSTOM LOC"),""," "&$AT10)&IF($AM10=""," "," SERIES "&$AM10)&" "&IFERROR(VLOOKUP($H10,CODES,2,FALSE),"")&IF($CT10," | LOC "&$CZ10,""))) | CL10: =IF(CP10="","",IF(COUNTIF($CP$6:CP10,CP10)=1,MAX($CL$5:CL9)+1,INDEX($CL$5:CL9,MATCH(CP10,$CP$5:CP9,0)))) | CM10: =IF(NOT(AND($A10<>"",$C10<>"DOOR ONLY")),"",MAX($CM$5:CM9)+1) | CN10: =IF(NOT(AND($A10<>"",N($BJ10)>0)),"",MAX($CN$5:CN9)+1) | CO10: =IF($A10="","",MAX($CO$5:CO9)+1) | CP10: =IF(OR($A10="",$BH10="",$BI10=""),"",$BG10&"|"&$O10&"|"&$AL10&"|"&$S10&"|"&$P10&"|"&$Q10&$R10&"|"&$C10&"|"&$AB10) | CQ10: =N($BS10) | CR10: =IF(N($AU10)>0,N($AU10),4.5) | CS10: =OR($A10="",$BI10="",$S10="BL",AND($C10="FRAME ONLY",OR($AC10="",$AC10="BLK"))) | CT10: =AND(NOT($CS10),OR($AT10="CUSTOM LOC",N($AW10)+N($AX10)+N($AY10)+N($AZ10)+N($BA10)>0)) | CU10: =IF($BI10="","",IF($BI10<=80,80,IF($BI10<=84,84,96))) | CV10: =ISNUMBER(MATCH($AT10&"|80",LocKeys,0)) | CW10: =IF($CS10,"",IF($CV10,VLOOKUP($AT10&"|"&$CU10,LocTable,4,FALSE),5)) | CX10: =IF($CS10,"",IF($CV10,IF(OR($BI10=$CU10,AND($BI10<$CU10,$BI10-IF(N(VLOOKUP($AT10&"|"&$CU10,LocTable,7,FALSE))>0,VLOOKUP($AT10&"|"&$CU10,LocTable,7,FALSE),VLOOKUP($AT10&"|"&$CU10,LocTable,6,FALSE))-$CR10-0.75>=2.125)),IF(N(VLOOKUP($AT10&"|"&$CU10,LocTable,7,FALSE))>0,VLOOKUP($AT10&"|"&$CU10,LocTable,7,FALSE),VLOOKUP($AT10&"|"&$CU10,LocTable,6,FALSE)),$BI10-($CU10-IF(N(VLOOKUP($AT10&"|"&$CU10,LocTable,7,FALSE))>0,VLOOKUP($AT10&"|"&$CU10,LocTable,7,FALSE),VLOOKUP($AT10&"|"&$CU10,LocTable,6,FALSE)))),$BI10-10-$CR10)) | CY10: =IF($CS10,"",TRIM(IF(ISNUMBER($BU10),"A "&TRIM(TEXT($BU10,"# ?/??"))&CHAR(34)&" ","")&IF(ISNUMBER($BV10),"B "&TRIM(TEXT($BV10,"# ?/??"))&CHAR(34)&" ","")&IF(ISNUMBER($BW10),"C "&TRIM(TEXT($BW10,"# ?/??"))&CHAR(34)&" ","")&IF(ISNUMBER($BX10),"D "&TRIM(TEXT($BX10,"# ?/??"))&CHAR(34)&" ","")&IF(ISNUMBER($BY10),"F "&TRIM(TEXT($BY10,"# ?/??"))&CHAR(34)&" ","")&IF(ISNUMBER($BZ10),"E "&TRIM(TEXT($BZ10,"# ?/??"))&CHAR(34)&" ",""))) | CZ10: =IF(OR($CS10,N($BJ10)=0),"",TRIM(IF(ISNUMBER($BU10),"A "&TRIM(TEXT($BU10-HeadClr,"# ?/??"))&CHAR(34)&" ","")&IF(ISNUMBER($BV10),"B "&TRIM(TEXT($BV10-HeadClr,"# ?/??"))&CHAR(34)&" ","")&IF(ISNUMBER($BW10),"C "&TRIM(TEXT($BW10-HeadClr,"# ?/??"))&CHAR(34)&" ","")&IF(ISNUMBER($BX10),"D "&TRIM(TEXT($BX10-HeadClr,"# ?/??"))&CHAR(34)&" ","")&IF(ISNUMBER($BY10),"F "&TRIM(TEXT($BY10-HeadClr,"# ?/??"))&CHAR(34)&" ","")&IF(ISNUMBER($BZ10),"E "&TRIM(TEXT($BZ10-HeadClr,"# ?/??"))&CHAR(34)&" ",""))) | DA10: =IF($A10="","",IF($AN10="",IFERROR(VLOOKUP($Z10,CODES,2,FALSE),""),IFERROR(VLOOKUP($AN10,CODES,2,FALSE),""))) | DB10: =IF($A10="","",IF($O10="Y","PR",IF(OR($Z10="L",$Z10="RR",LEFT($Z10,2)="L-",LEFT($Z10,3)="RR-"),"LH","RH"))) | DC10: =IF($A10="","","S.HM"&IF(OR($C10="DOOR ONLY",$X10<>"KD"),"MASONRY","DRYWALL")&IF($C10="DOOR ONLY","",$U10)&IF(AND($C10<>"FRAME ONLY",OR(LEFT($AH10,3)="OAK",LEFT($AH10,3)="BIR",LEFT($AH10,3)="MAP",$AH10="PC",$AH10="MC",$AH10="SCLC",$AH10="P-LAM")),"WD","HM")&"1.75") | DD10: =IF($CJ10="","",IF($O10="Y",$CJ10,SUBSTITUTE($CJ10,$BG10&" "&IFERROR(VLOOKUP($Z10,CODES,2,FALSE),"")&" ",$BG10&" "))) | DE10: =IF($CK10="","",IF($O10="Y",$CK10,SUBSTITUTE($CK10,$BG10&" "&IF($AN10="",IFERROR(VLOOKUP($Z10,CODES,2,FALSE),""),IFERROR(VLOOKUP($AN10,CODES,2,FALSE),""))&" ",$BG10&" "))) | DF10: =IF($CJ10="","",$DC10&"|"&$DD10&"|"&$DB10&"|"&$AT10&"|"&$V10&"|"&$Y10&"|"&$AB10) | DG10: =IF(DF10="","",IF(COUNTIF($DF$6:DF10,DF10)=1,MAX($DG$5:DG9)+1,INDEX($DG$5:DG9,MATCH(DF10,$DF$5:DF9,0)))) | DH10: =IF($CK10="","",$DC10&"|"&$DE10&"|"&$AI10&"|"&$BK10&"|"&$BL10) | DI10: =IF(DH10="","",IF(COUNTIF($DH$6:DH10,DH10)=1,MAX($DI$5:DI9)+1,INDEX($DI$5:DI9,MATCH(DH10,$DH$5:DH9,0)))) | DJ10: =IF($A10="","",IF($B10="","qty, ","")&IF($C10="","scope, ","")&IF(OR($K10="",$M10=""),"size, ","")&IF(AND($A10<>"",$C10<>"DOOR ONLY"),IF($U10="","jamb depth, ","")&IF($X10="","construction, ","")&IF($Y10="","anchor, ","")&IF($S10="","frame type, ",""),"")&IF(AND(N($BJ10)>0,$Z10=""),"hand, ","")&IF(N($BJ10)>0,IF($AH10="","door material, ","")&IF($AL10="","face type, ","")&IF($AP10="","lock prep, ","")&IF(AND($AO10="",$AC10=""),"hinge prep, ",""),"")&IF(AND($CH10>0,$AH10="FRP"),"FRP cannot carry a label, ","")&IF(AND($O10="Y",OR($Z10="L",$Z10="R",$Z10="LR",$Z10="RR")),"pair marked but hand is single, ","")&IF(AND($O10<>"Y",OR($Z10="PR",AND(LEN($Z10)>1,ISNUMBER(SEARCH("-",$Z10))))),"pair hand on a single door, ","")&IF(AND(ISNUMBER($CI10),$CH10<N($CI10)),"wall needs a "&$CI10&" min door, ","")&IF(AND($CH10>=180,AND(OR($CE10="FG",$CE10="HG",$CE10="FNV",$CE10="FV"),N($CF10)*N($CG10)>100)),"180 min lite over 100 sq in, ","")&IF(N($BK10)>48,"leaf wider than 4'-0"&CHAR(34)&", ","")&IF(AND($CT10,COUNT($AW10:$AZ10)=0,$CQ10>0),"CUSTOM LOC with no locations typed, ","")) | DK10: =IF($A10="","",IF(AND($CH10>0,AND($A10<>"",$C10<>"DOOR ONLY"),$X10="KD",$E10="EXTERIOR"),"KD label on an exterior opening, ","")&IF(AND($E10="EXTERIOR",OR(AND(AND($A10<>"",$C10<>"DOOR ONLY"),$W10="CR"),AND(N($BJ10)>0,$AH10="CR"))),"exterior in CR steel (G9?), ","")&IF(AND(ISNUMBER($BQ10),N($BQ10)<32),"clear width ~"&TEXT($BQ10,"0.0")&CHAR(34)&" under 32"&CHAR(34)&" (ADA), ","")&IF(AND($CH10=90,AND(OR($CE10="FG",$CE10="HG",$CE10="FNV",$CE10="FV"),N($CF10)*N($CG10)>100)),"90 min lite over 100 sq in (stair/exit), ","")&IF(AND($CH10>0,AND($A10<>"",$C10<>"DOOR ONLY"),OR($AF10="",$AF10="-")),"rated: closer reinf.?, ","")&IF(OR($I10="CORRIDOR",$I10="SMOKE BARRIER"),"S label + smoke gasketing, ","")&IF($CI10="?","wall type/hr not in IBC table, ","")&IF(AND(N($BJ10)>0,$BB10=""),"no hardware set, ","")&IF(AND($BB10<>"",ISNA(MATCH($BB10&"",HWSets,0))),"set "&$BB10&" not on HW Sets, ","")&IF(N($BL10)>96,"leaf over 8'-0"&CHAR(34)&" - check listing, ","")&IF(AND($CT10,COUNT($AW10:$AZ10)>0,COUNT($AW10:$AZ10)<>$CQ10),COUNT($AW10:$AZ10)&" custom hinges typed, "&$CQ10&" expected, ","")&IF(AND(ISNUMBER($CA10),OR(N($CA10)<34,N($CA10)>48)),"lock "&TEXT($CA10,"0.0")&CHAR(34)&" AFF outside 34-48"&CHAR(34)&" (ADA), ","")&IF(AND(ISNUMBER($AV10),ISNUMBER($BL10),N($AV10)<IF(N($BL10)<=60,2,IF(N($BL10)<=90,3,IF(N($BL10)<=120,4,5)))),"fewer hinges than standard, ",""))
A11: 106 | B11: 1 | C11: FRAME & DOOR | D11: 2nd | E11: INTERIOR | F11: CORRIDOR | G11: MECH 201 | H11: 60 MIN | I11: FIRE BARRIER | J11: 2 | K11: 3 | L11: 6 | M11: 7 | N11: 0 | S11: 3F | T11: M | U11: 534 | V11: 16 | W11: CR | X11: KD | Y11: SC | Z11: L | AA11: CU | AC11: U453 | AD11: E1 | AF11: E11 | AH11: CR | AI11: 18 | AL11: FLUSH | AM11: 707 | AP11: G2 | AT11: STEELCRAFT | BB11: 1 | BD11: =IF($A11="","",IF($DJ11<>"","FIX",IF($DK11<>"","CHECK","OK"))) | BE11: =IF($A11="","",IF($DJ11<>"","FIX: "&LEFT($DJ11,LEN($DJ11)-2)&IF($DK11<>""," · ",""),"")&IF($DK11<>"","CHECK: "&LEFT($DK11,LEN($DK11)-2),"")) | BF11: =IF(OR($A11="",$K11=""),"",$K11&"'-"&N($L11)&CHAR(34)&" x "&$M11&"'-"&N($N11)&CHAR(34)) | BG11: =IF(OR($A11="",$K11=""),"",$K11&N($L11)&$M11&N($N11)) | BH11: =IF(OR($A11="",$K11=""),"",$K11*12+N($L11)) | BI11: =IF(OR($A11="",$M11=""),"",$M11*12+N($N11)) | BJ11: =IF($A11="","",IF(OR($C11="FRAME ONLY",$S11="BL"),0,IF($O11="Y",2,1))) | BK11: =IF(OR(N($BJ11)=0,$BH11=""),"",($BH11-2*EdgeClr-IF($BJ11=2,MeetClr,0))/$BJ11) | BL11: =IF(OR(N($BJ11)=0,$BI11=""),"",$BI11-HeadClr-Undercut) | BM11: =IF($BH11="","",$BH11+2*FaceW+IF(N($Q11)>0,($Q11+FaceW)*IF($R11="LR",2,1),0)) | BN11: =IF($BI11="","",$BI11+IF($AB11="Y",4,FaceW)+IF(N($P11)>0,$P11+FaceW,0)+IF(OR($S11="4F",$S11="BL"),FaceW,0)) | BO11: =IF($BM11="","",$BM11+2*ROSide) | BP11: =IF($BN11="","",$BN11+ROTop) | BQ11: =IF(OR(N($BJ11)=0,$BH11=""),"",$BH11/$BJ11-ClearDeduct) | BR11: =IF(N($CH11)=0,"",IF($CH11>=180,"A · 3 HR",IF($CH11>=90,"B · 1-1/2 HR",IF($CH11>=60,"B · 1 HR",IF($CH11>=45,"C · 3/4 HR","20 MIN")))))&IF(AND(N($CH11)>0,OR($I11="CORRIDOR",$I11="SMOKE BARRIER"))," · S","") | BS11: =IF($CS11,"",IF($AV11<>"",$AV11,IF(OR($AC11="HGC",$AO11="HGC"),"CONT",IF(($BI11-HeadClr-Undercut)<=60,2,IF(($BI11-HeadClr-Undercut)<=90,3,IF(($BI11-HeadClr-Undercut)<=120,4,5)))))) | BT11: =IF($CS11,"",IF($CT11,"CUSTOM (typed)",IF($CV11,$AT11&" "&$CU11&CHAR(34)&IF($CU11<>$BI11,IF(AND($BI11<$CU11,$BI11-IF(N(VLOOKUP($AT11&"|"&$CU11,LocTable,7,FALSE))>0,VLOOKUP($AT11&"|"&$CU11,LocTable,7,FALSE),VLOOKUP($AT11&"|"&$CU11,LocTable,6,FALSE))-$CR11-0.75>=2.125)," cut down"," adj."),""),"ANSI/SDI A250.6"))) | BU11: =IF($CS11,"",IF($CT11,IF(N($AW11)>0,N($AW11),""),IF(1>$CQ11,"",IF($CQ11=1,$CW11,$CW11+($CX11-$CW11)*0/($CQ11-1))))) | BV11: =IF($CS11,"",IF($CT11,IF(N($AX11)>0,N($AX11),""),IF(2>$CQ11,"",IF($CQ11=1,$CW11,$CW11+($CX11-$CW11)*1/($CQ11-1))))) | BW11: =IF($CS11,"",IF($CT11,IF(N($AY11)>0,N($AY11),""),IF(3>$CQ11,"",IF($CQ11=1,$CW11,$CW11+($CX11-$CW11)*2/($CQ11-1))))) | BX11: =IF($CS11,"",IF($CT11,IF(N($AZ11)>0,N($AZ11),""),IF(4>$CQ11,"",IF($CQ11=1,$CW11,$CW11+($CX11-$CW11)*3/($CQ11-1))))) | BY11: =IF($CS11,"",IF($CT11,"",IF(5>$CQ11,"",IF($CQ11=1,$CW11,$CW11+($CX11-$CW11)*4/($CQ11-1))))) | BZ11: =IF(OR($CS11,$AP11="-",AND($AP11="",$AD11="")),"",IF(N($BA11)>0,N($BA11),IF($CV11,IF(AND($BI11<$CU11,$BI11-IF(N(VLOOKUP($AT11&"|"&$CU11,LocTable,7,FALSE))>0,VLOOKUP($AT11&"|"&$CU11,LocTable,7,FALSE),VLOOKUP($AT11&"|"&$CU11,LocTable,6,FALSE))-$CR11-0.75>=2.125),VLOOKUP($AT11&"|"&$CU11,LocTable,8,FALSE),VLOOKUP($AT11&"|"&$CU11,LocTable,8,FALSE)+($BI11-$CU11)),$BI11-LockAFF))) | CA11: =IF($BZ11="","",$BI11-$BZ11) | CB11: =IF(OR(NOT(AND($A11<>"",$C11<>"DOOR ONLY")),$BI11=""),"",IF(($BI11+IF(N($P11)>0,$P11+FaceW,0))<=90,3,IF(($BI11+IF(N($P11)>0,$P11+FaceW,0))<=114,4,5))) | CC11: =IF($CB11="","",$CB11*(2+IF(N($Q11)>0,IF($R11="LR",2,1),0))) | CD11: =IF($CB11="","",(2+IF(N($Q11)>0,IF($R11="LR",2,1),0))) | CE11: =IF(N($BJ11)=0,"",IF(OR($AL11="",$AL11="FLUSH"),"FLUSH",IFERROR(LEFT($AL11,FIND("-",$AL11)-1),LEFT($AL11,2)))) | CF11: =IF($CE11="","",IFERROR(VALUE(MID($AL11,FIND("-",$AL11)+1,FIND(CHAR(34)&"x",$AL11)-FIND("-",$AL11)-1)),0)) | CG11: =IF($CE11="","",IFERROR(VALUE(MID($AL11,FIND(CHAR(34)&"x",$AL11)+2,FIND(CHAR(34),$AL11,FIND(CHAR(34)&"x",$AL11)+2)-FIND(CHAR(34)&"x",$AL11)-2)),0)) | CH11: =IF(OR($A11="",$H11="",$H11="NO LAB"),0,IFERROR(VALUE(LEFT($H11,FIND(" ",$H11)-1)),0)) | CI11: =IF(OR($A11="",$I11="",$I11="NON-RATED",N($J11)=0),"",IFERROR(VLOOKUP($I11&"|"&$J11,IBC,2,FALSE),"?")) | CJ11: =IF(NOT(AND($A11<>"",$C11<>"DOOR ONLY")),"",TRIM(IFERROR(VLOOKUP($U11,CODES,2,FALSE),"")&" "&$BG11&" "&IFERROR(VLOOKUP($Z11,CODES,2,FALSE),"")&" "&IFERROR(VLOOKUP($X11,CODES,2,FALSE),"")&" "&IFERROR(VLOOKUP($S11,CODES,2,FALSE),"")&IF(N($P11)>0," w/TRANSOM "&$P11&CHAR(34),"")&IF(N($Q11)>0," w/SIDELITE "&$Q11&CHAR(34)&" "&IF($R11="","R",$R11),"")&IF($Y11=""," | "," | "&IFERROR(VLOOKUP($Y11,CODES,2,FALSE),"")&" | ")&IFERROR(VLOOKUP($AC11,CODES,2,FALSE),"")&" "&IFERROR(VLOOKUP($AD11,CODES,2,FALSE),"")&IF(OR($AE11="",$AE11="-"),""," "&$AE11)&IF(OR($AF11="",$AF11="-"),""," "&$AF11)&IF($AB11="Y"," 4"&CHAR(34)&" HEAD","")&" "&IFERROR(VLOOKUP($H11,CODES,2,FALSE),"")&IF($CT11," | LOC "&$CY11,""))) | CK11: =IF(NOT(AND($A11<>"",N($BJ11)>0)),"",TRIM(IFERROR(VLOOKUP($AH11,CODES,2,FALSE),"")&IF($AI11=""," "," "&$AI11&"GA ")&$BG11&" "&IF($AN11="",IFERROR(VLOOKUP($Z11,CODES,2,FALSE),""),IFERROR(VLOOKUP($AN11,CODES,2,FALSE),""))&IF($BJ11=2," PAIR","")&" DOOR | "&IF($AL11="","?",$AL11)&" | "&IF($AO11="",IFERROR(VLOOKUP($AC11,CODES,2,FALSE),""),IFERROR(VLOOKUP($AO11,CODES,2,FALSE),""))&" "&IFERROR(VLOOKUP($AP11,CODES,2,FALSE),"")&IF(OR($AQ11="",$AQ11="-"),""," SEAM "&$AQ11)&IF($AR11="Y"," ASTRAGAL","")&IF($AJ11=""," "," "&$AJ11)&IF($AK11=""," "," "&$AK11)&IF(OR($AT11="",$AT11="ANSI/SDI",$AT11="CUSTOM LOC"),""," "&$AT11)&IF($AM11=""," "," SERIES "&$AM11)&" "&IFERROR(VLOOKUP($H11,CODES,2,FALSE),"")&IF($CT11," | LOC "&$CZ11,""))) | CL11: =IF(CP11="","",IF(COUNTIF($CP$6:CP11,CP11)=1,MAX($CL$5:CL10)+1,INDEX($CL$5:CL10,MATCH(CP11,$CP$5:CP10,0)))) | CM11: =IF(NOT(AND($A11<>"",$C11<>"DOOR ONLY")),"",MAX($CM$5:CM10)+1) | CN11: =IF(NOT(AND($A11<>"",N($BJ11)>0)),"",MAX($CN$5:CN10)+1) | CO11: =IF($A11="","",MAX($CO$5:CO10)+1) | CP11: =IF(OR($A11="",$BH11="",$BI11=""),"",$BG11&"|"&$O11&"|"&$AL11&"|"&$S11&"|"&$P11&"|"&$Q11&$R11&"|"&$C11&"|"&$AB11) | CQ11: =N($BS11) | CR11: =IF(N($AU11)>0,N($AU11),4.5) | CS11: =OR($A11="",$BI11="",$S11="BL",AND($C11="FRAME ONLY",OR($AC11="",$AC11="BLK"))) | CT11: =AND(NOT($CS11),OR($AT11="CUSTOM LOC",N($AW11)+N($AX11)+N($AY11)+N($AZ11)+N($BA11)>0)) | CU11: =IF($BI11="","",IF($BI11<=80,80,IF($BI11<=84,84,96))) | CV11: =ISNUMBER(MATCH($AT11&"|80",LocKeys,0)) | CW11: =IF($CS11,"",IF($CV11,VLOOKUP($AT11&"|"&$CU11,LocTable,4,FALSE),5)) | CX11: =IF($CS11,"",IF($CV11,IF(OR($BI11=$CU11,AND($BI11<$CU11,$BI11-IF(N(VLOOKUP($AT11&"|"&$CU11,LocTable,7,FALSE))>0,VLOOKUP($AT11&"|"&$CU11,LocTable,7,FALSE),VLOOKUP($AT11&"|"&$CU11,LocTable,6,FALSE))-$CR11-0.75>=2.125)),IF(N(VLOOKUP($AT11&"|"&$CU11,LocTable,7,FALSE))>0,VLOOKUP($AT11&"|"&$CU11,LocTable,7,FALSE),VLOOKUP($AT11&"|"&$CU11,LocTable,6,FALSE)),$BI11-($CU11-IF(N(VLOOKUP($AT11&"|"&$CU11,LocTable,7,FALSE))>0,VLOOKUP($AT11&"|"&$CU11,LocTable,7,FALSE),VLOOKUP($AT11&"|"&$CU11,LocTable,6,FALSE)))),$BI11-10-$CR11)) | CY11: =IF($CS11,"",TRIM(IF(ISNUMBER($BU11),"A "&TRIM(TEXT($BU11,"# ?/??"))&CHAR(34)&" ","")&IF(ISNUMBER($BV11),"B "&TRIM(TEXT($BV11,"# ?/??"))&CHAR(34)&" ","")&IF(ISNUMBER($BW11),"C "&TRIM(TEXT($BW11,"# ?/??"))&CHAR(34)&" ","")&IF(ISNUMBER($BX11),"D "&TRIM(TEXT($BX11,"# ?/??"))&CHAR(34)&" ","")&IF(ISNUMBER($BY11),"F "&TRIM(TEXT($BY11,"# ?/??"))&CHAR(34)&" ","")&IF(ISNUMBER($BZ11),"E "&TRIM(TEXT($BZ11,"# ?/??"))&CHAR(34)&" ",""))) | CZ11: =IF(OR($CS11,N($BJ11)=0),"",TRIM(IF(ISNUMBER($BU11),"A "&TRIM(TEXT($BU11-HeadClr,"# ?/??"))&CHAR(34)&" ","")&IF(ISNUMBER($BV11),"B "&TRIM(TEXT($BV11-HeadClr,"# ?/??"))&CHAR(34)&" ","")&IF(ISNUMBER($BW11),"C "&TRIM(TEXT($BW11-HeadClr,"# ?/??"))&CHAR(34)&" ","")&IF(ISNUMBER($BX11),"D "&TRIM(TEXT($BX11-HeadClr,"# ?/??"))&CHAR(34)&" ","")&IF(ISNUMBER($BY11),"F "&TRIM(TEXT($BY11-HeadClr,"# ?/??"))&CHAR(34)&" ","")&IF(ISNUMBER($BZ11),"E "&TRIM(TEXT($BZ11-HeadClr,"# ?/??"))&CHAR(34)&" ",""))) | DA11: =IF($A11="","",IF($AN11="",IFERROR(VLOOKUP($Z11,CODES,2,FALSE),""),IFERROR(VLOOKUP($AN11,CODES,2,FALSE),""))) | DB11: =IF($A11="","",IF($O11="Y","PR",IF(OR($Z11="L",$Z11="RR",LEFT($Z11,2)="L-",LEFT($Z11,3)="RR-"),"LH","RH"))) | DC11: =IF($A11="","","S.HM"&IF(OR($C11="DOOR ONLY",$X11<>"KD"),"MASONRY","DRYWALL")&IF($C11="DOOR ONLY","",$U11)&IF(AND($C11<>"FRAME ONLY",OR(LEFT($AH11,3)="OAK",LEFT($AH11,3)="BIR",LEFT($AH11,3)="MAP",$AH11="PC",$AH11="MC",$AH11="SCLC",$AH11="P-LAM")),"WD","HM")&"1.75") | DD11: =IF($CJ11="","",IF($O11="Y",$CJ11,SUBSTITUTE($CJ11,$BG11&" "&IFERROR(VLOOKUP($Z11,CODES,2,FALSE),"")&" ",$BG11&" "))) | DE11: =IF($CK11="","",IF($O11="Y",$CK11,SUBSTITUTE($CK11,$BG11&" "&IF($AN11="",IFERROR(VLOOKUP($Z11,CODES,2,FALSE),""),IFERROR(VLOOKUP($AN11,CODES,2,FALSE),""))&" ",$BG11&" "))) | DF11: =IF($CJ11="","",$DC11&"|"&$DD11&"|"&$DB11&"|"&$AT11&"|"&$V11&"|"&$Y11&"|"&$AB11) | DG11: =IF(DF11="","",IF(COUNTIF($DF$6:DF11,DF11)=1,MAX($DG$5:DG10)+1,INDEX($DG$5:DG10,MATCH(DF11,$DF$5:DF10,0)))) | DH11: =IF($CK11="","",$DC11&"|"&$DE11&"|"&$AI11&"|"&$BK11&"|"&$BL11) | DI11: =IF(DH11="","",IF(COUNTIF($DH$6:DH11,DH11)=1,MAX($DI$5:DI10)+1,INDEX($DI$5:DI10,MATCH(DH11,$DH$5:DH10,0)))) | DJ11: =IF($A11="","",IF($B11="","qty, ","")&IF($C11="","scope, ","")&IF(OR($K11="",$M11=""),"size, ","")&IF(AND($A11<>"",$C11<>"DOOR ONLY"),IF($U11="","jamb depth, ","")&IF($X11="","construction, ","")&IF($Y11="","anchor, ","")&IF($S11="","frame type, ",""),"")&IF(AND(N($BJ11)>0,$Z11=""),"hand, ","")&IF(N($BJ11)>0,IF($AH11="","door material, ","")&IF($AL11="","face type, ","")&IF($AP11="","lock prep, ","")&IF(AND($AO11="",$AC11=""),"hinge prep, ",""),"")&IF(AND($CH11>0,$AH11="FRP"),"FRP cannot carry a label, ","")&IF(AND($O11="Y",OR($Z11="L",$Z11="R",$Z11="LR",$Z11="RR")),"pair marked but hand is single, ","")&IF(AND($O11<>"Y",OR($Z11="PR",AND(LEN($Z11)>1,ISNUMBER(SEARCH("-",$Z11))))),"pair hand on a single door, ","")&IF(AND(ISNUMBER($CI11),$CH11<N($CI11)),"wall needs a "&$CI11&" min door, ","")&IF(AND($CH11>=180,AND(OR($CE11="FG",$CE11="HG",$CE11="FNV",$CE11="FV"),N($CF11)*N($CG11)>100)),"180 min lite over 100 sq in, ","")&IF(N($BK11)>48,"leaf wider than 4'-0"&CHAR(34)&", ","")&IF(AND($CT11,COUNT($AW11:$AZ11)=0,$CQ11>0),"CUSTOM LOC with no locations typed, ","")) | DK11: =IF($A11="","",IF(AND($CH11>0,AND($A11<>"",$C11<>"DOOR ONLY"),$X11="KD",$E11="EXTERIOR"),"KD label on an exterior opening, ","")&IF(AND($E11="EXTERIOR",OR(AND(AND($A11<>"",$C11<>"DOOR ONLY"),$W11="CR"),AND(N($BJ11)>0,$AH11="CR"))),"exterior in CR steel (G9?), ","")&IF(AND(ISNUMBER($BQ11),N($BQ11)<32),"clear width ~"&TEXT($BQ11,"0.0")&CHAR(34)&" under 32"&CHAR(34)&" (ADA), ","")&IF(AND($CH11=90,AND(OR($CE11="FG",$CE11="HG",$CE11="FNV",$CE11="FV"),N($CF11)*N($CG11)>100)),"90 min lite over 100 sq in (stair/exit), ","")&IF(AND($CH11>0,AND($A11<>"",$C11<>"DOOR ONLY"),OR($AF11="",$AF11="-")),"rated: closer reinf.?, ","")&IF(OR($I11="CORRIDOR",$I11="SMOKE BARRIER"),"S label + smoke gasketing, ","")&IF($CI11="?","wall type/hr not in IBC table, ","")&IF(AND(N($BJ11)>0,$BB11=""),"no hardware set, ","")&IF(AND($BB11<>"",ISNA(MATCH($BB11&"",HWSets,0))),"set "&$BB11&" not on HW Sets, ","")&IF(N($BL11)>96,"leaf over 8'-0"&CHAR(34)&" - check listing, ","")&IF(AND($CT11,COUNT($AW11:$AZ11)>0,COUNT($AW11:$AZ11)<>$CQ11),COUNT($AW11:$AZ11)&" custom hinges typed, "&$CQ11&" expected, ","")&IF(AND(ISNUMBER($CA11),OR(N($CA11)<34,N($CA11)>48)),"lock "&TEXT($CA11,"0.0")&CHAR(34)&" AFF outside 34-48"&CHAR(34)&" (ADA), ","")&IF(AND(ISNUMBER($AV11),ISNUMBER($BL11),N($AV11)<IF(N($BL11)<=60,2,IF(N($BL11)<=90,3,IF(N($BL11)<=120,4,5)))),"fewer hinges than standard, ",""))
A12: 107 | B12: 2 | C12: DOOR ONLY | D12: 2nd | E12: INTERIOR | F12: OFFICE | G12: TOILET | H12: NO LAB | I12: NON-RATED | K12: 2 | L12: 8 | M12: 7 | N12: 0 | Z12: RR | AC12: U453 | AH12: BIR-PC | AJ12: PC | AK12: RWB | AL12: FLUSH | AP12: G2 | AT12: ANSI/SDI | BB12: 1 | BD12: =IF($A12="","",IF($DJ12<>"","FIX",IF($DK12<>"","CHECK","OK"))) | BE12: =IF($A12="","",IF($DJ12<>"","FIX: "&LEFT($DJ12,LEN($DJ12)-2)&IF($DK12<>""," · ",""),"")&IF($DK12<>"","CHECK: "&LEFT($DK12,LEN($DK12)-2),"")) | BF12: =IF(OR($A12="",$K12=""),"",$K12&"'-"&N($L12)&CHAR(34)&" x "&$M12&"'-"&N($N12)&CHAR(34)) | BG12: =IF(OR($A12="",$K12=""),"",$K12&N($L12)&$M12&N($N12)) | BH12: =IF(OR($A12="",$K12=""),"",$K12*12+N($L12)) | BI12: =IF(OR($A12="",$M12=""),"",$M12*12+N($N12)) | BJ12: =IF($A12="","",IF(OR($C12="FRAME ONLY",$S12="BL"),0,IF($O12="Y",2,1))) | BK12: =IF(OR(N($BJ12)=0,$BH12=""),"",($BH12-2*EdgeClr-IF($BJ12=2,MeetClr,0))/$BJ12) | BL12: =IF(OR(N($BJ12)=0,$BI12=""),"",$BI12-HeadClr-Undercut) | BM12: =IF($BH12="","",$BH12+2*FaceW+IF(N($Q12)>0,($Q12+FaceW)*IF($R12="LR",2,1),0)) | BN12: =IF($BI12="","",$BI12+IF($AB12="Y",4,FaceW)+IF(N($P12)>0,$P12+FaceW,0)+IF(OR($S12="4F",$S12="BL"),FaceW,0)) | BO12: =IF($BM12="","",$BM12+2*ROSide) | BP12: =IF($BN12="","",$BN12+ROTop) | BQ12: =IF(OR(N($BJ12)=0,$BH12=""),"",$BH12/$BJ12-ClearDeduct) | BR12: =IF(N($CH12)=0,"",IF($CH12>=180,"A · 3 HR",IF($CH12>=90,"B · 1-1/2 HR",IF($CH12>=60,"B · 1 HR",IF($CH12>=45,"C · 3/4 HR","20 MIN")))))&IF(AND(N($CH12)>0,OR($I12="CORRIDOR",$I12="SMOKE BARRIER"))," · S","") | BS12: =IF($CS12,"",IF($AV12<>"",$AV12,IF(OR($AC12="HGC",$AO12="HGC"),"CONT",IF(($BI12-HeadClr-Undercut)<=60,2,IF(($BI12-HeadClr-Undercut)<=90,3,IF(($BI12-HeadClr-Undercut)<=120,4,5)))))) | BT12: =IF($CS12,"",IF($CT12,"CUSTOM (typed)",IF($CV12,$AT12&" "&$CU12&CHAR(34)&IF($CU12<>$BI12,IF(AND($BI12<$CU12,$BI12-IF(N(VLOOKUP($AT12&"|"&$CU12,LocTable,7,FALSE))>0,VLOOKUP($AT12&"|"&$CU12,LocTable,7,FALSE),VLOOKUP($AT12&"|"&$CU12,LocTable,6,FALSE))-$CR12-0.75>=2.125)," cut down"," adj."),""),"ANSI/SDI A250.6"))) | BU12: =IF($CS12,"",IF($CT12,IF(N($AW12)>0,N($AW12),""),IF(1>$CQ12,"",IF($CQ12=1,$CW12,$CW12+($CX12-$CW12)*0/($CQ12-1))))) | BV12: =IF($CS12,"",IF($CT12,IF(N($AX12)>0,N($AX12),""),IF(2>$CQ12,"",IF($CQ12=1,$CW12,$CW12+($CX12-$CW12)*1/($CQ12-1))))) | BW12: =IF($CS12,"",IF($CT12,IF(N($AY12)>0,N($AY12),""),IF(3>$CQ12,"",IF($CQ12=1,$CW12,$CW12+($CX12-$CW12)*2/($CQ12-1))))) | BX12: =IF($CS12,"",IF($CT12,IF(N($AZ12)>0,N($AZ12),""),IF(4>$CQ12,"",IF($CQ12=1,$CW12,$CW12+($CX12-$CW12)*3/($CQ12-1))))) | BY12: =IF($CS12,"",IF($CT12,"",IF(5>$CQ12,"",IF($CQ12=1,$CW12,$CW12+($CX12-$CW12)*4/($CQ12-1))))) | BZ12: =IF(OR($CS12,$AP12="-",AND($AP12="",$AD12="")),"",IF(N($BA12)>0,N($BA12),IF($CV12,IF(AND($BI12<$CU12,$BI12-IF(N(VLOOKUP($AT12&"|"&$CU12,LocTable,7,FALSE))>0,VLOOKUP($AT12&"|"&$CU12,LocTable,7,FALSE),VLOOKUP($AT12&"|"&$CU12,LocTable,6,FALSE))-$CR12-0.75>=2.125),VLOOKUP($AT12&"|"&$CU12,LocTable,8,FALSE),VLOOKUP($AT12&"|"&$CU12,LocTable,8,FALSE)+($BI12-$CU12)),$BI12-LockAFF))) | CA12: =IF($BZ12="","",$BI12-$BZ12) | CB12: =IF(OR(NOT(AND($A12<>"",$C12<>"DOOR ONLY")),$BI12=""),"",IF(($BI12+IF(N($P12)>0,$P12+FaceW,0))<=90,3,IF(($BI12+IF(N($P12)>0,$P12+FaceW,0))<=114,4,5))) | CC12: =IF($CB12="","",$CB12*(2+IF(N($Q12)>0,IF($R12="LR",2,1),0))) | CD12: =IF($CB12="","",(2+IF(N($Q12)>0,IF($R12="LR",2,1),0))) | CE12: =IF(N($BJ12)=0,"",IF(OR($AL12="",$AL12="FLUSH"),"FLUSH",IFERROR(LEFT($AL12,FIND("-",$AL12)-1),LEFT($AL12,2)))) | CF12: =IF($CE12="","",IFERROR(VALUE(MID($AL12,FIND("-",$AL12)+1,FIND(CHAR(34)&"x",$AL12)-FIND("-",$AL12)-1)),0)) | CG12: =IF($CE12="","",IFERROR(VALUE(MID($AL12,FIND(CHAR(34)&"x",$AL12)+2,FIND(CHAR(34),$AL12,FIND(CHAR(34)&"x",$AL12)+2)-FIND(CHAR(34)&"x",$AL12)-2)),0)) | CH12: =IF(OR($A12="",$H12="",$H12="NO LAB"),0,IFERROR(VALUE(LEFT($H12,FIND(" ",$H12)-1)),0)) | CI12: =IF(OR($A12="",$I12="",$I12="NON-RATED",N($J12)=0),"",IFERROR(VLOOKUP($I12&"|"&$J12,IBC,2,FALSE),"?")) | CJ12: =IF(NOT(AND($A12<>"",$C12<>"DOOR ONLY")),"",TRIM(IFERROR(VLOOKUP($U12,CODES,2,FALSE),"")&" "&$BG12&" "&IFERROR(VLOOKUP($Z12,CODES,2,FALSE),"")&" "&IFERROR(VLOOKUP($X12,CODES,2,FALSE),"")&" "&IFERROR(VLOOKUP($S12,CODES,2,FALSE),"")&IF(N($P12)>0," w/TRANSOM "&$P12&CHAR(34),"")&IF(N($Q12)>0," w/SIDELITE "&$Q12&CHAR(34)&" "&IF($R12="","R",$R12),"")&IF($Y12=""," | "," | "&IFERROR(VLOOKUP($Y12,CODES,2,FALSE),"")&" | ")&IFERROR(VLOOKUP($AC12,CODES,2,FALSE),"")&" "&IFERROR(VLOOKUP($AD12,CODES,2,FALSE),"")&IF(OR($AE12="",$AE12="-"),""," "&$AE12)&IF(OR($AF12="",$AF12="-"),""," "&$AF12)&IF($AB12="Y"," 4"&CHAR(34)&" HEAD","")&" "&IFERROR(VLOOKUP($H12,CODES,2,FALSE),"")&IF($CT12," | LOC "&$CY12,""))) | CK12: =IF(NOT(AND($A12<>"",N($BJ12)>0)),"",TRIM(IFERROR(VLOOKUP($AH12,CODES,2,FALSE),"")&IF($AI12=""," "," "&$AI12&"GA ")&$BG12&" "&IF($AN12="",IFERROR(VLOOKUP($Z12,CODES,2,FALSE),""),IFERROR(VLOOKUP($AN12,CODES,2,FALSE),""))&IF($BJ12=2," PAIR","")&" DOOR | "&IF($AL12="","?",$AL12)&" | "&IF($AO12="",IFERROR(VLOOKUP($AC12,CODES,2,FALSE),""),IFERROR(VLOOKUP($AO12,CODES,2,FALSE),""))&" "&IFERROR(VLOOKUP($AP12,CODES,2,FALSE),"")&IF(OR($AQ12="",$AQ12="-"),""," SEAM "&$AQ12)&IF($AR12="Y"," ASTRAGAL","")&IF($AJ12=""," "," "&$AJ12)&IF($AK12=""," "," "&$AK12)&IF(OR($AT12="",$AT12="ANSI/SDI",$AT12="CUSTOM LOC"),""," "&$AT12)&IF($AM12=""," "," SERIES "&$AM12)&" "&IFERROR(VLOOKUP($H12,CODES,2,FALSE),"")&IF($CT12," | LOC "&$CZ12,""))) | CL12: =IF(CP12="","",IF(COUNTIF($CP$6:CP12,CP12)=1,MAX($CL$5:CL11)+1,INDEX($CL$5:CL11,MATCH(CP12,$CP$5:CP11,0)))) | CM12: =IF(NOT(AND($A12<>"",$C12<>"DOOR ONLY")),"",MAX($CM$5:CM11)+1) | CN12: =IF(NOT(AND($A12<>"",N($BJ12)>0)),"",MAX($CN$5:CN11)+1) | CO12: =IF($A12="","",MAX($CO$5:CO11)+1) | CP12: =IF(OR($A12="",$BH12="",$BI12=""),"",$BG12&"|"&$O12&"|"&$AL12&"|"&$S12&"|"&$P12&"|"&$Q12&$R12&"|"&$C12&"|"&$AB12) | CQ12: =N($BS12) | CR12: =IF(N($AU12)>0,N($AU12),4.5) | CS12: =OR($A12="",$BI12="",$S12="BL",AND($C12="FRAME ONLY",OR($AC12="",$AC12="BLK"))) | CT12: =AND(NOT($CS12),OR($AT12="CUSTOM LOC",N($AW12)+N($AX12)+N($AY12)+N($AZ12)+N($BA12)>0)) | CU12: =IF($BI12="","",IF($BI12<=80,80,IF($BI12<=84,84,96))) | CV12: =ISNUMBER(MATCH($AT12&"|80",LocKeys,0)) | CW12: =IF($CS12,"",IF($CV12,VLOOKUP($AT12&"|"&$CU12,LocTable,4,FALSE),5)) | CX12: =IF($CS12,"",IF($CV12,IF(OR($BI12=$CU12,AND($BI12<$CU12,$BI12-IF(N(VLOOKUP($AT12&"|"&$CU12,LocTable,7,FALSE))>0,VLOOKUP($AT12&"|"&$CU12,LocTable,7,FALSE),VLOOKUP($AT12&"|"&$CU12,LocTable,6,FALSE))-$CR12-0.75>=2.125)),IF(N(VLOOKUP($AT12&"|"&$CU12,LocTable,7,FALSE))>0,VLOOKUP($AT12&"|"&$CU12,LocTable,7,FALSE),VLOOKUP($AT12&"|"&$CU12,LocTable,6,FALSE)),$BI12-($CU12-IF(N(VLOOKUP($AT12&"|"&$CU12,LocTable,7,FALSE))>0,VLOOKUP($AT12&"|"&$CU12,LocTable,7,FALSE),VLOOKUP($AT12&"|"&$CU12,LocTable,6,FALSE)))),$BI12-10-$CR12)) | CY12: =IF($CS12,"",TRIM(IF(ISNUMBER($BU12),"A "&TRIM(TEXT($BU12,"# ?/??"))&CHAR(34)&" ","")&IF(ISNUMBER($BV12),"B "&TRIM(TEXT($BV12,"# ?/??"))&CHAR(34)&" ","")&IF(ISNUMBER($BW12),"C "&TRIM(TEXT($BW12,"# ?/??"))&CHAR(34)&" ","")&IF(ISNUMBER($BX12),"D "&TRIM(TEXT($BX12,"# ?/??"))&CHAR(34)&" ","")&IF(ISNUMBER($BY12),"F "&TRIM(TEXT($BY12,"# ?/??"))&CHAR(34)&" ","")&IF(ISNUMBER($BZ12),"E "&TRIM(TEXT($BZ12,"# ?/??"))&CHAR(34)&" ",""))) | CZ12: =IF(OR($CS12,N($BJ12)=0),"",TRIM(IF(ISNUMBER($BU12),"A "&TRIM(TEXT($BU12-HeadClr,"# ?/??"))&CHAR(34)&" ","")&IF(ISNUMBER($BV12),"B "&TRIM(TEXT($BV12-HeadClr,"# ?/??"))&CHAR(34)&" ","")&IF(ISNUMBER($BW12),"C "&TRIM(TEXT($BW12-HeadClr,"# ?/??"))&CHAR(34)&" ","")&IF(ISNUMBER($BX12),"D "&TRIM(TEXT($BX12-HeadClr,"# ?/??"))&CHAR(34)&" ","")&IF(ISNUMBER($BY12),"F "&TRIM(TEXT($BY12-HeadClr,"# ?/??"))&CHAR(34)&" ","")&IF(ISNUMBER($BZ12),"E "&TRIM(TEXT($BZ12-HeadClr,"# ?/??"))&CHAR(34)&" ",""))) | DA12: =IF($A12="","",IF($AN12="",IFERROR(VLOOKUP($Z12,CODES,2,FALSE),""),IFERROR(VLOOKUP($AN12,CODES,2,FALSE),""))) | DB12: =IF($A12="","",IF($O12="Y","PR",IF(OR($Z12="L",$Z12="RR",LEFT($Z12,2)="L-",LEFT($Z12,3)="RR-"),"LH","RH"))) | DC12: =IF($A12="","","S.HM"&IF(OR($C12="DOOR ONLY",$X12<>"KD"),"MASONRY","DRYWALL")&IF($C12="DOOR ONLY","",$U12)&IF(AND($C12<>"FRAME ONLY",OR(LEFT($AH12,3)="OAK",LEFT($AH12,3)="BIR",LEFT($AH12,3)="MAP",$AH12="PC",$AH12="MC",$AH12="SCLC",$AH12="P-LAM")),"WD","HM")&"1.75") | DD12: =IF($CJ12="","",IF($O12="Y",$CJ12,SUBSTITUTE($CJ12,$BG12&" "&IFERROR(VLOOKUP($Z12,CODES,2,FALSE),"")&" ",$BG12&" "))) | DE12: =IF($CK12="","",IF($O12="Y",$CK12,SUBSTITUTE($CK12,$BG12&" "&IF($AN12="",IFERROR(VLOOKUP($Z12,CODES,2,FALSE),""),IFERROR(VLOOKUP($AN12,CODES,2,FALSE),""))&" ",$BG12&" "))) | DF12: =IF($CJ12="","",$DC12&"|"&$DD12&"|"&$DB12&"|"&$AT12&"|"&$V12&"|"&$Y12&"|"&$AB12) | DG12: =IF(DF12="","",IF(COUNTIF($DF$6:DF12,DF12)=1,MAX($DG$5:DG11)+1,INDEX($DG$5:DG11,MATCH(DF12,$DF$5:DF11,0)))) | DH12: =IF($CK12="","",$DC12&"|"&$DE12&"|"&$AI12&"|"&$BK12&"|"&$BL12) | DI12: =IF(DH12="","",IF(COUNTIF($DH$6:DH12,DH12)=1,MAX($DI$5:DI11)+1,INDEX($DI$5:DI11,MATCH(DH12,$DH$5:DH11,0)))) | DJ12: =IF($A12="","",IF($B12="","qty, ","")&IF($C12="","scope, ","")&IF(OR($K12="",$M12=""),"size, ","")&IF(AND($A12<>"",$C12<>"DOOR ONLY"),IF($U12="","jamb depth, ","")&IF($X12="","construction, ","")&IF($Y12="","anchor, ","")&IF($S12="","frame type, ",""),"")&IF(AND(N($BJ12)>0,$Z12=""),"hand, ","")&IF(N($BJ12)>0,IF($AH12="","door material, ","")&IF($AL12="","face type, ","")&IF($AP12="","lock prep, ","")&IF(AND($AO12="",$AC12=""),"hinge prep, ",""),"")&IF(AND($CH12>0,$AH12="FRP"),"FRP cannot carry a label, ","")&IF(AND($O12="Y",OR($Z12="L",$Z12="R",$Z12="LR",$Z12="RR")),"pair marked but hand is single, ","")&IF(AND($O12<>"Y",OR($Z12="PR",AND(LEN($Z12)>1,ISNUMBER(SEARCH("-",$Z12))))),"pair hand on a single door, ","")&IF(AND(ISNUMBER($CI12),$CH12<N($CI12)),"wall needs a "&$CI12&" min door, ","")&IF(AND($CH12>=180,AND(OR($CE12="FG",$CE12="HG",$CE12="FNV",$CE12="FV"),N($CF12)*N($CG12)>100)),"180 min lite over 100 sq in, ","")&IF(N($BK12)>48,"leaf wider than 4'-0"&CHAR(34)&", ","")&IF(AND($CT12,COUNT($AW12:$AZ12)=0,$CQ12>0),"CUSTOM LOC with no locations typed, ","")) | DK12: =IF($A12="","",IF(AND($CH12>0,AND($A12<>"",$C12<>"DOOR ONLY"),$X12="KD",$E12="EXTERIOR"),"KD label on an exterior opening, ","")&IF(AND($E12="EXTERIOR",OR(AND(AND($A12<>"",$C12<>"DOOR ONLY"),$W12="CR"),AND(N($BJ12)>0,$AH12="CR"))),"exterior in CR steel (G9?), ","")&IF(AND(ISNUMBER($BQ12),N($BQ12)<32),"clear width ~"&TEXT($BQ12,"0.0")&CHAR(34)&" under 32"&CHAR(34)&" (ADA), ","")&IF(AND($CH12=90,AND(OR($CE12="FG",$CE12="HG",$CE12="FNV",$CE12="FV"),N($CF12)*N($CG12)>100)),"90 min lite over 100 sq in (stair/exit), ","")&IF(AND($CH12>0,AND($A12<>"",$C12<>"DOOR ONLY"),OR($AF12="",$AF12="-")),"rated: closer reinf.?, ","")&IF(OR($I12="CORRIDOR",$I12="SMOKE BARRIER"),"S label + smoke gasketing, ","")&IF($CI12="?","wall type/hr not in IBC table, ","")&IF(AND(N($BJ12)>0,$BB12=""),"no hardware set, ","")&IF(AND($BB12<>"",ISNA(MATCH($BB12&"",HWSets,0))),"set "&$BB12&" not on HW Sets, ","")&IF(N($BL12)>96,"leaf over 8'-0"&CHAR(34)&" - check listing, ","")&IF(AND($CT12,COUNT($AW12:$AZ12)>0,COUNT($AW12:$AZ12)<>$CQ12),COUNT($AW12:$AZ12)&" custom hinges typed, "&$CQ12&" expected, ","")&IF(AND(ISNUMBER($CA12),OR(N($CA12)<34,N($CA12)>48)),"lock "&TEXT($CA12,"0.0")&CHAR(34)&" AFF outside 34-48"&CHAR(34)&" (ADA), ","")&IF(AND(ISNUMBER($AV12),ISNUMBER($BL12),N($AV12)<IF(N($BL12)<=60,2,IF(N($BL12)<=90,3,IF(N($BL12)<=120,4,5)))),"fewer hinges than standard, ",""))
A13: 108 | B13: 1 | C13: FRAME & DOOR | D13: 2nd | E13: INTERIOR | F13: CORRIDOR | G13: CONFERENCE | H13: 20 MIN | I13: CORRIDOR | J13: 1 | K13: 6 | L13: 0 | M13: 8 | N13: 0 | O13: Y | S13: 3F | T13: M | U13: 534 | V13: 16 | W13: CR | X13: KD | Y13: SC | Z13: LR-A | AA13: CU | AC13: U454 | AD13: E1 | AF13: E11 | AH13: MAP-MC | AJ13: MC | AK13: PWM | AL13: FG-22"x64" (WD) | AP13: G2 | AR13: Y | AT13: CURRIES | BB13: 2 | BD13: =IF($A13="","",IF($DJ13<>"","FIX",IF($DK13<>"","CHECK","OK"))) | BE13: =IF($A13="","",IF($DJ13<>"","FIX: "&LEFT($DJ13,LEN($DJ13)-2)&IF($DK13<>""," · ",""),"")&IF($DK13<>"","CHECK: "&LEFT($DK13,LEN($DK13)-2),"")) | BF13: =IF(OR($A13="",$K13=""),"",$K13&"'-"&N($L13)&CHAR(34)&" x "&$M13&"'-"&N($N13)&CHAR(34)) | BG13: =IF(OR($A13="",$K13=""),"",$K13&N($L13)&$M13&N($N13)) | BH13: =IF(OR($A13="",$K13=""),"",$K13*12+N($L13)) | BI13: =IF(OR($A13="",$M13=""),"",$M13*12+N($N13)) | BJ13: =IF($A13="","",IF(OR($C13="FRAME ONLY",$S13="BL"),0,IF($O13="Y",2,1))) | BK13: =IF(OR(N($BJ13)=0,$BH13=""),"",($BH13-2*EdgeClr-IF($BJ13=2,MeetClr,0))/$BJ13) | BL13: =IF(OR(N($BJ13)=0,$BI13=""),"",$BI13-HeadClr-Undercut) | BM13: =IF($BH13="","",$BH13+2*FaceW+IF(N($Q13)>0,($Q13+FaceW)*IF($R13="LR",2,1),0)) | BN13: =IF($BI13="","",$BI13+IF($AB13="Y",4,FaceW)+IF(N($P13)>0,$P13+FaceW,0)+IF(OR($S13="4F",$S13="BL"),FaceW,0)) | BO13: =IF($BM13="","",$BM13+2*ROSide) | BP13: =IF($BN13="","",$BN13+ROTop) | BQ13: =IF(OR(N($BJ13)=0,$BH13=""),"",$BH13/$BJ13-ClearDeduct) | BR13: =IF(N($CH13)=0,"",IF($CH13>=180,"A · 3 HR",IF($CH13>=90,"B · 1-1/2 HR",IF($CH13>=60,"B · 1 HR",IF($CH13>=45,"C · 3/4 HR","20 MIN")))))&IF(AND(N($CH13)>0,OR($I13="CORRIDOR",$I13="SMOKE BARRIER"))," · S","") | BS13: =IF($CS13,"",IF($AV13<>"",$AV13,IF(OR($AC13="HGC",$AO13="HGC"),"CONT",IF(($BI13-HeadClr-Undercut)<=60,2,IF(($BI13-HeadClr-Undercut)<=90,3,IF(($BI13-HeadClr-Undercut)<=120,4,5)))))) | BT13: =IF($CS13,"",IF($CT13,"CUSTOM (typed)",IF($CV13,$AT13&" "&$CU13&CHAR(34)&IF($CU13<>$BI13,IF(AND($BI13<$CU13,$BI13-IF(N(VLOOKUP($AT13&"|"&$CU13,LocTable,7,FALSE))>0,VLOOKUP($AT13&"|"&$CU13,LocTable,7,FALSE),VLOOKUP($AT13&"|"&$CU13,LocTable,6,FALSE))-$CR13-0.75>=2.125)," cut down"," adj."),""),"ANSI/SDI A250.6"))) | BU13: =IF($CS13,"",IF($CT13,IF(N($AW13)>0,N($AW13),""),IF(1>$CQ13,"",IF($CQ13=1,$CW13,$CW13+($CX13-$CW13)*0/($CQ13-1))))) | BV13: =IF($CS13,"",IF($CT13,IF(N($AX13)>0,N($AX13),""),IF(2>$CQ13,"",IF($CQ13=1,$CW13,$CW13+($CX13-$CW13)*1/($CQ13-1))))) | BW13: =IF($CS13,"",IF($CT13,IF(N($AY13)>0,N($AY13),""),IF(3>$CQ13,"",IF($CQ13=1,$CW13,$CW13+($CX13-$CW13)*2/($CQ13-1))))) | BX13: =IF($CS13,"",IF($CT13,IF(N($AZ13)>0,N($AZ13),""),IF(4>$CQ13,"",IF($CQ13=1,$CW13,$CW13+($CX13-$CW13)*3/($CQ13-1))))) | BY13: =IF($CS13,"",IF($CT13,"",IF(5>$CQ13,"",IF($CQ13=1,$CW13,$CW13+($CX13-$CW13)*4/($CQ13-1))))) | BZ13: =IF(OR($CS13,$AP13="-",AND($AP13="",$AD13="")),"",IF(N($BA13)>0,N($BA13),IF($CV13,IF(AND($BI13<$CU13,$BI13-IF(N(VLOOKUP($AT13&"|"&$CU13,LocTable,7,FALSE))>0,VLOOKUP($AT13&"|"&$CU13,LocTable,7,FALSE),VLOOKUP($AT13&"|"&$CU13,LocTable,6,FALSE))-$CR13-0.75>=2.125),VLOOKUP($AT13&"|"&$CU13,LocTable,8,FALSE),VLOOKUP($AT13&"|"&$CU13,LocTable,8,FALSE)+($BI13-$CU13)),$BI13-LockAFF))) | CA13: =IF($BZ13="","",$BI13-$BZ13) | CB13: =IF(OR(NOT(AND($A13<>"",$C13<>"DOOR ONLY")),$BI13=""),"",IF(($BI13+IF(N($P13)>0,$P13+FaceW,0))<=90,3,IF(($BI13+IF(N($P13)>0,$P13+FaceW,0))<=114,4,5))) | CC13: =IF($CB13="","",$CB13*(2+IF(N($Q13)>0,IF($R13="LR",2,1),0))) | CD13: =IF($CB13="","",(2+IF(N($Q13)>0,IF($R13="LR",2,1),0))) | CE13: =IF(N($BJ13)=0,"",IF(OR($AL13="",$AL13="FLUSH"),"FLUSH",IFERROR(LEFT($AL13,FIND("-",$AL13)-1),LEFT($AL13,2)))) | CF13: =IF($CE13="","",IFERROR(VALUE(MID($AL13,FIND("-",$AL13)+1,FIND(CHAR(34)&"x",$AL13)-FIND("-",$AL13)-1)),0)) | CG13: =IF($CE13="","",IFERROR(VALUE(MID($AL13,FIND(CHAR(34)&"x",$AL13)+2,FIND(CHAR(34),$AL13,FIND(CHAR(34)&"x",$AL13)+2)-FIND(CHAR(34)&"x",$AL13)-2)),0)) | CH13: =IF(OR($A13="",$H13="",$H13="NO LAB"),0,IFERROR(VALUE(LEFT($H13,FIND(" ",$H13)-1)),0)) | CI13: =IF(OR($A13="",$I13="",$I13="NON-RATED",N($J13)=0),"",IFERROR(VLOOKUP($I13&"|"&$J13,IBC,2,FALSE),"?")) | CJ13: =IF(NOT(AND($A13<>"",$C13<>"DOOR ONLY")),"",TRIM(IFERROR(VLOOKUP($U13,CODES,2,FALSE),"")&" "&$BG13&" "&IFERROR(VLOOKUP($Z13,CODES,2,FALSE),"")&" "&IFERROR(VLOOKUP($X13,CODES,2,FALSE),"")&" "&IFERROR(VLOOKUP($S13,CODES,2,FALSE),"")&IF(N($P13)>0," w/TRANSOM "&$P13&CHAR(34),"")&IF(N($Q13)>0," w/SIDELITE "&$Q13&CHAR(34)&" "&IF($R13="","R",$R13),"")&IF($Y13=""," | "," | "&IFERROR(VLOOKUP($Y13,CODES,2,FALSE),"")&" | ")&IFERROR(VLOOKUP($AC13,CODES,2,FALSE),"")&" "&IFERROR(VLOOKUP($AD13,CODES,2,FALSE),"")&IF(OR($AE13="",$AE13="-"),""," "&$AE13)&IF(OR($AF13="",$AF13="-"),""," "&$AF13)&IF($AB13="Y"," 4"&CHAR(34)&" HEAD","")&" "&IFERROR(VLOOKUP($H13,CODES,2,FALSE),"")&IF($CT13," | LOC "&$CY13,""))) | CK13: =IF(NOT(AND($A13<>"",N($BJ13)>0)),"",TRIM(IFERROR(VLOOKUP($AH13,CODES,2,FALSE),"")&IF($AI13=""," "," "&$AI13&"GA ")&$BG13&" "&IF($AN13="",IFERROR(VLOOKUP($Z13,CODES,2,FALSE),""),IFERROR(VLOOKUP($AN13,CODES,2,FALSE),""))&IF($BJ13=2," PAIR","")&" DOOR | "&IF($AL13="","?",$AL13)&" | "&IF($AO13="",IFERROR(VLOOKUP($AC13,CODES,2,FALSE),""),IFERROR(VLOOKUP($AO13,CODES,2,FALSE),""))&" "&IFERROR(VLOOKUP($AP13,CODES,2,FALSE),"")&IF(OR($AQ13="",$AQ13="-"),""," SEAM "&$AQ13)&IF($AR13="Y"," ASTRAGAL","")&IF($AJ13=""," "," "&$AJ13)&IF($AK13=""," "," "&$AK13)&IF(OR($AT13="",$AT13="ANSI/SDI",$AT13="CUSTOM LOC"),""," "&$AT13)&IF($AM13=""," "," SERIES "&$AM13)&" "&IFERROR(VLOOKUP($H13,CODES,2,FALSE),"")&IF($CT13," | LOC "&$CZ13,""))) | CL13: =IF(CP13="","",IF(COUNTIF($CP$6:CP13,CP13)=1,MAX($CL$5:CL12)+1,INDEX($CL$5:CL12,MATCH(CP13,$CP$5:CP12,0)))) | CM13: =IF(NOT(AND($A13<>"",$C13<>"DOOR ONLY")),"",MAX($CM$5:CM12)+1) | CN13: =IF(NOT(AND($A13<>"",N($BJ13)>0)),"",MAX($CN$5:CN12)+1) | CO13: =IF($A13="","",MAX($CO$5:CO12)+1) | CP13: =IF(OR($A13="",$BH13="",$BI13=""),"",$BG13&"|"&$O13&"|"&$AL13&"|"&$S13&"|"&$P13&"|"&$Q13&$R13&"|"&$C13&"|"&$AB13) | CQ13: =N($BS13) | CR13: =IF(N($AU13)>0,N($AU13),4.5) | CS13: =OR($A13="",$BI13="",$S13="BL",AND($C13="FRAME ONLY",OR($AC13="",$AC13="BLK"))) | CT13: =AND(NOT($CS13),OR($AT13="CUSTOM LOC",N($AW13)+N($AX13)+N($AY13)+N($AZ13)+N($BA13)>0)) | CU13: =IF($BI13="","",IF($BI13<=80,80,IF($BI13<=84,84,96))) | CV13: =ISNUMBER(MATCH($AT13&"|80",LocKeys,0)) | CW13: =IF($CS13,"",IF($CV13,VLOOKUP($AT13&"|"&$CU13,LocTable,4,FALSE),5)) | CX13: =IF($CS13,"",IF($CV13,IF(OR($BI13=$CU13,AND($BI13<$CU13,$BI13-IF(N(VLOOKUP($AT13&"|"&$CU13,LocTable,7,FALSE))>0,VLOOKUP($AT13&"|"&$CU13,LocTable,7,FALSE),VLOOKUP($AT13&"|"&$CU13,LocTable,6,FALSE))-$CR13-0.75>=2.125)),IF(N(VLOOKUP($AT13&"|"&$CU13,LocTable,7,FALSE))>0,VLOOKUP($AT13&"|"&$CU13,LocTable,7,FALSE),VLOOKUP($AT13&"|"&$CU13,LocTable,6,FALSE)),$BI13-($CU13-IF(N(VLOOKUP($AT13&"|"&$CU13,LocTable,7,FALSE))>0,VLOOKUP($AT13&"|"&$CU13,LocTable,7,FALSE),VLOOKUP($AT13&"|"&$CU13,LocTable,6,FALSE)))),$BI13-10-$CR13)) | CY13: =IF($CS13,"",TRIM(IF(ISNUMBER($BU13),"A "&TRIM(TEXT($BU13,"# ?/??"))&CHAR(34)&" ","")&IF(ISNUMBER($BV13),"B "&TRIM(TEXT($BV13,"# ?/??"))&CHAR(34)&" ","")&IF(ISNUMBER($BW13),"C "&TRIM(TEXT($BW13,"# ?/??"))&CHAR(34)&" ","")&IF(ISNUMBER($BX13),"D "&TRIM(TEXT($BX13,"# ?/??"))&CHAR(34)&" ","")&IF(ISNUMBER($BY13),"F "&TRIM(TEXT($BY13,"# ?/??"))&CHAR(34)&" ","")&IF(ISNUMBER($BZ13),"E "&TRIM(TEXT($BZ13,"# ?/??"))&CHAR(34)&" ",""))) | CZ13: =IF(OR($CS13,N($BJ13)=0),"",TRIM(IF(ISNUMBER($BU13),"A "&TRIM(TEXT($BU13-HeadClr,"# ?/??"))&CHAR(34)&" ","")&IF(ISNUMBER($BV13),"B "&TRIM(TEXT($BV13-HeadClr,"# ?/??"))&CHAR(34)&" ","")&IF(ISNUMBER($BW13),"C "&TRIM(TEXT($BW13-HeadClr,"# ?/??"))&CHAR(34)&" ","")&IF(ISNUMBER($BX13),"D "&TRIM(TEXT($BX13-HeadClr,"# ?/??"))&CHAR(34)&" ","")&IF(ISNUMBER($BY13),"F "&TRIM(TEXT($BY13-HeadClr,"# ?/??"))&CHAR(34)&" ","")&IF(ISNUMBER($BZ13),"E "&TRIM(TEXT($BZ13-HeadClr,"# ?/??"))&CHAR(34)&" ",""))) | DA13: =IF($A13="","",IF($AN13="",IFERROR(VLOOKUP($Z13,CODES,2,FALSE),""),IFERROR(VLOOKUP($AN13,CODES,2,FALSE),""))) | DB13: =IF($A13="","",IF($O13="Y","PR",IF(OR($Z13="L",$Z13="RR",LEFT($Z13,2)="L-",LEFT($Z13,3)="RR-"),"LH","RH"))) | DC13: =IF($A13="","","S.HM"&IF(OR($C13="DOOR ONLY",$X13<>"KD"),"MASONRY","DRYWALL")&IF($C13="DOOR ONLY","",$U13)&IF(AND($C13<>"FRAME ONLY",OR(LEFT($AH13,3)="OAK",LEFT($AH13,3)="BIR",LEFT($AH13,3)="MAP",$AH13="PC",$AH13="MC",$AH13="SCLC",$AH13="P-LAM")),"WD","HM")&"1.75") | DD13: =IF($CJ13="","",IF($O13="Y",$CJ13,SUBSTITUTE($CJ13,$BG13&" "&IFERROR(VLOOKUP($Z13,CODES,2,FALSE),"")&" ",$BG13&" "))) | DE13: =IF($CK13="","",IF($O13="Y",$CK13,SUBSTITUTE($CK13,$BG13&" "&IF($AN13="",IFERROR(VLOOKUP($Z13,CODES,2,FALSE),""),IFERROR(VLOOKUP($AN13,CODES,2,FALSE),""))&" ",$BG13&" "))) | DF13: =IF($CJ13="","",$DC13&"|"&$DD13&"|"&$DB13&"|"&$AT13&"|"&$V13&"|"&$Y13&"|"&$AB13) | DG13: =IF(DF13="","",IF(COUNTIF($DF$6:DF13,DF13)=1,MAX($DG$5:DG12)+1,INDEX($DG$5:DG12,MATCH(DF13,$DF$5:DF12,0)))) | DH13: =IF($CK13="","",$DC13&"|"&$DE13&"|"&$AI13&"|"&$BK13&"|"&$BL13) | DI13: =IF(DH13="","",IF(COUNTIF($DH$6:DH13,DH13)=1,MAX($DI$5:DI12)+1,INDEX($DI$5:DI12,MATCH(DH13,$DH$5:DH12,0)))) | DJ13: =IF($A13="","",IF($B13="","qty, ","")&IF($C13="","scope, ","")&IF(OR($K13="",$M13=""),"size, ","")&IF(AND($A13<>"",$C13<>"DOOR ONLY"),IF($U13="","jamb depth, ","")&IF($X13="","construction, ","")&IF($Y13="","anchor, ","")&IF($S13="","frame type, ",""),"")&IF(AND(N($BJ13)>0,$Z13=""),"hand, ","")&IF(N($BJ13)>0,IF($AH13="","door material, ","")&IF($AL13="","face type, ","")&IF($AP13="","lock prep, ","")&IF(AND($AO13="",$AC13=""),"hinge prep, ",""),"")&IF(AND($CH13>0,$AH13="FRP"),"FRP cannot carry a label, ","")&IF(AND($O13="Y",OR($Z13="L",$Z13="R",$Z13="LR",$Z13="RR")),"pair marked but hand is single, ","")&IF(AND($O13<>"Y",OR($Z13="PR",AND(LEN($Z13)>1,ISNUMBER(SEARCH("-",$Z13))))),"pair hand on a single door, ","")&IF(AND(ISNUMBER($CI13),$CH13<N($CI13)),"wall needs a "&$CI13&" min door, ","")&IF(AND($CH13>=180,AND(OR($CE13="FG",$CE13="HG",$CE13="FNV",$CE13="FV"),N($CF13)*N($CG13)>100)),"180 min lite over 100 sq in, ","")&IF(N($BK13)>48,"leaf wider than 4'-0"&CHAR(34)&", ","")&IF(AND($CT13,COUNT($AW13:$AZ13)=0,$CQ13>0),"CUSTOM LOC with no locations typed, ","")) | DK13: =IF($A13="","",IF(AND($CH13>0,AND($A13<>"",$C13<>"DOOR ONLY"),$X13="KD",$E13="EXTERIOR"),"KD label on an exterior opening, ","")&IF(AND($E13="EXTERIOR",OR(AND(AND($A13<>"",$C13<>"DOOR ONLY"),$W13="CR"),AND(N($BJ13)>0,$AH13="CR"))),"exterior in CR steel (G9?), ","")&IF(AND(ISNUMBER($BQ13),N($BQ13)<32),"clear width ~"&TEXT($BQ13,"0.0")&CHAR(34)&" under 32"&CHAR(34)&" (ADA), ","")&IF(AND($CH13=90,AND(OR($CE13="FG",$CE13="HG",$CE13="FNV",$CE13="FV"),N($CF13)*N($CG13)>100)),"90 min lite over 100 sq in (stair/exit), ","")&IF(AND($CH13>0,AND($A13<>"",$C13<>"DOOR ONLY"),OR($AF13="",$AF13="-")),"rated: closer reinf.?, ","")&IF(OR($I13="CORRIDOR",$I13="SMOKE BARRIER"),"S label + smoke gasketing, ","")&IF($CI13="?","wall type/hr not in IBC table, ","")&IF(AND(N($BJ13)>0,$BB13=""),"no hardware set, ","")&IF(AND($BB13<>"",ISNA(MATCH($BB13&"",HWSets,0))),"set "&$BB13&" not on HW Sets, ","")&IF(N($BL13)>96,"leaf over 8'-0"&CHAR(34)&" - check listing, ","")&IF(AND($CT13,COUNT($AW13:$AZ13)>0,COUNT($AW13:$AZ13)<>$CQ13),COUNT($AW13:$AZ13)&" custom hinges typed, "&$CQ13&" expected, ","")&IF(AND(ISNUMBER($CA13),OR(N($CA13)<34,N($CA13)>48)),"lock "&TEXT($CA13,"0.0")&CHAR(34)&" AFF outside 34-48"&CHAR(34)&" (ADA), ","")&IF(AND(ISNUMBER($AV13),ISNUMBER($BL13),N($AV13)<IF(N($BL13)<=60,2,IF(N($BL13)<=90,3,IF(N($BL13)<=120,4,5)))),"fewer hinges than standard, ",""))
BD14: =IF($A14="","",IF($DJ14<>"","FIX",IF($DK14<>"","CHECK","OK"))) | BE14: =IF($A14="","",IF($DJ14<>"","FIX: "&LEFT($DJ14,LEN($DJ14)-2)&IF($DK14<>""," · ",""),"")&IF($DK14<>"","CHECK: "&LEFT($DK14,LEN($DK14)-2),"")) | BF14: =IF(OR($A14="",$K14=""),"",$K14&"'-"&N($L14)&CHAR(34)&" x "&$M14&"'-"&N($N14)&CHAR(34)) | BG14: =IF(OR($A14="",$K14=""),"",$K14&N($L14)&$M14&N($N14)) | BH14: =IF(OR($A14="",$K14=""),"",$K14*12+N($L14)) | BI14: =IF(OR($A14="",$M14=""),"",$M14*12+N($N14)) | BJ14: =IF($A14="","",IF(OR($C14="FRAME ONLY",$S14="BL"),0,IF($O14="Y",2,1))) | BK14: =IF(OR(N($BJ14)=0,$BH14=""),"",($BH14-2*EdgeClr-IF($BJ14=2,MeetClr,0))/$BJ14) | BL14: =IF(OR(N($BJ14)=0,$BI14=""),"",$BI14-HeadClr-Undercut) | BM14: =IF($BH14="","",$BH14+2*FaceW+IF(N($Q14)>0,($Q14+FaceW)*IF($R14="LR",2,1),0)) | BN14: =IF($BI14="","",$BI14+IF($AB14="Y",4,FaceW)+IF(N($P14)>0,$P14+FaceW,0)+IF(OR($S14="4F",$S14="BL"),FaceW,0)) | BO14: =IF($BM14="","",$BM14+2*ROSide) | BP14: =IF($BN14="","",$BN14+ROTop) | BQ14: =IF(OR(N($BJ14)=0,$BH14=""),"",$BH14/$BJ14-ClearDeduct) | BR14: =IF(N($CH14)=0,"",IF($CH14>=180,"A · 3 HR",IF($CH14>=90,"B · 1-1/2 HR",IF($CH14>=60,"B · 1 HR",IF($CH14>=45,"C · 3/4 HR","20 MIN")))))&IF(AND(N($CH14)>0,OR($I14="CORRIDOR",$I14="SMOKE BARRIER"))," · S","") | BS14: =IF($CS14,"",IF($AV14<>"",$AV14,IF(OR($AC14="HGC",$AO14="HGC"),"CONT",IF(($BI14-HeadClr-Undercut)<=60,2,IF(($BI14-HeadClr-Undercut)<=90,3,IF(($BI14-HeadClr-Undercut)<=120,4,5)))))) | BT14: =IF($CS14,"",IF($CT14,"CUSTOM (typed)",IF($CV14,$AT14&" "&$CU14&CHAR(34)&IF($CU14<>$BI14,IF(AND($BI14<$CU14,$BI14-IF(N(VLOOKUP($AT14&"|"&$CU14,LocTable,7,FALSE))>0,VLOOKUP($AT14&"|"&$CU14,LocTable,7,FALSE),VLOOKUP($AT14&"|"&$CU14,LocTable,6,FALSE))-$CR14-0.75>=2.125)," cut down"," adj."),""),"ANSI/SDI A250.6"))) | BU14: =IF($CS14,"",IF($CT14,IF(N($AW14)>0,N($AW14),""),IF(1>$CQ14,"",IF($CQ14=1,$CW14,$CW14+($CX14-$CW14)*0/($CQ14-1))))) | BV14: =IF($CS14,"",IF($CT14,IF(N($AX14)>0,N($AX14),""),IF(2>$CQ14,"",IF($CQ14=1,$CW14,$CW14+($CX14-$CW14)*1/($CQ14-1))))) | BW14: =IF($CS14,"",IF($CT14,IF(N($AY14)>0,N($AY14),""),IF(3>$CQ14,"",IF($CQ14=1,$CW14,$CW14+($CX14-$CW14)*2/($CQ14-1))))) | BX14: =IF($CS14,"",IF($CT14,IF(N($AZ14)>0,N($AZ14),""),IF(4>$CQ14,"",IF($CQ14=1,$CW14,$CW14+($CX14-$CW14)*3/($CQ14-1))))) | BY14: =IF($CS14,"",IF($CT14,"",IF(5>$CQ14,"",IF($CQ14=1,$CW14,$CW14+($CX14-$CW14)*4/($CQ14-1))))) | BZ14: =IF(OR($CS14,$AP14="-",AND($AP14="",$AD14="")),"",IF(N($BA14)>0,N($BA14),IF($CV14,IF(AND($BI14<$CU14,$BI14-IF(N(VLOOKUP($AT14&"|"&$CU14,LocTable,7,FALSE))>0,VLOOKUP($AT14&"|"&$CU14,LocTable,7,FALSE),VLOOKUP($AT14&"|"&$CU14,LocTable,6,FALSE))-$CR14-0.75>=2.125),VLOOKUP($AT14&"|"&$CU14,LocTable,8,FALSE),VLOOKUP($AT14&"|"&$CU14,LocTable,8,FALSE)+($BI14-$CU14)),$BI14-LockAFF))) | CA14: =IF($BZ14="","",$BI14-$BZ14) | CB14: =IF(OR(NOT(AND($A14<>"",$C14<>"DOOR ONLY")),$BI14=""),"",IF(($BI14+IF(N($P14)>0,$P14+FaceW,0))<=90,3,IF(($BI14+IF(N($P14)>0,$P14+FaceW,0))<=114,4,5))) | CC14: =IF($CB14="","",$CB14*(2+IF(N($Q14)>0,IF($R14="LR",2,1),0))) | CD14: =IF($CB14="","",(2+IF(N($Q14)>0,IF($R14="LR",2,1),0))) | CE14: =IF(N($BJ14)=0,"",IF(OR($AL14="",$AL14="FLUSH"),"FLUSH",IFERROR(LEFT($AL14,FIND("-",$AL14)-1),LEFT($AL14,2)))) | CF14: =IF($CE14="","",IFERROR(VALUE(MID($AL14,FIND("-",$AL14)+1,FIND(CHAR(34)&"x",$AL14)-FIND("-",$AL14)-1)),0)) | CG14: =IF($CE14="","",IFERROR(VALUE(MID($AL14,FIND(CHAR(34)&"x",$AL14)+2,FIND(CHAR(34),$AL14,FIND(CHAR(34)&"x",$AL14)+2)-FIND(CHAR(34)&"x",$AL14)-2)),0)) | CH14: =IF(OR($A14="",$H14="",$H14="NO LAB"),0,IFERROR(VALUE(LEFT($H14,FIND(" ",$H14)-1)),0)) | CI14: =IF(OR($A14="",$I14="",$I14="NON-RATED",N($J14)=0),"",IFERROR(VLOOKUP($I14&"|"&$J14,IBC,2,FALSE),"?")) | CJ14: =IF(NOT(AND($A14<>"",$C14<>"DOOR ONLY")),"",TRIM(IFERROR(VLOOKUP($U14,CODES,2,FALSE),"")&" "&$BG14&" "&IFERROR(VLOOKUP($Z14,CODES,2,FALSE),"")&" "&IFERROR(VLOOKUP($X14,CODES,2,FALSE),"")&" "&IFERROR(VLOOKUP($S14,CODES,2,FALSE),"")&IF(N($P14)>0," w/TRANSOM "&$P14&CHAR(34),"")&IF(N($Q14)>0," w/SIDELITE "&$Q14&CHAR(34)&" "&IF($R14="","R",$R14),"")&IF($Y14=""," | "," | "&IFERROR(VLOOKUP($Y14,CODES,2,FALSE),"")&" | ")&IFERROR(VLOOKUP($AC14,CODES,2,FALSE),"")&" "&IFERROR(VLOOKUP($AD14,CODES,2,FALSE),"")&IF(OR($AE14="",$AE14="-"),""," "&$AE14)&IF(OR($AF14="",$AF14="-"),""," "&$AF14)&IF($AB14="Y"," 4"&CHAR(34)&" HEAD","")&" "&IFERROR(VLOOKUP($H14,CODES,2,FALSE),"")&IF($CT14," | LOC "&$CY14,""))) | CK14: =IF(NOT(AND($A14<>"",N($BJ14)>0)),"",TRIM(IFERROR(VLOOKUP($AH14,CODES,2,FALSE),"")&IF($AI14=""," "," "&$AI14&"GA ")&$BG14&" "&IF($AN14="",IFERROR(VLOOKUP($Z14,CODES,2,FALSE),""),IFERROR(VLOOKUP($AN14,CODES,2,FALSE),""))&IF($BJ14=2," PAIR","")&" DOOR | "&IF($AL14="","?",$AL14)&" | "&IF($AO14="",IFERROR(VLOOKUP($AC14,CODES,2,FALSE),""),IFERROR(VLOOKUP($AO14,CODES,2,FALSE),""))&" "&IFERROR(VLOOKUP($AP14,CODES,2,FALSE),"")&IF(OR($AQ14="",$AQ14="-"),""," SEAM "&$AQ14)&IF($AR14="Y"," ASTRAGAL","")&IF($AJ14=""," "," "&$AJ14)&IF($AK14=""," "," "&$AK14)&IF(OR($AT14="",$AT14="ANSI/SDI",$AT14="CUSTOM LOC"),""," "&$AT14)&IF($AM14=""," "," SERIES "&$AM14)&" "&IFERROR(VLOOKUP($H14,CODES,2,FALSE),"")&IF($CT14," | LOC "&$CZ14,""))) | CL14: =IF(CP14="","",IF(COUNTIF($CP$6:CP14,CP14)=1,MAX($CL$5:CL13)+1,INDEX($CL$5:CL13,MATCH(CP14,$CP$5:CP13,0)))) | CM14: =IF(NOT(AND($A14<>"",$C14<>"DOOR ONLY")),"",MAX($CM$5:CM13)+1) | CN14: =IF(NOT(AND($A14<>"",N($BJ14)>0)),"",MAX($CN$5:CN13)+1) | CO14: =IF($A14="","",MAX($CO$5:CO13)+1) | CP14: =IF(OR($A14="",$BH14="",$BI14=""),"",$BG14&"|"&$O14&"|"&$AL14&"|"&$S14&"|"&$P14&"|"&$Q14&$R14&"|"&$C14&"|"&$AB14) | CQ14: =N($BS14) | CR14: =IF(N($AU14)>0,N($AU14),4.5) | CS14: =OR($A14="",$BI14="",$S14="BL",AND($C14="FRAME ONLY",OR($AC14="",$AC14="BLK"))) | CT14: =AND(NOT($CS14),OR($AT14="CUSTOM LOC",N($AW14)+N($AX14)+N($AY14)+N($AZ14)+N($BA14)>0)) | CU14: =IF($BI14="","",IF($BI14<=80,80,IF($BI14<=84,84,96))) | CV14: =ISNUMBER(MATCH($AT14&"|80",LocKeys,0)) | CW14: =IF($CS14,"",IF($CV14,VLOOKUP($AT14&"|"&$CU14,LocTable,4,FALSE),5)) | CX14: =IF($CS14,"",IF($CV14,IF(OR($BI14=$CU14,AND($BI14<$CU14,$BI14-IF(N(VLOOKUP($AT14&"|"&$CU14,LocTable,7,FALSE))>0,VLOOKUP($AT14&"|"&$CU14,LocTable,7,FALSE),VLOOKUP($AT14&"|"&$CU14,LocTable,6,FALSE))-$CR14-0.75>=2.125)),IF(N(VLOOKUP($AT14&"|"&$CU14,LocTable,7,FALSE))>0,VLOOKUP($AT14&"|"&$CU14,LocTable,7,FALSE),VLOOKUP($AT14&"|"&$CU14,LocTable,6,FALSE)),$BI14-($CU14-IF(N(VLOOKUP($AT14&"|"&$CU14,LocTable,7,FALSE))>0,VLOOKUP($AT14&"|"&$CU14,LocTable,7,FALSE),VLOOKUP($AT14&"|"&$CU14,LocTable,6,FALSE)))),$BI14-10-$CR14)) | CY14: =IF($CS14,"",TRIM(IF(ISNUMBER($BU14),"A "&TRIM(TEXT($BU14,"# ?/??"))&CHAR(34)&" ","")&IF(ISNUMBER($BV14),"B "&TRIM(TEXT($BV14,"# ?/??"))&CHAR(34)&" ","")&IF(ISNUMBER($BW14),"C "&TRIM(TEXT($BW14,"# ?/??"))&CHAR(34)&" ","")&IF(ISNUMBER($BX14),"D "&TRIM(TEXT($BX14,"# ?/??"))&CHAR(34)&" ","")&IF(ISNUMBER($BY14),"F "&TRIM(TEXT($BY14,"# ?/??"))&CHAR(34)&" ","")&IF(ISNUMBER($BZ14),"E "&TRIM(TEXT($BZ14,"# ?/??"))&CHAR(34)&" ",""))) | CZ14: =IF(OR($CS14,N($BJ14)=0),"",TRIM(IF(ISNUMBER($BU14),"A "&TRIM(TEXT($BU14-HeadClr,"# ?/??"))&CHAR(34)&" ","")&IF(ISNUMBER($BV14),"B "&TRIM(TEXT($BV14-HeadClr,"# ?/??"))&CHAR(34)&" ","")&IF(ISNUMBER($BW14),"C "&TRIM(TEXT($BW14-HeadClr,"# ?/??"))&CHAR(34)&" ","")&IF(ISNUMBER($BX14),"D "&TRIM(TEXT($BX14-HeadClr,"# ?/??"))&CHAR(34)&" ","")&IF(ISNUMBER($BY14),"F "&TRIM(TEXT($BY14-HeadClr,"# ?/??"))&CHAR(34)&" ","")&IF(ISNUMBER($BZ14),"E "&TRIM(TEXT($BZ14-HeadClr,"# ?/??"))&CHAR(34)&" ",""))) | DA14: =IF($A14="","",IF($AN14="",IFERROR(VLOOKUP($Z14,CODES,2,FALSE),""),IFERROR(VLOOKUP($AN14,CODES,2,FALSE),""))) | DB14: =IF($A14="","",IF($O14="Y","PR",IF(OR($Z14="L",$Z14="RR",LEFT($Z14,2)="L-",LEFT($Z14,3)="RR-"),"LH","RH"))) | DC14: =IF($A14="","","S.HM"&IF(OR($C14="DOOR ONLY",$X14<>"KD"),"MASONRY","DRYWALL")&IF($C14="DOOR ONLY","",$U14)&IF(AND($C14<>"FRAME ONLY",OR(LEFT($AH14,3)="OAK",LEFT($AH14,3)="BIR",LEFT($AH14,3)="MAP",$AH14="PC",$AH14="MC",$AH14="SCLC",$AH14="P-LAM")),"WD","HM")&"1.75") | DD14: =IF($CJ14="","",IF($O14="Y",$CJ14,SUBSTITUTE($CJ14,$BG14&" "&IFERROR(VLOOKUP($Z14,CODES,2,FALSE),"")&" ",$BG14&" "))) | DE14: =IF($CK14="","",IF($O14="Y",$CK14,SUBSTITUTE($CK14,$BG14&" "&IF($AN14="",IFERROR(VLOOKUP($Z14,CODES,2,FALSE),""),IFERROR(VLOOKUP($AN14,CODES,2,FALSE),""))&" ",$BG14&" "))) | DF14: =IF($CJ14="","",$DC14&"|"&$DD14&"|"&$DB14&"|"&$AT14&"|"&$V14&"|"&$Y14&"|"&$AB14) | DG14: =IF(DF14="","",IF(COUNTIF($DF$6:DF14,DF14)=1,MAX($DG$5:DG13)+1,INDEX($DG$5:DG13,MATCH(DF14,$DF$5:DF13,0)))) | DH14: =IF($CK14="","",$DC14&"|"&$DE14&"|"&$AI14&"|"&$BK14&"|"&$BL14) | DI14: =IF(DH14="","",IF(COUNTIF($DH$6:DH14,DH14)=1,MAX($DI$5:DI13)+1,INDEX($DI$5:DI13,MATCH(DH14,$DH$5:DH13,0)))) | DJ14: =IF($A14="","",IF($B14="","qty, ","")&IF($C14="","scope, ","")&IF(OR($K14="",$M14=""),"size, ","")&IF(AND($A14<>"",$C14<>"DOOR ONLY"),IF($U14="","jamb depth, ","")&IF($X14="","construction, ","")&IF($Y14="","anchor, ","")&IF($S14="","frame type, ",""),"")&IF(AND(N($BJ14)>0,$Z14=""),"hand, ","")&IF(N($BJ14)>0,IF($AH14="","door material, ","")&IF($AL14="","face type, ","")&IF($AP14="","lock prep, ","")&IF(AND($AO14="",$AC14=""),"hinge prep, ",""),"")&IF(AND($CH14>0,$AH14="FRP"),"FRP cannot carry a label, ","")&IF(AND($O14="Y",OR($Z14="L",$Z14="R",$Z14="LR",$Z14="RR")),"pair marked but hand is single, ","")&IF(AND($O14<>"Y",OR($Z14="PR",AND(LEN($Z14)>1,ISNUMBER(SEARCH("-",$Z14))))),"pair hand on a single door, ","")&IF(AND(ISNUMBER($CI14),$CH14<N($CI14)),"wall needs a "&$CI14&" min door, ","")&IF(AND($CH14>=180,AND(OR($CE14="FG",$CE14="HG",$CE14="FNV",$CE14="FV"),N($CF14)*N($CG14)>100)),"180 min lite over 100 sq in, ","")&IF(N($BK14)>48,"leaf wider than 4'-0"&CHAR(34)&", ","")&IF(AND($CT14,COUNT($AW14:$AZ14)=0,$CQ14>0),"CUSTOM LOC with no locations typed, ","")) | DK14: =IF($A14="","",IF(AND($CH14>0,AND($A14<>"",$C14<>"DOOR ONLY"),$X14="KD",$E14="EXTERIOR"),"KD label on an exterior opening, ","")&IF(AND($E14="EXTERIOR",OR(AND(AND($A14<>"",$C14<>"DOOR ONLY"),$W14="CR"),AND(N($BJ14)>0,$AH14="CR"))),"exterior in CR steel (G9?), ","")&IF(AND(ISNUMBER($BQ14),N($BQ14)<32),"clear width ~"&TEXT($BQ14,"0.0")&CHAR(34)&" under 32"&CHAR(34)&" (ADA), ","")&IF(AND($CH14=90,AND(OR($CE14="FG",$CE14="HG",$CE14="FNV",$CE14="FV"),N($CF14)*N($CG14)>100)),"90 min lite over 100 sq in (stair/exit), ","")&IF(AND($CH14>0,AND($A14<>"",$C14<>"DOOR ONLY"),OR($AF14="",$AF14="-")),"rated: closer reinf.?, ","")&IF(OR($I14="CORRIDOR",$I14="SMOKE BARRIER"),"S label + smoke gasketing, ","")&IF($CI14="?","wall type/hr not in IBC table, ","")&IF(AND(N($BJ14)>0,$BB14=""),"no hardware set, ","")&IF(AND($BB14<>"",ISNA(MATCH($BB14&"",HWSets,0))),"set "&$BB14&" not on HW Sets, ","")&IF(N($BL14)>96,"leaf over 8'-0"&CHAR(34)&" - check listing, ","")&IF(AND($CT14,COUNT($AW14:$AZ14)>0,COUNT($AW14:$AZ14)<>$CQ14),COUNT($AW14:$AZ14)&" custom hinges typed, "&$CQ14&" expected, ","")&IF(AND(ISNUMBER($CA14),OR(N($CA14)<34,N($CA14)>48)),"lock "&TEXT($CA14,"0.0")&CHAR(34)&" AFF outside 34-48"&CHAR(34)&" (ADA), ","")&IF(AND(ISNUMBER($AV14),ISNUMBER($BL14),N($AV14)<IF(N($BL14)<=60,2,IF(N($BL14)<=90,3,IF(N($BL14)<=120,4,5)))),"fewer hinges than standard, ",""))
BD15: =IF($A15="","",IF($DJ15<>"","FIX",IF($DK15<>"","CHECK","OK"))) | BE15: =IF($A15="","",IF($DJ15<>"","FIX: "&LEFT($DJ15,LEN($DJ15)-2)&IF($DK15<>""," · ",""),"")&IF($DK15<>"","CHECK: "&LEFT($DK15,LEN($DK15)-2),"")) | BF15: =IF(OR($A15="",$K15=""),"",$K15&"'-"&N($L15)&CHAR(34)&" x "&$M15&"'-"&N($N15)&CHAR(34)) | BG15: =IF(OR($A15="",$K15=""),"",$K15&N($L15)&$M15&N($N15)) | BH15: =IF(OR($A15="",$K15=""),"",$K15*12+N($L15)) | BI15: =IF(OR($A15="",$M15=""),"",$M15*12+N($N15)) | BJ15: =IF($A15="","",IF(OR($C15="FRAME ONLY",$S15="BL"),0,IF($O15="Y",2,1))) | BK15: =IF(OR(N($BJ15)=0,$BH15=""),"",($BH15-2*EdgeClr-IF($BJ15=2,MeetClr,0))/$BJ15) | BL15: =IF(OR(N($BJ15)=0,$BI15=""),"",$BI15-HeadClr-Undercut) | BM15: =IF($BH15="","",$BH15+2*FaceW+IF(N($Q15)>0,($Q15+FaceW)*IF($R15="LR",2,1),0)) | BN15: =IF($BI15="","",$BI15+IF($AB15="Y",4,FaceW)+IF(N($P15)>0,$P15+FaceW,0)+IF(OR($S15="4F",$S15="BL"),FaceW,0)) | BO15: =IF($BM15="","",$BM15+2*ROSide) | BP15: =IF($BN15="","",$BN15+ROTop) | BQ15: =IF(OR(N($BJ15)=0,$BH15=""),"",$BH15/$BJ15-ClearDeduct) | BR15: =IF(N($CH15)=0,"",IF($CH15>=180,"A · 3 HR",IF($CH15>=90,"B · 1-1/2 HR",IF($CH15>=60,"B · 1 HR",IF($CH15>=45,"C · 3/4 HR","20 MIN")))))&IF(AND(N($CH15)>0,OR($I15="CORRIDOR",$I15="SMOKE BARRIER"))," · S","") | BS15: =IF($CS15,"",IF($AV15<>"",$AV15,IF(OR($AC15="HGC",$AO15="HGC"),"CONT",IF(($BI15-HeadClr-Undercut)<=60,2,IF(($BI15-HeadClr-Undercut)<=90,3,IF(($BI15-HeadClr-Undercut)<=120,4,5)))))) | BT15: =IF($CS15,"",IF($CT15,"CUSTOM (typed)",IF($CV15,$AT15&" "&$CU15&CHAR(34)&IF($CU15<>$BI15,IF(AND($BI15<$CU15,$BI15-IF(N(VLOOKUP($AT15&"|"&$CU15,LocTable,7,FALSE))>0,VLOOKUP($AT15&"|"&$CU15,LocTable,7,FALSE),VLOOKUP($AT15&"|"&$CU15,LocTable,6,FALSE))-$CR15-0.75>=2.125)," cut down"," adj."),""),"ANSI/SDI A250.6"))) | BU15: =IF($CS15,"",IF($CT15,IF(N($AW15)>0,N($AW15),""),IF(1>$CQ15,"",IF($CQ15=1,$CW15,$CW15+($CX15-$CW15)*0/($CQ15-1))))) | BV15: =IF($CS15,"",IF($CT15,IF(N($AX15)>0,N($AX15),""),IF(2>$CQ15,"",IF($CQ15=1,$CW15,$CW15+($CX15-$CW15)*1/($CQ15-1))))) | BW15: =IF($CS15,"",IF($CT15,IF(N($AY15)>0,N($AY15),""),IF(3>$CQ15,"",IF($CQ15=1,$CW15,$CW15+($CX15-$CW15)*2/($CQ15-1))))) | BX15: =IF($CS15,"",IF($CT15,IF(N($AZ15)>0,N($AZ15),""),IF(4>$CQ15,"",IF($CQ15=1,$CW15,$CW15+($CX15-$CW15)*3/($CQ15-1))))) | BY15: =IF($CS15,"",IF($CT15,"",IF(5>$CQ15,"",IF($CQ15=1,$CW15,$CW15+($CX15-$CW15)*4/($CQ15-1))))) | BZ15: =IF(OR($CS15,$AP15="-",AND($AP15="",$AD15="")),"",IF(N($BA15)>0,N($BA15),IF($CV15,IF(AND($BI15<$CU15,$BI15-IF(N(VLOOKUP($AT15&"|"&$CU15,LocTable,7,FALSE))>0,VLOOKUP($AT15&"|"&$CU15,LocTable,7,FALSE),VLOOKUP($AT15&"|"&$CU15,LocTable,6,FALSE))-$CR15-0.75>=2.125),VLOOKUP($AT15&"|"&$CU15,LocTable,8,FALSE),VLOOKUP($AT15&"|"&$CU15,LocTable,8,FALSE)+($BI15-$CU15)),$BI15-LockAFF))) | CA15: =IF($BZ15="","",$BI15-$BZ15) | CB15: =IF(OR(NOT(AND($A15<>"",$C15<>"DOOR ONLY")),$BI15=""),"",IF(($BI15+IF(N($P15)>0,$P15+FaceW,0))<=90,3,IF(($BI15+IF(N($P15)>0,$P15+FaceW,0))<=114,4,5))) | CC15: =IF($CB15="","",$CB15*(2+IF(N($Q15)>0,IF($R15="LR",2,1),0))) | CD15: =IF($CB15="","",(2+IF(N($Q15)>0,IF($R15="LR",2,1),0))) | CE15: =IF(N($BJ15)=0,"",IF(OR($AL15="",$AL15="FLUSH"),"FLUSH",IFERROR(LEFT($AL15,FIND("-",$AL15)-1),LEFT($AL15,2)))) | CF15: =IF($CE15="","",IFERROR(VALUE(MID($AL15,FIND("-",$AL15)+1,FIND(CHAR(34)&"x",$AL15)-FIND("-",$AL15)-1)),0)) | CG15: =IF($CE15="","",IFERROR(VALUE(MID($AL15,FIND(CHAR(34)&"x",$AL15)+2,FIND(CHAR(34),$AL15,FIND(CHAR(34)&"x",$AL15)+2)-FIND(CHAR(34)&"x",$AL15)-2)),0)) | CH15: =IF(OR($A15="",$H15="",$H15="NO LAB"),0,IFERROR(VALUE(LEFT($H15,FIND(" ",$H15)-1)),0)) | CI15: =IF(OR($A15="",$I15="",$I15="NON-RATED",N($J15)=0),"",IFERROR(VLOOKUP($I15&"|"&$J15,IBC,2,FALSE),"?")) | CJ15: =IF(NOT(AND($A15<>"",$C15<>"DOOR ONLY")),"",TRIM(IFERROR(VLOOKUP($U15,CODES,2,FALSE),"")&" "&$BG15&" "&IFERROR(VLOOKUP($Z15,CODES,2,FALSE),"")&" "&IFERROR(VLOOKUP($X15,CODES,2,FALSE),"")&" "&IFERROR(VLOOKUP($S15,CODES,2,FALSE),"")&IF(N($P15)>0," w/TRANSOM "&$P15&CHAR(34),"")&IF(N($Q15)>0," w/SIDELITE "&$Q15&CHAR(34)&" "&IF($R15="","R",$R15),"")&IF($Y15=""," | "," | "&IFERROR(VLOOKUP($Y15,CODES,2,FALSE),"")&" | ")&IFERROR(VLOOKUP($AC15,CODES,2,FALSE),"")&" "&IFERROR(VLOOKUP($AD15,CODES,2,FALSE),"")&IF(OR($AE15="",$AE15="-"),""," "&$AE15)&IF(OR($AF15="",$AF15="-"),""," "&$AF15)&IF($AB15="Y"," 4"&CHAR(34)&" HEAD","")&" "&IFERROR(VLOOKUP($H15,CODES,2,FALSE),"")&IF($CT15," | LOC "&$CY15,""))) | CK15: =IF(NOT(AND($A15<>"",N($BJ15)>0)),"",TRIM(IFERROR(VLOOKUP($AH15,CODES,2,FALSE),"")&IF($AI15=""," "," "&$AI15&"GA ")&$BG15&" "&IF($AN15="",IFERROR(VLOOKUP($Z15,CODES,2,FALSE),""),IFERROR(VLOOKUP($AN15,CODES,2,FALSE),""))&IF($BJ15=2," PAIR","")&" DOOR | "&IF($AL15="","?",$AL15)&" | "&IF($AO15="",IFERROR(VLOOKUP($AC15,CODES,2,FALSE),""),IFERROR(VLOOKUP($AO15,CODES,2,FALSE),""))&" "&IFERROR(VLOOKUP($AP15,CODES,2,FALSE),"")&IF(OR($AQ15="",$AQ15="-"),""," SEAM "&$AQ15)&IF($AR15="Y"," ASTRAGAL","")&IF($AJ15=""," "," "&$AJ15)&IF($AK15=""," "," "&$AK15)&IF(OR($AT15="",$AT15="ANSI/SDI",$AT15="CUSTOM LOC"),""," "&$AT15)&IF($AM15=""," "," SERIES "&$AM15)&" "&IFERROR(VLOOKUP($H15,CODES,2,FALSE),"")&IF($CT15," | LOC "&$CZ15,""))) | CL15: =IF(CP15="","",IF(COUNTIF($CP$6:CP15,CP15)=1,MAX($CL$5:CL14)+1,INDEX($CL$5:CL14,MATCH(CP15,$CP$5:CP14,0)))) | CM15: =IF(NOT(AND($A15<>"",$C15<>"DOOR ONLY")),"",MAX($CM$5:CM14)+1) | CN15: =IF(NOT(AND($A15<>"",N($BJ15)>0)),"",MAX($CN$5:CN14)+1) | CO15: =IF($A15="","",MAX($CO$5:CO14)+1) | CP15: =IF(OR($A15="",$BH15="",$BI15=""),"",$BG15&"|"&$O15&"|"&$AL15&"|"&$S15&"|"&$P15&"|"&$Q15&$R15&"|"&$C15&"|"&$AB15) | CQ15: =N($BS15) | CR15: =IF(N($AU15)>0,N($AU15),4.5) | CS15: =OR($A15="",$BI15="",$S15="BL",AND($C15="FRAME ONLY",OR($AC15="",$AC15="BLK"))) | CT15: =AND(NOT($CS15),OR($AT15="CUSTOM LOC",N($AW15)+N($AX15)+N($AY15)+N($AZ15)+N($BA15)>0)) | CU15: =IF($BI15="","",IF($BI15<=80,80,IF($BI15<=84,84,96))) | CV15: =ISNUMBER(MATCH($AT15&"|80",LocKeys,0)) | CW15: =IF($CS15,"",IF($CV15,VLOOKUP($AT15&"|"&$CU15,LocTable,4,FALSE),5)) | CX15: =IF($CS15,"",IF($CV15,IF(OR($BI15=$CU15,AND($BI15<$CU15,$BI15-IF(N(VLOOKUP($AT15&"|"&$CU15,LocTable,7,FALSE))>0,VLOOKUP($AT15&"|"&$CU15,LocTable,7,FALSE),VLOOKUP($AT15&"|"&$CU15,LocTable,6,FALSE))-$CR15-0.75>=2.125)),IF(N(VLOOKUP($AT15&"|"&$CU15,LocTable,7,FALSE))>0,VLOOKUP($AT15&"|"&$CU15,LocTable,7,FALSE),VLOOKUP($AT15&"|"&$CU15,LocTable,6,FALSE)),$BI15-($CU15-IF(N(VLOOKUP($AT15&"|"&$CU15,LocTable,7,FALSE))>0,VLOOKUP($AT15&"|"&$CU15,LocTable,7,FALSE),VLOOKUP($AT15&"|"&$CU15,LocTable,6,FALSE)))),$BI15-10-$CR15)) | CY15: =IF($CS15,"",TRIM(IF(ISNUMBER($BU15),"A "&TRIM(TEXT($BU15,"# ?/??"))&CHAR(34)&" ","")&IF(ISNUMBER($BV15),"B "&TRIM(TEXT($BV15,"# ?/??"))&CHAR(34)&" ","")&IF(ISNUMBER($BW15),"C "&TRIM(TEXT($BW15,"# ?/??"))&CHAR(34)&" ","")&IF(ISNUMBER($BX15),"D "&TRIM(TEXT($BX15,"# ?/??"))&CHAR(34)&" ","")&IF(ISNUMBER($BY15),"F "&TRIM(TEXT($BY15,"# ?/??"))&CHAR(34)&" ","")&IF(ISNUMBER($BZ15),"E "&TRIM(TEXT($BZ15,"# ?/??"))&CHAR(34)&" ",""))) | CZ15: =IF(OR($CS15,N($BJ15)=0),"",TRIM(IF(ISNUMBER($BU15),"A "&TRIM(TEXT($BU15-HeadClr,"# ?/??"))&CHAR(34)&" ","")&IF(ISNUMBER($BV15),"B "&TRIM(TEXT($BV15-HeadClr,"# ?/??"))&CHAR(34)&" ","")&IF(ISNUMBER($BW15),"C "&TRIM(TEXT($BW15-HeadClr,"# ?/??"))&CHAR(34)&" ","")&IF(ISNUMBER($BX15),"D "&TRIM(TEXT($BX15-HeadClr,"# ?/??"))&CHAR(34)&" ","")&IF(ISNUMBER($BY15),"F "&TRIM(TEXT($BY15-HeadClr,"# ?/??"))&CHAR(34)&" ","")&IF(ISNUMBER($BZ15),"E "&TRIM(TEXT($BZ15-HeadClr,"# ?/??"))&CHAR(34)&" ",""))) | DA15: =IF($A15="","",IF($AN15="",IFERROR(VLOOKUP($Z15,CODES,2,FALSE),""),IFERROR(VLOOKUP($AN15,CODES,2,FALSE),""))) | DB15: =IF($A15="","",IF($O15="Y","PR",IF(OR($Z15="L",$Z15="RR",LEFT($Z15,2)="L-",LEFT($Z15,3)="RR-"),"LH","RH"))) | DC15: =IF($A15="","","S.HM"&IF(OR($C15="DOOR ONLY",$X15<>"KD"),"MASONRY","DRYWALL")&IF($C15="DOOR ONLY","",$U15)&IF(AND($C15<>"FRAME ONLY",OR(LEFT($AH15,3)="OAK",LEFT($AH15,3)="BIR",LEFT($AH15,3)="MAP",$AH15="PC",$AH15="MC",$AH15="SCLC",$AH15="P-LAM")),"WD","HM")&"1.75") | DD15: =IF($CJ15="","",IF($O15="Y",$CJ15,SUBSTITUTE($CJ15,$BG15&" "&IFERROR(VLOOKUP($Z15,CODES,2,FALSE),"")&" ",$BG15&" "))) | DE15: =IF($CK15="","",IF($O15="Y",$CK15,SUBSTITUTE($CK15,$BG15&" "&IF($AN15="",IFERROR(VLOOKUP($Z15,CODES,2,FALSE),""),IFERROR(VLOOKUP($AN15,CODES,2,FALSE),""))&" ",$BG15&" "))) | DF15: =IF($CJ15="","",$DC15&"|"&$DD15&"|"&$DB15&"|"&$AT15&"|"&$V15&"|"&$Y15&"|"&$AB15) | DG15: =IF(DF15="","",IF(COUNTIF($DF$6:DF15,DF15)=1,MAX($DG$5:DG14)+1,INDEX($DG$5:DG14,MATCH(DF15,$DF$5:DF14,0)))) | DH15: =IF($CK15="","",$DC15&"|"&$DE15&"|"&$AI15&"|"&$BK15&"|"&$BL15) | DI15: =IF(DH15="","",IF(COUNTIF($DH$6:DH15,DH15)=1,MAX($DI$5:DI14)+1,INDEX($DI$5:DI14,MATCH(DH15,$DH$5:DH14,0)))) | DJ15: =IF($A15="","",IF($B15="","qty, ","")&IF($C15="","scope, ","")&IF(OR($K15="",$M15=""),"size, ","")&IF(AND($A15<>"",$C15<>"DOOR ONLY"),IF($U15="","jamb depth, ","")&IF($X15="","construction, ","")&IF($Y15="","anchor, ","")&IF($S15="","frame type, ",""),"")&IF(AND(N($BJ15)>0,$Z15=""),"hand, ","")&IF(N($BJ15)>0,IF($AH15="","door material, ","")&IF($AL15="","face type, ","")&IF($AP15="","lock prep, ","")&IF(AND($AO15="",$AC15=""),"hinge prep, ",""),"")&IF(AND($CH15>0,$AH15="FRP"),"FRP cannot carry a label, ","")&IF(AND($O15="Y",OR($Z15="L",$Z15="R",$Z15="LR",$Z15="RR")),"pair marked but hand is single, ","")&IF(AND($O15<>"Y",OR($Z15="PR",AND(LEN($Z15)>1,ISNUMBER(SEARCH("-",$Z15))))),"pair hand on a single door, ","")&IF(AND(ISNUMBER($CI15),$CH15<N($CI15)),"wall needs a "&$CI15&" min door, ","")&IF(AND($CH15>=180,AND(OR($CE15="FG",$CE15="HG",$CE15="FNV",$CE15="FV"),N($CF15)*N($CG15)>100)),"180 min lite over 100 sq in, ","")&IF(N($BK15)>48,"leaf wider than 4'-0"&CHAR(34)&", ","")&IF(AND($CT15,COUNT($AW15:$AZ15)=0,$CQ15>0),"CUSTOM LOC with no locations typed, ","")) | DK15: =IF($A15="","",IF(AND($CH15>0,AND($A15<>"",$C15<>"DOOR ONLY"),$X15="KD",$E15="EXTERIOR"),"KD label on an exterior opening, ","")&IF(AND($E15="EXTERIOR",OR(AND(AND($A15<>"",$C15<>"DOOR ONLY"),$W15="CR"),AND(N($BJ15)>0,$AH15="CR"))),"exterior in CR steel (G9?), ","")&IF(AND(ISNUMBER($BQ15),N($BQ15)<32),"clear width ~"&TEXT($BQ15,"0.0")&CHAR(34)&" under 32"&CHAR(34)&" (ADA), ","")&IF(AND($CH15=90,AND(OR($CE15="FG",$CE15="HG",$CE15="FNV",$CE15="FV"),N($CF15)*N($CG15)>100)),"90 min lite over 100 sq in (stair/exit), ","")&IF(AND($CH15>0,AND($A15<>"",$C15<>"DOOR ONLY"),OR($AF15="",$AF15="-")),"rated: closer reinf.?, ","")&IF(OR($I15="CORRIDOR",$I15="SMOKE BARRIER"),"S label + smoke gasketing, ","")&IF($CI15="?","wall type/hr not in IBC table, ","")&IF(AND(N($BJ15)>0,$BB15=""),"no hardware set, ","")&IF(AND($BB15<>"",ISNA(MATCH($BB15&"",HWSets,0))),"set "&$BB15&" not on HW Sets, ","")&IF(N($BL15)>96,"leaf over 8'-0"&CHAR(34)&" - check listing, ","")&IF(AND($CT15,COUNT($AW15:$AZ15)>0,COUNT($AW15:$AZ15)<>$CQ15),COUNT($AW15:$AZ15)&" custom hinges typed, "&$CQ15&" expected, ","")&IF(AND(ISNUMBER($CA15),OR(N($CA15)<34,N($CA15)>48)),"lock "&TEXT($CA15,"0.0")&CHAR(34)&" AFF outside 34-48"&CHAR(34)&" (ADA), ","")&IF(AND(ISNUMBER($AV15),ISNUMBER($BL15),N($AV15)<IF(N($BL15)<=60,2,IF(N($BL15)<=90,3,IF(N($BL15)<=120,4,5)))),"fewer hinges than standard, ",""))
BD16: =IF($A16="","",IF($DJ16<>"","FIX",IF($DK16<>"","CHECK","OK"))) | BE16: =IF($A16="","",IF($DJ16<>"","FIX: "&LEFT($DJ16,LEN($DJ16)-2)&IF($DK16<>""," · ",""),"")&IF($DK16<>"","CHECK: "&LEFT($DK16,LEN($DK16)-2),"")) | BF16: =IF(OR($A16="",$K16=""),"",$K16&"'-"&N($L16)&CHAR(34)&" x "&$M16&"'-"&N($N16)&CHAR(34)) | BG16: =IF(OR($A16="",$K16=""),"",$K16&N($L16)&$M16&N($N16)) | BH16: =IF(OR($A16="",$K16=""),"",$K16*12+N($L16)) | BI16: =IF(OR($A16="",$M16=""),"",$M16*12+N($N16)) | BJ16: =IF($A16="","",IF(OR($C16="FRAME ONLY",$S16="BL"),0,IF($O16="Y",2,1))) | BK16: =IF(OR(N($BJ16)=0,$BH16=""),"",($BH16-2*EdgeClr-IF($BJ16=2,MeetClr,0))/$BJ16) | BL16: =IF(OR(N($BJ16)=0,$BI16=""),"",$BI16-HeadClr-Undercut) | BM16: =IF($BH16="","",$BH16+2*FaceW+IF(N($Q16)>0,($Q16+FaceW)*IF($R16="LR",2,1),0)) | BN16: =IF($BI16="","",$BI16+IF($AB16="Y",4,FaceW)+IF(N($P16)>0,$P16+FaceW,0)+IF(OR($S16="4F",$S16="BL"),FaceW,0)) | BO16: =IF($BM16="","",$BM16+2*ROSide) | BP16: =IF($BN16="","",$BN16+ROTop) | BQ16: =IF(OR(N($BJ16)=0,$BH16=""),"",$BH16/$BJ16-ClearDeduct) | BR16: =IF(N($CH16)=0,"",IF($CH16>=180,"A · 3 HR",IF($CH16>=90,"B · 1-1/2 HR",IF($CH16>=60,"B · 1 HR",IF($CH16>=45,"C · 3/4 HR","20 MIN")))))&IF(AND(N($CH16)>0,OR($I16="CORRIDOR",$I16="SMOKE BARRIER"))," · S","") | BS16: =IF($CS16,"",IF($AV16<>"",$AV16,IF(OR($AC16="HGC",$AO16="HGC"),"CONT",IF(($BI16-HeadClr-Undercut)<=60,2,IF(($BI16-HeadClr-Undercut)<=90,3,IF(($BI16-HeadClr-Undercut)<=120,4,5)))))) | BT16: =IF($CS16,"",IF($CT16,"CUSTOM (typed)",IF($CV16,$AT16&" "&$CU16&CHAR(34)&IF($CU16<>$BI16,IF(AND($BI16<$CU16,$BI16-IF(N(VLOOKUP($AT16&"|"&$CU16,LocTable,7,FALSE))>0,VLOOKUP($AT16&"|"&$CU16,LocTable,7,FALSE),VLOOKUP($AT16&"|"&$CU16,LocTable,6,FALSE))-$CR16-0.75>=2.125)," cut down"," adj."),""),"ANSI/SDI A250.6"))) | BU16: =IF($CS16,"",IF($CT16,IF(N($AW16)>0,N($AW16),""),IF(1>$CQ16,"",IF($CQ16=1,$CW16,$CW16+($CX16-$CW16)*0/($CQ16-1))))) | BV16: =IF($CS16,"",IF($CT16,IF(N($AX16)>0,N($AX16),""),IF(2>$CQ16,"",IF($CQ16=1,$CW16,$CW16+($CX16-$CW16)*1/($CQ16-1))))) | BW16: =IF($CS16,"",IF($CT16,IF(N($AY16)>0,N($AY16),""),IF(3>$CQ16,"",IF($CQ16=1,$CW16,$CW16+($CX16-$CW16)*2/($CQ16-1))))) | BX16: =IF($CS16,"",IF($CT16,IF(N($AZ16)>0,N($AZ16),""),IF(4>$CQ16,"",IF($CQ16=1,$CW16,$CW16+($CX16-$CW16)*3/($CQ16-1))))) | BY16: =IF($CS16,"",IF($CT16,"",IF(5>$CQ16,"",IF($CQ16=1,$CW16,$CW16+($CX16-$CW16)*4/($CQ16-1))))) | BZ16: =IF(OR($CS16,$AP16="-",AND($AP16="",$AD16="")),"",IF(N($BA16)>0,N($BA16),IF($CV16,IF(AND($BI16<$CU16,$BI16-IF(N(VLOOKUP($AT16&"|"&$CU16,LocTable,7,FALSE))>0,VLOOKUP($AT16&"|"&$CU16,LocTable,7,FALSE),VLOOKUP($AT16&"|"&$CU16,LocTable,6,FALSE))-$CR16-0.75>=2.125),VLOOKUP($AT16&"|"&$CU16,LocTable,8,FALSE),VLOOKUP($AT16&"|"&$CU16,LocTable,8,FALSE)+($BI16-$CU16)),$BI16-LockAFF))) | CA16: =IF($BZ16="","",$BI16-$BZ16) | CB16: =IF(OR(NOT(AND($A16<>"",$C16<>"DOOR ONLY")),$BI16=""),"",IF(($BI16+IF(N($P16)>0,$P16+FaceW,0))<=90,3,IF(($BI16+IF(N($P16)>0,$P16+FaceW,0))<=114,4,5))) | CC16: =IF($CB16="","",$CB16*(2+IF(N($Q16)>0,IF($R16="LR",2,1),0))) | CD16: =IF($CB16="","",(2+IF(N($Q16)>0,IF($R16="LR",2,1),0))) | CE16: =IF(N($BJ16)=0,"",IF(OR($AL16="",$AL16="FLUSH"),"FLUSH",IFERROR(LEFT($AL16,FIND("-",$AL16)-1),LEFT($AL16,2)))) | CF16: =IF($CE16="","",IFERROR(VALUE(MID($AL16,FIND("-",$AL16)+1,FIND(CHAR(34)&"x",$AL16)-FIND("-",$AL16)-1)),0)) | CG16: =IF($CE16="","",IFERROR(VALUE(MID($AL16,FIND(CHAR(34)&"x",$AL16)+2,FIND(CHAR(34),$AL16,FIND(CHAR(34)&"x",$AL16)+2)-FIND(CHAR(34)&"x",$AL16)-2)),0)) | CH16: =IF(OR($A16="",$H16="",$H16="NO LAB"),0,IFERROR(VALUE(LEFT($H16,FIND(" ",$H16)-1)),0)) | CI16: =IF(OR($A16="",$I16="",$I16="NON-RATED",N($J16)=0),"",IFERROR(VLOOKUP($I16&"|"&$J16,IBC,2,FALSE),"?")) | CJ16: =IF(NOT(AND($A16<>"",$C16<>"DOOR ONLY")),"",TRIM(IFERROR(VLOOKUP($U16,CODES,2,FALSE),"")&" "&$BG16&" "&IFERROR(VLOOKUP($Z16,CODES,2,FALSE),"")&" "&IFERROR(VLOOKUP($X16,CODES,2,FALSE),"")&" "&IFERROR(VLOOKUP($S16,CODES,2,FALSE),"")&IF(N($P16)>0," w/TRANSOM "&$P16&CHAR(34),"")&IF(N($Q16)>0," w/SIDELITE "&$Q16&CHAR(34)&" "&IF($R16="","R",$R16),"")&IF($Y16=""," | "," | "&IFERROR(VLOOKUP($Y16,CODES,2,FALSE),"")&" | ")&IFERROR(VLOOKUP($AC16,CODES,2,FALSE),"")&" "&IFERROR(VLOOKUP($AD16,CODES,2,FALSE),"")&IF(OR($AE16="",$AE16="-"),""," "&$AE16)&IF(OR($AF16="",$AF16="-"),""," "&$AF16)&IF($AB16="Y"," 4"&CHAR(34)&" HEAD","")&" "&IFERROR(VLOOKUP($H16,CODES,2,FALSE),"")&IF($CT16," | LOC "&$CY16,""))) | CK16: =IF(NOT(AND($A16<>"",N($BJ16)>0)),"",TRIM(IFERROR(VLOOKUP($AH16,CODES,2,FALSE),"")&IF($AI16=""," "," "&$AI16&"GA ")&$BG16&" "&IF($AN16="",IFERROR(VLOOKUP($Z16,CODES,2,FALSE),""),IFERROR(VLOOKUP($AN16,CODES,2,FALSE),""))&IF($BJ16=2," PAIR","")&" DOOR | "&IF($AL16="","?",$AL16)&" | "&IF($AO16="",IFERROR(VLOOKUP($AC16,CODES,2,FALSE),""),IFERROR(VLOOKUP($AO16,CODES,2,FALSE),""))&" "&IFERROR(VLOOKUP($AP16,CODES,2,FALSE),"")&IF(OR($AQ16="",$AQ16="-"),""," SEAM "&$AQ16)&IF($AR16="Y"," ASTRAGAL","")&IF($AJ16=""," "," "&$AJ16)&IF($AK16=""," "," "&$AK16)&IF(OR($AT16="",$AT16="ANSI/SDI",$AT16="CUSTOM LOC"),""," "&$AT16)&IF($AM16=""," "," SERIES "&$AM16)&" "&IFERROR(VLOOKUP($H16,CODES,2,FALSE),"")&IF($CT16," | LOC "&$CZ16,""))) | CL16: =IF(CP16="","",IF(COUNTIF($CP$6:CP16,CP16)=1,MAX($CL$5:CL15)+1,INDEX($CL$5:CL15,MATCH(CP16,$CP$5:CP15,0)))) | CM16: =IF(NOT(AND($A16<>"",$C16<>"DOOR ONLY")),"",MAX($CM$5:CM15)+1) | CN16: =IF(NOT(AND($A16<>"",N($BJ16)>0)),"",MAX($CN$5:CN15)+1) | CO16: =IF($A16="","",MAX($CO$5:CO15)+1) | CP16: =IF(OR($A16="",$BH16="",$BI16=""),"",$BG16&"|"&$O16&"|"&$AL16&"|"&$S16&"|"&$P16&"|"&$Q16&$R16&"|"&$C16&"|"&$AB16) | CQ16: =N($BS16) | CR16: =IF(N($AU16)>0,N($AU16),4.5) | CS16: =OR($A16="",$BI16="",$S16="BL",AND($C16="FRAME ONLY",OR($AC16="",$AC16="BLK"))) | CT16: =AND(NOT($CS16),OR($AT16="CUSTOM LOC",N($AW16)+N($AX16)+N($AY16)+N($AZ16)+N($BA16)>0)) | CU16: =IF($BI16="","",IF($BI16<=80,80,IF($BI16<=84,84,96))) | CV16: =ISNUMBER(MATCH($AT16&"|80",LocKeys,0)) | CW16: =IF($CS16,"",IF($CV16,VLOOKUP($AT16&"|"&$CU16,LocTable,4,FALSE),5)) | CX16: =IF($CS16,"",IF($CV16,IF(OR($BI16=$CU16,AND($BI16<$CU16,$BI16-IF(N(VLOOKUP($AT16&"|"&$CU16,LocTable,7,FALSE))>0,VLOOKUP($AT16&"|"&$CU16,LocTable,7,FALSE),VLOOKUP($AT16&"|"&$CU16,LocTable,6,FALSE))-$CR16-0.75>=2.125)),IF(N(VLOOKUP($AT16&"|"&$CU16,LocTable,7,FALSE))>0,VLOOKUP($AT16&"|"&$CU16,LocTable,7,FALSE),VLOOKUP($AT16&"|"&$CU16,LocTable,6,FALSE)),$BI16-($CU16-IF(N(VLOOKUP($AT16&"|"&$CU16,LocTable,7,FALSE))>0,VLOOKUP($AT16&"|"&$CU16,LocTable,7,FALSE),VLOOKUP($AT16&"|"&$CU16,LocTable,6,FALSE)))),$BI16-10-$CR16)) | CY16: =IF($CS16,"",TRIM(IF(ISNUMBER($BU16),"A "&TRIM(TEXT($BU16,"# ?/??"))&CHAR(34)&" ","")&IF(ISNUMBER($BV16),"B "&TRIM(TEXT($BV16,"# ?/??"))&CHAR(34)&" ","")&IF(ISNUMBER($BW16),"C "&TRIM(TEXT($BW16,"# ?/??"))&CHAR(34)&" ","")&IF(ISNUMBER($BX16),"D "&TRIM(TEXT($BX16,"# ?/??"))&CHAR(34)&" ","")&IF(ISNUMBER($BY16),"F "&TRIM(TEXT($BY16,"# ?/??"))&CHAR(34)&" ","")&IF(ISNUMBER($BZ16),"E "&TRIM(TEXT($BZ16,"# ?/??"))&CHAR(34)&" ",""))) | CZ16: =IF(OR($CS16,N($BJ16)=0),"",TRIM(IF(ISNUMBER($BU16),"A "&TRIM(TEXT($BU16-HeadClr,"# ?/??"))&CHAR(34)&" ","")&IF(ISNUMBER($BV16),"B "&TRIM(TEXT($BV16-HeadClr,"# ?/??"))&CHAR(34)&" ","")&IF(ISNUMBER($BW16),"C "&TRIM(TEXT($BW16-HeadClr,"# ?/??"))&CHAR(34)&" ","")&IF(ISNUMBER($BX16),"D "&TRIM(TEXT($BX16-HeadClr,"# ?/??"))&CHAR(34)&" ","")&IF(ISNUMBER($BY16),"F "&TRIM(TEXT($BY16-HeadClr,"# ?/??"))&CHAR(34)&" ","")&IF(ISNUMBER($BZ16),"E "&TRIM(TEXT($BZ16-HeadClr,"# ?/??"))&CHAR(34)&" ",""))) | DA16: =IF($A16="","",IF($AN16="",IFERROR(VLOOKUP($Z16,CODES,2,FALSE),""),IFERROR(VLOOKUP($AN16,CODES,2,FALSE),""))) | DB16: =IF($A16="","",IF($O16="Y","PR",IF(OR($Z16="L",$Z16="RR",LEFT($Z16,2)="L-",LEFT($Z16,3)="RR-"),"LH","RH"))) | DC16: =IF($A16="","","S.HM"&IF(OR($C16="DOOR ONLY",$X16<>"KD"),"MASONRY","DRYWALL")&IF($C16="DOOR ONLY","",$U16)&IF(AND($C16<>"FRAME ONLY",OR(LEFT($AH16,3)="OAK",LEFT($AH16,3)="BIR",LEFT($AH16,3)="MAP",$AH16="PC",$AH16="MC",$AH16="SCLC",$AH16="P-LAM")),"WD","HM")&"1.75") | DD16: =IF($CJ16="","",IF($O16="Y",$CJ16,SUBSTITUTE($CJ16,$BG16&" "&IFERROR(VLOOKUP($Z16,CODES,2,FALSE),"")&" ",$BG16&" "))) | DE16: =IF($CK16="","",IF($O16="Y",$CK16,SUBSTITUTE($CK16,$BG16&" "&IF($AN16="",IFERROR(VLOOKUP($Z16,CODES,2,FALSE),""),IFERROR(VLOOKUP($AN16,CODES,2,FALSE),""))&" ",$BG16&" "))) | DF16: =IF($CJ16="","",$DC16&"|"&$DD16&"|"&$DB16&"|"&$AT16&"|"&$V16&"|"&$Y16&"|"&$AB16) | DG16: =IF(DF16="","",IF(COUNTIF($DF$6:DF16,DF16)=1,MAX($DG$5:DG15)+1,INDEX($DG$5:DG15,MATCH(DF16,$DF$5:DF15,0)))) | DH16: =IF($CK16="","",$DC16&"|"&$DE16&"|"&$AI16&"|"&$BK16&"|"&$BL16) | DI16: =IF(DH16="","",IF(COUNTIF($DH$6:DH16,DH16)=1,MAX($DI$5:DI15)+1,INDEX($DI$5:DI15,MATCH(DH16,$DH$5:DH15,0)))) | DJ16: =IF($A16="","",IF($B16="","qty, ","")&IF($C16="","scope, ","")&IF(OR($K16="",$M16=""),"size, ","")&IF(AND($A16<>"",$C16<>"DOOR ONLY"),IF($U16="","jamb depth, ","")&IF($X16="","construction, ","")&IF($Y16="","anchor, ","")&IF($S16="","frame type, ",""),"")&IF(AND(N($BJ16)>0,$Z16=""),"hand, ","")&IF(N($BJ16)>0,IF($AH16="","door material, ","")&IF($AL16="","face type, ","")&IF($AP16="","lock prep, ","")&IF(AND($AO16="",$AC16=""),"hinge prep, ",""),"")&IF(AND($CH16>0,$AH16="FRP"),"FRP cannot carry a label, ","")&IF(AND($O16="Y",OR($Z16="L",$Z16="R",$Z16="LR",$Z16="RR")),"pair marked but hand is single, ","")&IF(AND($O16<>"Y",OR($Z16="PR",AND(LEN($Z16)>1,ISNUMBER(SEARCH("-",$Z16))))),"pair hand on a single door, ","")&IF(AND(ISNUMBER($CI16),$CH16<N($CI16)),"wall needs a "&$CI16&" min door, ","")&IF(AND($CH16>=180,AND(OR($CE16="FG",$CE16="HG",$CE16="FNV",$CE16="FV"),N($CF16)*N($CG16)>100)),"180 min lite over 100 sq in, ","")&IF(N($BK16)>48,"leaf wider than 4'-0"&CHAR(34)&", ","")&IF(AND($CT16,COUNT($AW16:$AZ16)=0,$CQ16>0),"CUSTOM LOC with no locations typed, ","")) | DK16: =IF($A16="","",IF(AND($CH16>0,AND($A16<>"",$C16<>"DOOR ONLY"),$X16="KD",$E16="EXTERIOR"),"KD label on an exterior opening, ","")&IF(AND($E16="EXTERIOR",OR(AND(AND($A16<>"",$C16<>"DOOR ONLY"),$W16="CR"),AND(N($BJ16)>0,$AH16="CR"))),"exterior in CR steel (G9?), ","")&IF(AND(ISNUMBER($BQ16),N($BQ16)<32),"clear width ~"&TEXT($BQ16,"0.0")&CHAR(34)&" under 32"&CHAR(34)&" (ADA), ","")&IF(AND($CH16=90,AND(OR($CE16="FG",$CE16="HG",$CE16="FNV",$CE16="FV"),N($CF16)*N($CG16)>100)),"90 min lite over 100 sq in (stair/exit), ","")&IF(AND($CH16>0,AND($A16<>"",$C16<>"DOOR ONLY"),OR($AF16="",$AF16="-")),"rated: closer reinf.?, ","")&IF(OR($I16="CORRIDOR",$I16="SMOKE BARRIER"),"S label + smoke gasketing, ","")&IF($CI16="?","wall type/hr not in IBC table, ","")&IF(AND(N($BJ16)>0,$BB16=""),"no hardware set, ","")&IF(AND($BB16<>"",ISNA(MATCH($BB16&"",HWSets,0))),"set "&$BB16&" not on HW Sets, ","")&IF(N($BL16)>96,"leaf over 8'-0"&CHAR(34)&" - check listing, ","")&IF(AND($CT16,COUNT($AW16:$AZ16)>0,COUNT($AW16:$AZ16)<>$CQ16),COUNT($AW16:$AZ16)&" custom hinges typed, "&$CQ16&" expected, ","")&IF(AND(ISNUMBER($CA16),OR(N($CA16)<34,N($CA16)>48)),"lock "&TEXT($CA16,"0.0")&CHAR(34)&" AFF outside 34-48"&CHAR(34)&" (ADA), ","")&IF(AND(ISNUMBER($AV16),ISNUMBER($BL16),N($AV16)<IF(N($BL16)<=60,2,IF(N($BL16)<=90,3,IF(N($BL16)<=120,4,5)))),"fewer hinges than standard, ",""))
BD17: =IF($A17="","",IF($DJ17<>"","FIX",IF($DK17<>"","CHECK","OK"))) | BE17: =IF($A17="","",IF($DJ17<>"","FIX: "&LEFT($DJ17,LEN($DJ17)-2)&IF($DK17<>""," · ",""),"")&IF($DK17<>"","CHECK: "&LEFT($DK17,LEN($DK17)-2),"")) | BF17: =IF(OR($A17="",$K17=""),"",$K17&"'-"&N($L17)&CHAR(34)&" x "&$M17&"'-"&N($N17)&CHAR(34)) | BG17: =IF(OR($A17="",$K17=""),"",$K17&N($L17)&$M17&N($N17)) | BH17: =IF(OR($A17="",$K17=""),"",$K17*12+N($L17)) | BI17: =IF(OR($A17="",$M17=""),"",$M17*12+N($N17)) | BJ17: =IF($A17="","",IF(OR($C17="FRAME ONLY",$S17="BL"),0,IF($O17="Y",2,1))) | BK17: =IF(OR(N($BJ17)=0,$BH17=""),"",($BH17-2*EdgeClr-IF($BJ17=2,MeetClr,0))/$BJ17) | BL17: =IF(OR(N($BJ17)=0,$BI17=""),"",$BI17-HeadClr-Undercut) | BM17: =IF($BH17="","",$BH17+2*FaceW+IF(N($Q17)>0,($Q17+FaceW)*IF($R17="LR",2,1),0)) | BN17: =IF($BI17="","",$BI17+IF($AB17="Y",4,FaceW)+IF(N($P17)>0,$P17+FaceW,0)+IF(OR($S17="4F",$S17="BL"),FaceW,0)) | BO17: =IF($BM17="","",$BM17+2*ROSide) | BP17: =IF($BN17="","",$BN17+ROTop) | BQ17: =IF(OR(N($BJ17)=0,$BH17=""),"",$BH17/$BJ17-ClearDeduct) | BR17: =IF(N($CH17)=0,"",IF($CH17>=180,"A · 3 HR",IF($CH17>=90,"B · 1-1/2 HR",IF($CH17>=60,"B · 1 HR",IF($CH17>=45,"C · 3/4 HR","20 MIN")))))&IF(AND(N($CH17)>0,OR($I17="CORRIDOR",$I17="SMOKE BARRIER"))," · S","") | BS17: =IF($CS17,"",IF($AV17<>"",$AV17,IF(OR($AC17="HGC",$AO17="HGC"),"CONT",IF(($BI17-HeadClr-Undercut)<=60,2,IF(($BI17-HeadClr-Undercut)<=90,3,IF(($BI17-HeadClr-Undercut)<=120,4,5)))))) | BT17: =IF($CS17,"",IF($CT17,"CUSTOM (typed)",IF($CV17,$AT17&" "&$CU17&CHAR(34)&IF($CU17<>$BI17,IF(AND($BI17<$CU17,$BI17-IF(N(VLOOKUP($AT17&"|"&$CU17,LocTable,7,FALSE))>0,VLOOKUP($AT17&"|"&$CU17,LocTable,7,FALSE),VLOOKUP($AT17&"|"&$CU17,LocTable,6,FALSE))-$CR17-0.75>=2.125)," cut down"," adj."),""),"ANSI/SDI A250.6"))) | BU17: =IF($CS17,"",IF($CT17,IF(N($AW17)>0,N($AW17),""),IF(1>$CQ17,"",IF($CQ17=1,$CW17,$CW17+($CX17-$CW17)*0/($CQ17-1))))) | BV17: =IF($CS17,"",IF($CT17,IF(N($AX17)>0,N($AX17),""),IF(2>$CQ17,"",IF($CQ17=1,$CW17,$CW17+($CX17-$CW17)*1/($CQ17-1))))) | BW17: =IF($CS17,"",IF($CT17,IF(N($AY17)>0,N($AY17),""),IF(3>$CQ17,"",IF($CQ17=1,$CW17,$CW17+($CX17-$CW17)*2/($CQ17-1))))) | BX17: =IF($CS17,"",IF($CT17,IF(N($AZ17)>0,N($AZ17),""),IF(4>$CQ17,"",IF($CQ17=1,$CW17,$CW17+($CX17-$CW17)*3/($CQ17-1))))) | BY17: =IF($CS17,"",IF($CT17,"",IF(5>$CQ17,"",IF($CQ17=1,$CW17,$CW17+($CX17-$CW17)*4/($CQ17-1))))) | BZ17: =IF(OR($CS17,$AP17="-",AND($AP17="",$AD17="")),"",IF(N($BA17)>0,N($BA17),IF($CV17,IF(AND($BI17<$CU17,$BI17-IF(N(VLOOKUP($AT17&"|"&$CU17,LocTable,7,FALSE))>0,VLOOKUP($AT17&"|"&$CU17,LocTable,7,FALSE),VLOOKUP($AT17&"|"&$CU17,LocTable,6,FALSE))-$CR17-0.75>=2.125),VLOOKUP($AT17&"|"&$CU17,LocTable,8,FALSE),VLOOKUP($AT17&"|"&$CU17,LocTable,8,FALSE)+($BI17-$CU17)),$BI17-LockAFF))) | CA17: =IF($BZ17="","",$BI17-$BZ17) | CB17: =IF(OR(NOT(AND($A17<>"",$C17<>"DOOR ONLY")),$BI17=""),"",IF(($BI17+IF(N($P17)>0,$P17+FaceW,0))<=90,3,IF(($BI17+IF(N($P17)>0,$P17+FaceW,0))<=114,4,5))) | CC17: =IF($CB17="","",$CB17*(2+IF(N($Q17)>0,IF($R17="LR",2,1),0))) | CD17: =IF($CB17="","",(2+IF(N($Q17)>0,IF($R17="LR",2,1),0))) | CE17: =IF(N($BJ17)=0,"",IF(OR($AL17="",$AL17="FLUSH"),"FLUSH",IFERROR(LEFT($AL17,FIND("-",$AL17)-1),LEFT($AL17,2)))) | CF17: =IF($CE17="","",IFERROR(VALUE(MID($AL17,FIND("-",$AL17)+1,FIND(CHAR(34)&"x",$AL17)-FIND("-",$AL17)-1)),0)) | CG17: =IF($CE17="","",IFERROR(VALUE(MID($AL17,FIND(CHAR(34)&"x",$AL17)+2,FIND(CHAR(34),$AL17,FIND(CHAR(34)&"x",$AL17)+2)-FIND(CHAR(34)&"x",$AL17)-2)),0)) | CH17: =IF(OR($A17="",$H17="",$H17="NO LAB"),0,IFERROR(VALUE(LEFT($H17,FIND(" ",$H17)-1)),0)) | CI17: =IF(OR($A17="",$I17="",$I17="NON-RATED",N($J17)=0),"",IFERROR(VLOOKUP($I17&"|"&$J17,IBC,2,FALSE),"?")) | CJ17: =IF(NOT(AND($A17<>"",$C17<>"DOOR ONLY")),"",TRIM(IFERROR(VLOOKUP($U17,CODES,2,FALSE),"")&" "&$BG17&" "&IFERROR(VLOOKUP($Z17,CODES,2,FALSE),"")&" "&IFERROR(VLOOKUP($X17,CODES,2,FALSE),"")&" "&IFERROR(VLOOKUP($S17,CODES,2,FALSE),"")&IF(N($P17)>0," w/TRANSOM "&$P17&CHAR(34),"")&IF(N($Q17)>0," w/SIDELITE "&$Q17&CHAR(34)&" "&IF($R17="","R",$R17),"")&IF($Y17=""," | "," | "&IFERROR(VLOOKUP($Y17,CODES,2,FALSE),"")&" | ")&IFERROR(VLOOKUP($AC17,CODES,2,FALSE),"")&" "&IFERROR(VLOOKUP($AD17,CODES,2,FALSE),"")&IF(OR($AE17="",$AE17="-"),""," "&$AE17)&IF(OR($AF17="",$AF17="-"),""," "&$AF17)&IF($AB17="Y"," 4"&CHAR(34)&" HEAD","")&" "&IFERROR(VLOOKUP($H17,CODES,2,FALSE),"")&IF($CT17," | LOC "&$CY17,""))) | CK17: =IF(NOT(AND($A17<>"",N($BJ17)>0)),"",TRIM(IFERROR(VLOOKUP($AH17,CODES,2,FALSE),"")&IF($AI17=""," "," "&$AI17&"GA ")&$BG17&" "&IF($AN17="",IFERROR(VLOOKUP($Z17,CODES,2,FALSE),""),IFERROR(VLOOKUP($AN17,CODES,2,FALSE),""))&IF($BJ17=2," PAIR","")&" DOOR | "&IF($AL17="","?",$AL17)&" | "&IF($AO17="",IFERROR(VLOOKUP($AC17,CODES,2,FALSE),""),IFERROR(VLOOKUP($AO17,CODES,2,FALSE),""))&" "&IFERROR(VLOOKUP($AP17,CODES,2,FALSE),"")&IF(OR($AQ17="",$AQ17="-"),""," SEAM "&$AQ17)&IF($AR17="Y"," ASTRAGAL","")&IF($AJ17=""," "," "&$AJ17)&IF($AK17=""," "," "&$AK17)&IF(OR($AT17="",$AT17="ANSI/SDI",$AT17="CUSTOM LOC"),""," "&$AT17)&IF($AM17=""," "," SERIES "&$AM17)&" "&IFERROR(VLOOKUP($H17,CODES,2,FALSE),"")&IF($CT17," | LOC "&$CZ17,""))) | CL17: =IF(CP17="","",IF(COUNTIF($CP$6:CP17,CP17)=1,MAX($CL$5:CL16)+1,INDEX($CL$5:CL16,MATCH(CP17,$CP$5:CP16,0)))) | CM17: =IF(NOT(AND($A17<>"",$C17<>"DOOR ONLY")),"",MAX($CM$5:CM16)+1) | CN17: =IF(NOT(AND($A17<>"",N($BJ17)>0)),"",MAX($CN$5:CN16)+1) | CO17: =IF($A17="","",MAX($CO$5:CO16)+1) | CP17: =IF(OR($A17="",$BH17="",$BI17=""),"",$BG17&"|"&$O17&"|"&$AL17&"|"&$S17&"|"&$P17&"|"&$Q17&$R17&"|"&$C17&"|"&$AB17) | CQ17: =N($BS17) | CR17: =IF(N($AU17)>0,N($AU17),4.5) | CS17: =OR($A17="",$BI17="",$S17="BL",AND($C17="FRAME ONLY",OR($AC17="",$AC17="BLK"))) | CT17: =AND(NOT($CS17),OR($AT17="CUSTOM LOC",N($AW17)+N($AX17)+N($AY17)+N($AZ17)+N($BA17)>0)) | CU17: =IF($BI17="","",IF($BI17<=80,80,IF($BI17<=84,84,96))) | CV17: =ISNUMBER(MATCH($AT17&"|80",LocKeys,0)) | CW17: =IF($CS17,"",IF($CV17,VLOOKUP($AT17&"|"&$CU17,LocTable,4,FALSE),5)) | CX17: =IF($CS17,"",IF($CV17,IF(OR($BI17=$CU17,AND($BI17<$CU17,$BI17-IF(N(VLOOKUP($AT17&"|"&$CU17,LocTable,7,FALSE))>0,VLOOKUP($AT17&"|"&$CU17,LocTable,7,FALSE),VLOOKUP($AT17&"|"&$CU17,LocTable,6,FALSE))-$CR17-0.75>=2.125)),IF(N(VLOOKUP($AT17&"|"&$CU17,LocTable,7,FALSE))>0,VLOOKUP($AT17&"|"&$CU17,LocTable,7,FALSE),VLOOKUP($AT17&"|"&$CU17,LocTable,6,FALSE)),$BI17-($CU17-IF(N(VLOOKUP($AT17&"|"&$CU17,LocTable,7,FALSE))>0,VLOOKUP($AT17&"|"&$CU17,LocTable,7,FALSE),VLOOKUP($AT17&"|"&$CU17,LocTable,6,FALSE)))),$BI17-10-$CR17)) | CY17: =IF($CS17,"",TRIM(IF(ISNUMBER($BU17),"A "&TRIM(TEXT($BU17,"# ?/??"))&CHAR(34)&" ","")&IF(ISNUMBER($BV17),"B "&TRIM(TEXT($BV17,"# ?/??"))&CHAR(34)&" ","")&IF(ISNUMBER($BW17),"C "&TRIM(TEXT($BW17,"# ?/??"))&CHAR(34)&" ","")&IF(ISNUMBER($BX17),"D "&TRIM(TEXT($BX17,"# ?/??"))&CHAR(34)&" ","")&IF(ISNUMBER($BY17),"F "&TRIM(TEXT($BY17,"# ?/??"))&CHAR(34)&" ","")&IF(ISNUMBER($BZ17),"E "&TRIM(TEXT($BZ17,"# ?/??"))&CHAR(34)&" ",""))) | CZ17: =IF(OR($CS17,N($BJ17)=0),"",TRIM(IF(ISNUMBER($BU17),"A "&TRIM(TEXT($BU17-HeadClr,"# ?/??"))&CHAR(34)&" ","")&IF(ISNUMBER($BV17),"B "&TRIM(TEXT($BV17-HeadClr,"# ?/??"))&CHAR(34)&" ","")&IF(ISNUMBER($BW17),"C "&TRIM(TEXT($BW17-HeadClr,"# ?/??"))&CHAR(34)&" ","")&IF(ISNUMBER($BX17),"D "&TRIM(TEXT($BX17-HeadClr,"# ?/??"))&CHAR(34)&" ","")&IF(ISNUMBER($BY17),"F "&TRIM(TEXT($BY17-HeadClr,"# ?/??"))&CHAR(34)&" ","")&IF(ISNUMBER($BZ17),"E "&TRIM(TEXT($BZ17-HeadClr,"# ?/??"))&CHAR(34)&" ",""))) | DA17: =IF($A17="","",IF($AN17="",IFERROR(VLOOKUP($Z17,CODES,2,FALSE),""),IFERROR(VLOOKUP($AN17,CODES,2,FALSE),""))) | DB17: =IF($A17="","",IF($O17="Y","PR",IF(OR($Z17="L",$Z17="RR",LEFT($Z17,2)="L-",LEFT($Z17,3)="RR-"),"LH","RH"))) | DC17: =IF($A17="","","S.HM"&IF(OR($C17="DOOR ONLY",$X17<>"KD"),"MASONRY","DRYWALL")&IF($C17="DOOR ONLY","",$U17)&IF(AND($C17<>"FRAME ONLY",OR(LEFT($AH17,3)="OAK",LEFT($AH17,3)="BIR",LEFT($AH17,3)="MAP",$AH17="PC",$AH17="MC",$AH17="SCLC",$AH17="P-LAM")),"WD","HM")&"1.75") | DD17: =IF($CJ17="","",IF($O17="Y",$CJ17,SUBSTITUTE($CJ17,$BG17&" "&IFERROR(VLOOKUP($Z17,CODES,2,FALSE),"")&" ",$BG17&" "))) | DE17: =IF($CK17="","",IF($O17="Y",$CK17,SUBSTITUTE($CK17,$BG17&" "&IF($AN17="",IFERROR(VLOOKUP($Z17,CODES,2,FALSE),""),IFERROR(VLOOKUP($AN17,CODES,2,FALSE),""))&" ",$BG17&" "))) | DF17: =IF($CJ17="","",$DC17&"|"&$DD17&"|"&$DB17&"|"&$AT17&"|"&$V17&"|"&$Y17&"|"&$AB17) | DG17: =IF(DF17="","",IF(COUNTIF($DF$6:DF17,DF17)=1,MAX($DG$5:DG16)+1,INDEX($DG$5:DG16,MATCH(DF17,$DF$5:DF16,0)))) | DH17: =IF($CK17="","",$DC17&"|"&$DE17&"|"&$AI17&"|"&$BK17&"|"&$BL17) | DI17: =IF(DH17="","",IF(COUNTIF($DH$6:DH17,DH17)=1,MAX($DI$5:DI16)+1,INDEX($DI$5:DI16,MATCH(DH17,$DH$5:DH16,0)))) | DJ17: =IF($A17="","",IF($B17="","qty, ","")&IF($C17="","scope, ","")&IF(OR($K17="",$M17=""),"size, ","")&IF(AND($A17<>"",$C17<>"DOOR ONLY"),IF($U17="","jamb depth, ","")&IF($X17="","construction, ","")&IF($Y17="","anchor, ","")&IF($S17="","frame type, ",""),"")&IF(AND(N($BJ17)>0,$Z17=""),"hand, ","")&IF(N($BJ17)>0,IF($AH17="","door material, ","")&IF($AL17="","face type, ","")&IF($AP17="","lock prep, ","")&IF(AND($AO17="",$AC17=""),"hinge prep, ",""),"")&IF(AND($CH17>0,$AH17="FRP"),"FRP cannot carry a label, ","")&IF(AND($O17="Y",OR($Z17="L",$Z17="R",$Z17="LR",$Z17="RR")),"pair marked but hand is single, ","")&IF(AND($O17<>"Y",OR($Z17="PR",AND(LEN($Z17)>1,ISNUMBER(SEARCH("-",$Z17))))),"pair hand on a single door, ","")&IF(AND(ISNUMBER($CI17),$CH17<N($CI17)),"wall needs a "&$CI17&" min door, ","")&IF(AND($CH17>=180,AND(OR($CE17="FG",$CE17="HG",$CE17="FNV",$CE17="FV"),N($CF17)*N($CG17)>100)),"180 min lite over 100 sq in, ","")&IF(N($BK17)>48,"leaf wider than 4'-0"&CHAR(34)&", ","")&IF(AND($CT17,COUNT($AW17:$AZ17)=0,$CQ17>0),"CUSTOM LOC with no locations typed, ","")) | DK17: =IF($A17="","",IF(AND($CH17>0,AND($A17<>"",$C17<>"DOOR ONLY"),$X17="KD",$E17="EXTERIOR"),"KD label on an exterior opening, ","")&IF(AND($E17="EXTERIOR",OR(AND(AND($A17<>"",$C17<>"DOOR ONLY"),$W17="CR"),AND(N($BJ17)>0,$AH17="CR"))),"exterior in CR steel (G9?), ","")&IF(AND(ISNUMBER($BQ17),N($BQ17)<32),"clear width ~"&TEXT($BQ17,"0.0")&CHAR(34)&" under 32"&CHAR(34)&" (ADA), ","")&IF(AND($CH17=90,AND(OR($CE17="FG",$CE17="HG",$CE17="FNV",$CE17="FV"),N($CF17)*N($CG17)>100)),"90 min lite over 100 sq in (stair/exit), ","")&IF(AND($CH17>0,AND($A17<>"",$C17<>"DOOR ONLY"),OR($AF17="",$AF17="-")),"rated: closer reinf.?, ","")&IF(OR($I17="CORRIDOR",$I17="SMOKE BARRIER"),"S label + smoke gasketing, ","")&IF($CI17="?","wall type/hr not in IBC table, ","")&IF(AND(N($BJ17)>0,$BB17=""),"no hardware set, ","")&IF(AND($BB17<>"",ISNA(MATCH($BB17&"",HWSets,0))),"set "&$BB17&" not on HW Sets, ","")&IF(N($BL17)>96,"leaf over 8'-0"&CHAR(34)&" - check listing, ","")&IF(AND($CT17,COUNT($AW17:$AZ17)>0,COUNT($AW17:$AZ17)<>$CQ17),COUNT($AW17:$AZ17)&" custom hinges typed, "&$CQ17&" expected, ","")&IF(AND(ISNUMBER($CA17),OR(N($CA17)<34,N($CA17)>48)),"lock "&TEXT($CA17,"0.0")&CHAR(34)&" AFF outside 34-48"&CHAR(34)&" (ADA), ","")&IF(AND(ISNUMBER($AV17),ISNUMBER($BL17),N($AV17)<IF(N($BL17)<=60,2,IF(N($BL17)<=90,3,IF(N($BL17)<=120,4,5)))),"fewer hinges than standard, ",""))
BD18: =IF($A18="","",IF($DJ18<>"","FIX",IF($DK18<>"","CHECK","OK"))) | BE18: =IF($A18="","",IF($DJ18<>"","FIX: "&LEFT($DJ18,LEN($DJ18)-2)&IF($DK18<>""," · ",""),"")&IF($DK18<>"","CHECK: "&LEFT($DK18,LEN($DK18)-2),"")) | BF18: =IF(OR($A18="",$K18=""),"",$K18&"'-"&N($L18)&CHAR(34)&" x "&$M18&"'-"&N($N18)&CHAR(34)) | BG18: =IF(OR($A18="",$K18=""),"",$K18&N($L18)&$M18&N($N18)) | BH18: =IF(OR($A18="",$K18=""),"",$K18*12+N($L18)) | BI18: =IF(OR($A18="",$M18=""),"",$M18*12+N($N18)) | BJ18: =IF($A18="","",IF(OR($C18="FRAME ONLY",$S18="BL"),0,IF($O18="Y",2,1))) | BK18: =IF(OR(N($BJ18)=0,$BH18=""),"",($BH18-2*EdgeClr-IF($BJ18=2,MeetClr,0))/$BJ18) | BL18: =IF(OR(N($BJ18)=0,$BI18=""),"",$BI18-HeadClr-Undercut) | BM18: =IF($BH18="","",$BH18+2*FaceW+IF(N($Q18)>0,($Q18+FaceW)*IF($R18="LR",2,1),0)) | BN18: =IF($BI18="","",$BI18+IF($AB18="Y",4,FaceW)+IF(N($P18)>0,$P18+FaceW,0)+IF(OR($S18="4F",$S18="BL"),FaceW,0)) | BO18: =IF($BM18="","",$BM18+2*ROSide) | BP18: =IF($BN18="","",$BN18+ROTop) | BQ18: =IF(OR(N($BJ18)=0,$BH18=""),"",$BH18/$BJ18-ClearDeduct) | BR18: =IF(N($CH18)=0,"",IF($CH18>=180,"A · 3 HR",IF($CH18>=90,"B · 1-1/2 HR",IF($CH18>=60,"B · 1 HR",IF($CH18>=45,"C · 3/4 HR","20 MIN")))))&IF(AND(N($CH18)>0,OR($I18="CORRIDOR",$I18="SMOKE BARRIER"))," · S","") | BS18: =IF($CS18,"",IF($AV18<>"",$AV18,IF(OR($AC18="HGC",$AO18="HGC"),"CONT",IF(($BI18-HeadClr-Undercut)<=60,2,IF(($BI18-HeadClr-Undercut)<=90,3,IF(($BI18-HeadClr-Undercut)<=120,4,5)))))) | BT18: =IF($CS18,"",IF($CT18,"CUSTOM (typed)",IF($CV18,$AT18&" "&$CU18&CHAR(34)&IF($CU18<>$BI18,IF(AND($BI18<$CU18,$BI18-IF(N(VLOOKUP($AT18&"|"&$CU18,LocTable,7,FALSE))>0,VLOOKUP($AT18&"|"&$CU18,LocTable,7,FALSE),VLOOKUP($AT18&"|"&$CU18,LocTable,6,FALSE))-$CR18-0.75>=2.125)," cut down"," adj."),""),"ANSI/SDI A250.6"))) | BU18: =IF($CS18,"",IF($CT18,IF(N($AW18)>0,N($AW18),""),IF(1>$CQ18,"",IF($CQ18=1,$CW18,$CW18+($CX18-$CW18)*0/($CQ18-1))))) | BV18: =IF($CS18,"",IF($CT18,IF(N($AX18)>0,N($AX18),""),IF(2>$CQ18,"",IF($CQ18=1,$CW18,$CW18+($CX18-$CW18)*1/($CQ18-1))))) | BW18: =IF($CS18,"",IF($CT18,IF(N($AY18)>0,N($AY18),""),IF(3>$CQ18,"",IF($CQ18=1,$CW18,$CW18+($CX18-$CW18)*2/($CQ18-1))))) | BX18: =IF($CS18,"",IF($CT18,IF(N($AZ18)>0,N($AZ18),""),IF(4>$CQ18,"",IF($CQ18=1,$CW18,$CW18+($CX18-$CW18)*3/($CQ18-1))))) | BY18: =IF($CS18,"",IF($CT18,"",IF(5>$CQ18,"",IF($CQ18=1,$CW18,$CW18+($CX18-$CW18)*4/($CQ18-1))))) | BZ18: =IF(OR($CS18,$AP18="-",AND($AP18="",$AD18="")),"",IF(N($BA18)>0,N($BA18),IF($CV18,IF(AND($BI18<$CU18,$BI18-IF(N(VLOOKUP($AT18&"|"&$CU18,LocTable,7,FALSE))>0,VLOOKUP($AT18&"|"&$CU18,LocTable,7,FALSE),VLOOKUP($AT18&"|"&$CU18,LocTable,6,FALSE))-$CR18-0.75>=2.125),VLOOKUP($AT18&"|"&$CU18,LocTable,8,FALSE),VLOOKUP($AT18&"|"&$CU18,LocTable,8,FALSE)+($BI18-$CU18)),$BI18-LockAFF))) | CA18: =IF($BZ18="","",$BI18-$BZ18) | CB18: =IF(OR(NOT(AND($A18<>"",$C18<>"DOOR ONLY")),$BI18=""),"",IF(($BI18+IF(N($P18)>0,$P18+FaceW,0))<=90,3,IF(($BI18+IF(N($P18)>0,$P18+FaceW,0))<=114,4,5))) | CC18: =IF($CB18="","",$CB18*(2+IF(N($Q18)>0,IF($R18="LR",2,1),0))) | CD18: =IF($CB18="","",(2+IF(N($Q18)>0,IF($R18="LR",2,1),0))) | CE18: =IF(N($BJ18)=0,"",IF(OR($AL18="",$AL18="FLUSH"),"FLUSH",IFERROR(LEFT($AL18,FIND("-",$AL18)-1),LEFT($AL18,2)))) | CF18: =IF($CE18="","",IFERROR(VALUE(MID($AL18,FIND("-",$AL18)+1,FIND(CHAR(34)&"x",$AL18)-FIND("-",$AL18)-1)),0)) | CG18: =IF($CE18="","",IFERROR(VALUE(MID($AL18,FIND(CHAR(34)&"x",$AL18)+2,FIND(CHAR(34),$AL18,FIND(CHAR(34)&"x",$AL18)+2)-FIND(CHAR(34)&"x",$AL18)-2)),0)) | CH18: =IF(OR($A18="",$H18="",$H18="NO LAB"),0,IFERROR(VALUE(LEFT($H18,FIND(" ",$H18)-1)),0)) | CI18: =IF(OR($A18="",$I18="",$I18="NON-RATED",N($J18)=0),"",IFERROR(VLOOKUP($I18&"|"&$J18,IBC,2,FALSE),"?")) | CJ18: =IF(NOT(AND($A18<>"",$C18<>"DOOR ONLY")),"",TRIM(IFERROR(VLOOKUP($U18,CODES,2,FALSE),"")&" "&$BG18&" "&IFERROR(VLOOKUP($Z18,CODES,2,FALSE),"")&" "&IFERROR(VLOOKUP($X18,CODES,2,FALSE),"")&" "&IFERROR(VLOOKUP($S18,CODES,2,FALSE),"")&IF(N($P18)>0," w/TRANSOM "&$P18&CHAR(34),"")&IF(N($Q18)>0," w/SIDELITE "&$Q18&CHAR(34)&" "&IF($R18="","R",$R18),"")&IF($Y18=""," | "," | "&IFERROR(VLOOKUP($Y18,CODES,2,FALSE),"")&" | ")&IFERROR(VLOOKUP($AC18,CODES,2,FALSE),"")&" "&IFERROR(VLOOKUP($AD18,CODES,2,FALSE),"")&IF(OR($AE18="",$AE18="-"),""," "&$AE18)&IF(OR($AF18="",$AF18="-"),""," "&$AF18)&IF($AB18="Y"," 4"&CHAR(34)&" HEAD","")&" "&IFERROR(VLOOKUP($H18,CODES,2,FALSE),"")&IF($CT18," | LOC "&$CY18,""))) | CK18: =IF(NOT(AND($A18<>"",N($BJ18)>0)),"",TRIM(IFERROR(VLOOKUP($AH18,CODES,2,FALSE),"")&IF($AI18=""," "," "&$AI18&"GA ")&$BG18&" "&IF($AN18="",IFERROR(VLOOKUP($Z18,CODES,2,FALSE),""),IFERROR(VLOOKUP($AN18,CODES,2,FALSE),""))&IF($BJ18=2," PAIR","")&" DOOR | "&IF($AL18="","?",$AL18)&" | "&IF($AO18="",IFERROR(VLOOKUP($AC18,CODES,2,FALSE),""),IFERROR(VLOOKUP($AO18,CODES,2,FALSE),""))&" "&IFERROR(VLOOKUP($AP18,CODES,2,FALSE),"")&IF(OR($AQ18="",$AQ18="-"),""," SEAM "&$AQ18)&IF($AR18="Y"," ASTRAGAL","")&IF($AJ18=""," "," "&$AJ18)&IF($AK18=""," "," "&$AK18)&IF(OR($AT18="",$AT18="ANSI/SDI",$AT18="CUSTOM LOC"),""," "&$AT18)&IF($AM18=""," "," SERIES "&$AM18)&" "&IFERROR(VLOOKUP($H18,CODES,2,FALSE),"")&IF($CT18," | LOC "&$CZ18,""))) | CL18: =IF(CP18="","",IF(COUNTIF($CP$6:CP18,CP18)=1,MAX($CL$5:CL17)+1,INDEX($CL$5:CL17,MATCH(CP18,$CP$5:CP17,0)))) | CM18: =IF(NOT(AND($A18<>"",$C18<>"DOOR ONLY")),"",MAX($CM$5:CM17)+1) | CN18: =IF(NOT(AND($A18<>"",N($BJ18)>0)),"",MAX($CN$5:CN17)+1) | CO18: =IF($A18="","",MAX($CO$5:CO17)+1) | CP18: =IF(OR($A18="",$BH18="",$BI18=""),"",$BG18&"|"&$O18&"|"&$AL18&"|"&$S18&"|"&$P18&"|"&$Q18&$R18&"|"&$C18&"|"&$AB18) | CQ18: =N($BS18) | CR18: =IF(N($AU18)>0,N($AU18),4.5) | CS18: =OR($A18="",$BI18="",$S18="BL",AND($C18="FRAME ONLY",OR($AC18="",$AC18="BLK"))) | CT18: =AND(NOT($CS18),OR($AT18="CUSTOM LOC",N($AW18)+N($AX18)+N($AY18)+N($AZ18)+N($BA18)>0)) | CU18: =IF($BI18="","",IF($BI18<=80,80,IF($BI18<=84,84,96))) | CV18: =ISNUMBER(MATCH($AT18&"|80",LocKeys,0)) | CW18: =IF($CS18,"",IF($CV18,VLOOKUP($AT18&"|"&$CU18,LocTable,4,FALSE),5)) | CX18: =IF($CS18,"",IF($CV18,IF(OR($BI18=$CU18,AND($BI18<$CU18,$BI18-IF(N(VLOOKUP($AT18&"|"&$CU18,LocTable,7,FALSE))>0,VLOOKUP($AT18&"|"&$CU18,LocTable,7,FALSE),VLOOKUP($AT18&"|"&$CU18,LocTable,6,FALSE))-$CR18-0.75>=2.125)),IF(N(VLOOKUP($AT18&"|"&$CU18,LocTable,7,FALSE))>0,VLOOKUP($AT18&"|"&$CU18,LocTable,7,FALSE),VLOOKUP($AT18&"|"&$CU18,LocTable,6,FALSE)),$BI18-($CU18-IF(N(VLOOKUP($AT18&"|"&$CU18,LocTable,7,FALSE))>0,VLOOKUP($AT18&"|"&$CU18,LocTable,7,FALSE),VLOOKUP($AT18&"|"&$CU18,LocTable,6,FALSE)))),$BI18-10-$CR18)) | CY18: =IF($CS18,"",TRIM(IF(ISNUMBER($BU18),"A "&TRIM(TEXT($BU18,"# ?/??"))&CHAR(34)&" ","")&IF(ISNUMBER($BV18),"B "&TRIM(TEXT($BV18,"# ?/??"))&CHAR(34)&" ","")&IF(ISNUMBER($BW18),"C "&TRIM(TEXT($BW18,"# ?/??"))&CHAR(34)&" ","")&IF(ISNUMBER($BX18),"D "&TRIM(TEXT($BX18,"# ?/??"))&CHAR(34)&" ","")&IF(ISNUMBER($BY18),"F "&TRIM(TEXT($BY18,"# ?/??"))&CHAR(34)&" ","")&IF(ISNUMBER($BZ18),"E "&TRIM(TEXT($BZ18,"# ?/??"))&CHAR(34)&" ",""))) | CZ18: =IF(OR($CS18,N($BJ18)=0),"",TRIM(IF(ISNUMBER($BU18),"A "&TRIM(TEXT($BU18-HeadClr,"# ?/??"))&CHAR(34)&" ","")&IF(ISNUMBER($BV18),"B "&TRIM(TEXT($BV18-HeadClr,"# ?/??"))&CHAR(34)&" ","")&IF(ISNUMBER($BW18),"C "&TRIM(TEXT($BW18-HeadClr,"# ?/??"))&CHAR(34)&" ","")&IF(ISNUMBER($BX18),"D "&TRIM(TEXT($BX18-HeadClr,"# ?/??"))&CHAR(34)&" ","")&IF(ISNUMBER($BY18),"F "&TRIM(TEXT($BY18-HeadClr,"# ?/??"))&CHAR(34)&" ","")&IF(ISNUMBER($BZ18),"E "&TRIM(TEXT($BZ18-HeadClr,"# ?/??"))&CHAR(34)&" ",""))) | DA18: =IF($A18="","",IF($AN18="",IFERROR(VLOOKUP($Z18,CODES,2,FALSE),""),IFERROR(VLOOKUP($AN18,CODES,2,FALSE),""))) | DB18: =IF($A18="","",IF($O18="Y","PR",IF(OR($Z18="L",$Z18="RR",LEFT($Z18,2)="L-",LEFT($Z18,3)="RR-"),"LH","RH"))) | DC18: =IF($A18="","","S.HM"&IF(OR($C18="DOOR ONLY",$X18<>"KD"),"MASONRY","DRYWALL")&IF($C18="DOOR ONLY","",$U18)&IF(AND($C18<>"FRAME ONLY",OR(LEFT($AH18,3)="OAK",LEFT($AH18,3)="BIR",LEFT($AH18,3)="MAP",$AH18="PC",$AH18="MC",$AH18="SCLC",$AH18="P-LAM")),"WD","HM")&"1.75") | DD18: =IF($CJ18="","",IF($O18="Y",$CJ18,SUBSTITUTE($CJ18,$BG18&" "&IFERROR(VLOOKUP($Z18,CODES,2,FALSE),"")&" ",$BG18&" "))) | DE18: =IF($CK18="","",IF($O18="Y",$CK18,SUBSTITUTE($CK18,$BG18&" "&IF($AN18="",IFERROR(VLOOKUP($Z18,CODES,2,FALSE),""),IFERROR(VLOOKUP($AN18,CODES,2,FALSE),""))&" ",$BG18&" "))) | DF18: =IF($CJ18="","",$DC18&"|"&$DD18&"|"&$DB18&"|"&$AT18&"|"&$V18&"|"&$Y18&"|"&$AB18) | DG18: =IF(DF18="","",IF(COUNTIF($DF$6:DF18,DF18)=1,MAX($DG$5:DG17)+1,INDEX($DG$5:DG17,MATCH(DF18,$DF$5:DF17,0)))) | DH18: =IF($CK18="","",$DC18&"|"&$DE18&"|"&$AI18&"|"&$BK18&"|"&$BL18) | DI18: =IF(DH18="","",IF(COUNTIF($DH$6:DH18,DH18)=1,MAX($DI$5:DI17)+1,INDEX($DI$5:DI17,MATCH(DH18,$DH$5:DH17,0)))) | DJ18: =IF($A18="","",IF($B18="","qty, ","")&IF($C18="","scope, ","")&IF(OR($K18="",$M18=""),"size, ","")&IF(AND($A18<>"",$C18<>"DOOR ONLY"),IF($U18="","jamb depth, ","")&IF($X18="","construction, ","")&IF($Y18="","anchor, ","")&IF($S18="","frame type, ",""),"")&IF(AND(N($BJ18)>0,$Z18=""),"hand, ","")&IF(N($BJ18)>0,IF($AH18="","door material, ","")&IF($AL18="","face type, ","")&IF($AP18="","lock prep, ","")&IF(AND($AO18="",$AC18=""),"hinge prep, ",""),"")&IF(AND($CH18>0,$AH18="FRP"),"FRP cannot carry a label, ","")&IF(AND($O18="Y",OR($Z18="L",$Z18="R",$Z18="LR",$Z18="RR")),"pair marked but hand is single, ","")&IF(AND($O18<>"Y",OR($Z18="PR",AND(LEN($Z18)>1,ISNUMBER(SEARCH("-",$Z18))))),"pair hand on a single door, ","")&IF(AND(ISNUMBER($CI18),$CH18<N($CI18)),"wall needs a "&$CI18&" min door, ","")&IF(AND($CH18>=180,AND(OR($CE18="FG",$CE18="HG",$CE18="FNV",$CE18="FV"),N($CF18)*N($CG18)>100)),"180 min lite over 100 sq in, ","")&IF(N($BK18)>48,"leaf wider than 4'-0"&CHAR(34)&", ","")&IF(AND($CT18,COUNT($AW18:$AZ18)=0,$CQ18>0),"CUSTOM LOC with no locations typed, ","")) | DK18: =IF($A18="","",IF(AND($CH18>0,AND($A18<>"",$C18<>"DOOR ONLY"),$X18="KD",$E18="EXTERIOR"),"KD label on an exterior opening, ","")&IF(AND($E18="EXTERIOR",OR(AND(AND($A18<>"",$C18<>"DOOR ONLY"),$W18="CR"),AND(N($BJ18)>0,$AH18="CR"))),"exterior in CR steel (G9?), ","")&IF(AND(ISNUMBER($BQ18),N($BQ18)<32),"clear width ~"&TEXT($BQ18,"0.0")&CHAR(34)&" under 32"&CHAR(34)&" (ADA), ","")&IF(AND($CH18=90,AND(OR($CE18="FG",$CE18="HG",$CE18="FNV",$CE18="FV"),N($CF18)*N($CG18)>100)),"90 min lite over 100 sq in (stair/exit), ","")&IF(AND($CH18>0,AND($A18<>"",$C18<>"DOOR ONLY"),OR($AF18="",$AF18="-")),"rated: closer reinf.?, ","")&IF(OR($I18="CORRIDOR",$I18="SMOKE BARRIER"),"S label + smoke gasketing, ","")&IF($CI18="?","wall type/hr not in IBC table, ","")&IF(AND(N($BJ18)>0,$BB18=""),"no hardware set, ","")&IF(AND($BB18<>"",ISNA(MATCH($BB18&"",HWSets,0))),"set "&$BB18&" not on HW Sets, ","")&IF(N($BL18)>96,"leaf over 8'-0"&CHAR(34)&" - check listing, ","")&IF(AND($CT18,COUNT($AW18:$AZ18)>0,COUNT($AW18:$AZ18)<>$CQ18),COUNT($AW18:$AZ18)&" custom hinges typed, "&$CQ18&" expected, ","")&IF(AND(ISNUMBER($CA18),OR(N($CA18)<34,N($CA18)>48)),"lock "&TEXT($CA18,"0.0")&CHAR(34)&" AFF outside 34-48"&CHAR(34)&" (ADA), ","")&IF(AND(ISNUMBER($AV18),ISNUMBER($BL18),N($AV18)<IF(N($BL18)<=60,2,IF(N($BL18)<=90,3,IF(N($BL18)<=120,4,5)))),"fewer hinges than standard, ",""))
BD19: =IF($A19="","",IF($DJ19<>"","FIX",IF($DK19<>"","CHECK","OK"))) | BE19: =IF($A19="","",IF($DJ19<>"","FIX: "&LEFT($DJ19,LEN($DJ19)-2)&IF($DK19<>""," · ",""),"")&IF($DK19<>"","CHECK: "&LEFT($DK19,LEN($DK19)-2),"")) | BF19: =IF(OR($A19="",$K19=""),"",$K19&"'-"&N($L19)&CHAR(34)&" x "&$M19&"'-"&N($N19)&CHAR(34)) | BG19: =IF(OR($A19="",$K19=""),"",$K19&N($L19)&$M19&N($N19)) | BH19: =IF(OR($A19="",$K19=""),"",$K19*12+N($L19)) | BI19: =IF(OR($A19="",$M19=""),"",$M19*12+N($N19)) | BJ19: =IF($A19="","",IF(OR($C19="FRAME ONLY",$S19="BL"),0,IF($O19="Y",2,1))) | BK19: =IF(OR(N($BJ19)=0,$BH19=""),"",($BH19-2*EdgeClr-IF($BJ19=2,MeetClr,0))/$BJ19) | BL19: =IF(OR(N($BJ19)=0,$BI19=""),"",$BI19-HeadClr-Undercut) | BM19: =IF($BH19="","",$BH19+2*FaceW+IF(N($Q19)>0,($Q19+FaceW)*IF($R19="LR",2,1),0)) | BN19: =IF($BI19="","",$BI19+IF($AB19="Y",4,FaceW)+IF(N($P19)>0,$P19+FaceW,0)+IF(OR($S19="4F",$S19="BL"),FaceW,0)) | BO19: =IF($BM19="","",$BM19+2*ROSide) | BP19: =IF($BN19="","",$BN19+ROTop) | BQ19: =IF(OR(N($BJ19)=0,$BH19=""),"",$BH19/$BJ19-ClearDeduct) | BR19: =IF(N($CH19)=0,"",IF($CH19>=180,"A · 3 HR",IF($CH19>=90,"B · 1-1/2 HR",IF($CH19>=60,"B · 1 HR",IF($CH19>=45,"C · 3/4 HR","20 MIN")))))&IF(AND(N($CH19)>0,OR($I19="CORRIDOR",$I19="SMOKE BARRIER"))," · S","") | BS19: =IF($CS19,"",IF($AV19<>"",$AV19,IF(OR($AC19="HGC",$AO19="HGC"),"CONT",IF(($BI19-HeadClr-Undercut)<=60,2,IF(($BI19-HeadClr-Undercut)<=90,3,IF(($BI19-HeadClr-Undercut)<=120,4,5)))))) | BT19: =IF($CS19,"",IF($CT19,"CUSTOM (typed)",IF($CV19,$AT19&" "&$CU19&CHAR(34)&IF($CU19<>$BI19,IF(AND($BI19<$CU19,$BI19-IF(N(VLOOKUP($AT19&"|"&$CU19,LocTable,7,FALSE))>0,VLOOKUP($AT19&"|"&$CU19,LocTable,7,FALSE),VLOOKUP($AT19&"|"&$CU19,LocTable,6,FALSE))-$CR19-0.75>=2.125)," cut down"," adj."),""),"ANSI/SDI A250.6"))) | BU19: =IF($CS19,"",IF($CT19,IF(N($AW19)>0,N($AW19),""),IF(1>$CQ19,"",IF($CQ19=1,$CW19,$CW19+($CX19-$CW19)*0/($CQ19-1))))) | BV19: =IF($CS19,"",IF($CT19,IF(N($AX19)>0,N($AX19),""),IF(2>$CQ19,"",IF($CQ19=1,$CW19,$CW19+($CX19-$CW19)*1/($CQ19-1))))) | BW19: =IF($CS19,"",IF($CT19,IF(N($AY19)>0,N($AY19),""),IF(3>$CQ19,"",IF($CQ19=1,$CW19,$CW19+($CX19-$CW19)*2/($CQ19-1))))) | BX19: =IF($CS19,"",IF($CT19,IF(N($AZ19)>0,N($AZ19),""),IF(4>$CQ19,"",IF($CQ19=1,$CW19,$CW19+($CX19-$CW19)*3/($CQ19-1))))) | BY19: =IF($CS19,"",IF($CT19,"",IF(5>$CQ19,"",IF($CQ19=1,$CW19,$CW19+($CX19-$CW19)*4/($CQ19-1))))) | BZ19: =IF(OR($CS19,$AP19="-",AND($AP19="",$AD19="")),"",IF(N($BA19)>0,N($BA19),IF($CV19,IF(AND($BI19<$CU19,$BI19-IF(N(VLOOKUP($AT19&"|"&$CU19,LocTable,7,FALSE))>0,VLOOKUP($AT19&"|"&$CU19,LocTable,7,FALSE),VLOOKUP($AT19&"|"&$CU19,LocTable,6,FALSE))-$CR19-0.75>=2.125),VLOOKUP($AT19&"|"&$CU19,LocTable,8,FALSE),VLOOKUP($AT19&"|"&$CU19,LocTable,8,FALSE)+($BI19-$CU19)),$BI19-LockAFF))) | CA19: =IF($BZ19="","",$BI19-$BZ19) | CB19: =IF(OR(NOT(AND($A19<>"",$C19<>"DOOR ONLY")),$BI19=""),"",IF(($BI19+IF(N($P19)>0,$P19+FaceW,0))<=90,3,IF(($BI19+IF(N($P19)>0,$P19+FaceW,0))<=114,4,5))) | CC19: =IF($CB19="","",$CB19*(2+IF(N($Q19)>0,IF($R19="LR",2,1),0))) | CD19: =IF($CB19="","",(2+IF(N($Q19)>0,IF($R19="LR",2,1),0))) | CE19: =IF(N($BJ19)=0,"",IF(OR($AL19="",$AL19="FLUSH"),"FLUSH",IFERROR(LEFT($AL19,FIND("-",$AL19)-1),LEFT($AL19,2)))) | CF19: =IF($CE19="","",IFERROR(VALUE(MID($AL19,FIND("-",$AL19)+1,FIND(CHAR(34)&"x",$AL19)-FIND("-",$AL19)-1)),0)) | CG19: =IF($CE19="","",IFERROR(VALUE(MID($AL19,FIND(CHAR(34)&"x",$AL19)+2,FIND(CHAR(34),$AL19,FIND(CHAR(34)&"x",$AL19)+2)-FIND(CHAR(34)&"x",$AL19)-2)),0)) | CH19: =IF(OR($A19="",$H19="",$H19="NO LAB"),0,IFERROR(VALUE(LEFT($H19,FIND(" ",$H19)-1)),0)) | CI19: =IF(OR($A19="",$I19="",$I19="NON-RATED",N($J19)=0),"",IFERROR(VLOOKUP($I19&"|"&$J19,IBC,2,FALSE),"?")) | CJ19: =IF(NOT(AND($A19<>"",$C19<>"DOOR ONLY")),"",TRIM(IFERROR(VLOOKUP($U19,CODES,2,FALSE),"")&" "&$BG19&" "&IFERROR(VLOOKUP($Z19,CODES,2,FALSE),"")&" "&IFERROR(VLOOKUP($X19,CODES,2,FALSE),"")&" "&IFERROR(VLOOKUP($S19,CODES,2,FALSE),"")&IF(N($P19)>0," w/TRANSOM "&$P19&CHAR(34),"")&IF(N($Q19)>0," w/SIDELITE "&$Q19&CHAR(34)&" "&IF($R19="","R",$R19),"")&IF($Y19=""," | "," | "&IFERROR(VLOOKUP($Y19,CODES,2,FALSE),"")&" | ")&IFERROR(VLOOKUP($AC19,CODES,2,FALSE),"")&" "&IFERROR(VLOOKUP($AD19,CODES,2,FALSE),"")&IF(OR($AE19="",$AE19="-"),""," "&$AE19)&IF(OR($AF19="",$AF19="-"),""," "&$AF19)&IF($AB19="Y"," 4"&CHAR(34)&" HEAD","")&" "&IFERROR(VLOOKUP($H19,CODES,2,FALSE),"")&IF($CT19," | LOC "&$CY19,""))) | CK19: =IF(NOT(AND($A19<>"",N($BJ19)>0)),"",TRIM(IFERROR(VLOOKUP($AH19,CODES,2,FALSE),"")&IF($AI19=""," "," "&$AI19&"GA ")&$BG19&" "&IF($AN19="",IFERROR(VLOOKUP($Z19,CODES,2,FALSE),""),IFERROR(VLOOKUP($AN19,CODES,2,FALSE),""))&IF($BJ19=2," PAIR","")&" DOOR | "&IF($AL19="","?",$AL19)&" | "&IF($AO19="",IFERROR(VLOOKUP($AC19,CODES,2,FALSE),""),IFERROR(VLOOKUP($AO19,CODES,2,FALSE),""))&" "&IFERROR(VLOOKUP($AP19,CODES,2,FALSE),"")&IF(OR($AQ19="",$AQ19="-"),""," SEAM "&$AQ19)&IF($AR19="Y"," ASTRAGAL","")&IF($AJ19=""," "," "&$AJ19)&IF($AK19=""," "," "&$AK19)&IF(OR($AT19="",$AT19="ANSI/SDI",$AT19="CUSTOM LOC"),""," "&$AT19)&IF($AM19=""," "," SERIES "&$AM19)&" "&IFERROR(VLOOKUP($H19,CODES,2,FALSE),"")&IF($CT19," | LOC "&$CZ19,""))) | CL19: =IF(CP19="","",IF(COUNTIF($CP$6:CP19,CP19)=1,MAX($CL$5:CL18)+1,INDEX($CL$5:CL18,MATCH(CP19,$CP$5:CP18,0)))) | CM19: =IF(NOT(AND($A19<>"",$C19<>"DOOR ONLY")),"",MAX($CM$5:CM18)+1) | CN19: =IF(NOT(AND($A19<>"",N($BJ19)>0)),"",MAX($CN$5:CN18)+1) | CO19: =IF($A19="","",MAX($CO$5:CO18)+1) | CP19: =IF(OR($A19="",$BH19="",$BI19=""),"",$BG19&"|"&$O19&"|"&$AL19&"|"&$S19&"|"&$P19&"|"&$Q19&$R19&"|"&$C19&"|"&$AB19) | CQ19: =N($BS19) | CR19: =IF(N($AU19)>0,N($AU19),4.5) | CS19: =OR($A19="",$BI19="",$S19="BL",AND($C19="FRAME ONLY",OR($AC19="",$AC19="BLK"))) | CT19: =AND(NOT($CS19),OR($AT19="CUSTOM LOC",N($AW19)+N($AX19)+N($AY19)+N($AZ19)+N($BA19)>0)) | CU19: =IF($BI19="","",IF($BI19<=80,80,IF($BI19<=84,84,96))) | CV19: =ISNUMBER(MATCH($AT19&"|80",LocKeys,0)) | CW19: =IF($CS19,"",IF($CV19,VLOOKUP($AT19&"|"&$CU19,LocTable,4,FALSE),5)) | CX19: =IF($CS19,"",IF($CV19,IF(OR($BI19=$CU19,AND($BI19<$CU19,$BI19-IF(N(VLOOKUP($AT19&"|"&$CU19,LocTable,7,FALSE))>0,VLOOKUP($AT19&"|"&$CU19,LocTable,7,FALSE),VLOOKUP($AT19&"|"&$CU19,LocTable,6,FALSE))-$CR19-0.75>=2.125)),IF(N(VLOOKUP($AT19&"|"&$CU19,LocTable,7,FALSE))>0,VLOOKUP($AT19&"|"&$CU19,LocTable,7,FALSE),VLOOKUP($AT19&"|"&$CU19,LocTable,6,FALSE)),$BI19-($CU19-IF(N(VLOOKUP($AT19&"|"&$CU19,LocTable,7,FALSE))>0,VLOOKUP($AT19&"|"&$CU19,LocTable,7,FALSE),VLOOKUP($AT19&"|"&$CU19,LocTable,6,FALSE)))),$BI19-10-$CR19)) | CY19: =IF($CS19,"",TRIM(IF(ISNUMBER($BU19),"A "&TRIM(TEXT($BU19,"# ?/??"))&CHAR(34)&" ","")&IF(ISNUMBER($BV19),"B "&TRIM(TEXT($BV19,"# ?/??"))&CHAR(34)&" ","")&IF(ISNUMBER($BW19),"C "&TRIM(TEXT($BW19,"# ?/??"))&CHAR(34)&" ","")&IF(ISNUMBER($BX19),"D "&TRIM(TEXT($BX19,"# ?/??"))&CHAR(34)&" ","")&IF(ISNUMBER($BY19),"F "&TRIM(TEXT($BY19,"# ?/??"))&CHAR(34)&" ","")&IF(ISNUMBER($BZ19),"E "&TRIM(TEXT($BZ19,"# ?/??"))&CHAR(34)&" ",""))) | CZ19: =IF(OR($CS19,N($BJ19)=0),"",TRIM(IF(ISNUMBER($BU19),"A "&TRIM(TEXT($BU19-HeadClr,"# ?/??"))&CHAR(34)&" ","")&IF(ISNUMBER($BV19),"B "&TRIM(TEXT($BV19-HeadClr,"# ?/??"))&CHAR(34)&" ","")&IF(ISNUMBER($BW19),"C "&TRIM(TEXT($BW19-HeadClr,"# ?/??"))&CHAR(34)&" ","")&IF(ISNUMBER($BX19),"D "&TRIM(TEXT($BX19-HeadClr,"# ?/??"))&CHAR(34)&" ","")&IF(ISNUMBER($BY19),"F "&TRIM(TEXT($BY19-HeadClr,"# ?/??"))&CHAR(34)&" ","")&IF(ISNUMBER($BZ19),"E "&TRIM(TEXT($BZ19-HeadClr,"# ?/??"))&CHAR(34)&" ",""))) | DA19: =IF($A19="","",IF($AN19="",IFERROR(VLOOKUP($Z19,CODES,2,FALSE),""),IFERROR(VLOOKUP($AN19,CODES,2,FALSE),""))) | DB19: =IF($A19="","",IF($O19="Y","PR",IF(OR($Z19="L",$Z19="RR",LEFT($Z19,2)="L-",LEFT($Z19,3)="RR-"),"LH","RH"))) | DC19: =IF($A19="","","S.HM"&IF(OR($C19="DOOR ONLY",$X19<>"KD"),"MASONRY","DRYWALL")&IF($C19="DOOR ONLY","",$U19)&IF(AND($C19<>"FRAME ONLY",OR(LEFT($AH19,3)="OAK",LEFT($AH19,3)="BIR",LEFT($AH19,3)="MAP",$AH19="PC",$AH19="MC",$AH19="SCLC",$AH19="P-LAM")),"WD","HM")&"1.75") | DD19: =IF($CJ19="","",IF($O19="Y",$CJ19,SUBSTITUTE($CJ19,$BG19&" "&IFERROR(VLOOKUP($Z19,CODES,2,FALSE),"")&" ",$BG19&" "))) | DE19: =IF($CK19="","",IF($O19="Y",$CK19,SUBSTITUTE($CK19,$BG19&" "&IF($AN19="",IFERROR(VLOOKUP($Z19,CODES,2,FALSE),""),IFERROR(VLOOKUP($AN19,CODES,2,FALSE),""))&" ",$BG19&" "))) | DF19: =IF($CJ19="","",$DC19&"|"&$DD19&"|"&$DB19&"|"&$AT19&"|"&$V19&"|"&$Y19&"|"&$AB19) | DG19: =IF(DF19="","",IF(COUNTIF($DF$6:DF19,DF19)=1,MAX($DG$5:DG18)+1,INDEX($DG$5:DG18,MATCH(DF19,$DF$5:DF18,0)))) | DH19: =IF($CK19="","",$DC19&"|"&$DE19&"|"&$AI19&"|"&$BK19&"|"&$BL19) | DI19: =IF(DH19="","",IF(COUNTIF($DH$6:DH19,DH19)=1,MAX($DI$5:DI18)+1,INDEX($DI$5:DI18,MATCH(DH19,$DH$5:DH18,0)))) | DJ19: =IF($A19="","",IF($B19="","qty, ","")&IF($C19="","scope, ","")&IF(OR($K19="",$M19=""),"size, ","")&IF(AND($A19<>"",$C19<>"DOOR ONLY"),IF($U19="","jamb depth, ","")&IF($X19="","construction, ","")&IF($Y19="","anchor, ","")&IF($S19="","frame type, ",""),"")&IF(AND(N($BJ19)>0,$Z19=""),"hand, ","")&IF(N($BJ19)>0,IF($AH19="","door material, ","")&IF($AL19="","face type, ","")&IF($AP19="","lock prep, ","")&IF(AND($AO19="",$AC19=""),"hinge prep, ",""),"")&IF(AND($CH19>0,$AH19="FRP"),"FRP cannot carry a label, ","")&IF(AND($O19="Y",OR($Z19="L",$Z19="R",$Z19="LR",$Z19="RR")),"pair marked but hand is single, ","")&IF(AND($O19<>"Y",OR($Z19="PR",AND(LEN($Z19)>1,ISNUMBER(SEARCH("-",$Z19))))),"pair hand on a single door, ","")&IF(AND(ISNUMBER($CI19),$CH19<N($CI19)),"wall needs a "&$CI19&" min door, ","")&IF(AND($CH19>=180,AND(OR($CE19="FG",$CE19="HG",$CE19="FNV",$CE19="FV"),N($CF19)*N($CG19)>100)),"180 min lite over 100 sq in, ","")&IF(N($BK19)>48,"leaf wider than 4'-0"&CHAR(34)&", ","")&IF(AND($CT19,COUNT($AW19:$AZ19)=0,$CQ19>0),"CUSTOM LOC with no locations typed, ","")) | DK19: =IF($A19="","",IF(AND($CH19>0,AND($A19<>"",$C19<>"DOOR ONLY"),$X19="KD",$E19="EXTERIOR"),"KD label on an exterior opening, ","")&IF(AND($E19="EXTERIOR",OR(AND(AND($A19<>"",$C19<>"DOOR ONLY"),$W19="CR"),AND(N($BJ19)>0,$AH19="CR"))),"exterior in CR steel (G9?), ","")&IF(AND(ISNUMBER($BQ19),N($BQ19)<32),"clear width ~"&TEXT($BQ19,"0.0")&CHAR(34)&" under 32"&CHAR(34)&" (ADA), ","")&IF(AND($CH19=90,AND(OR($CE19="FG",$CE19="HG",$CE19="FNV",$CE19="FV"),N($CF19)*N($CG19)>100)),"90 min lite over 100 sq in (stair/exit), ","")&IF(AND($CH19>0,AND($A19<>"",$C19<>"DOOR ONLY"),OR($AF19="",$AF19="-")),"rated: closer reinf.?, ","")&IF(OR($I19="CORRIDOR",$I19="SMOKE BARRIER"),"S label + smoke gasketing, ","")&IF($CI19="?","wall type/hr not in IBC table, ","")&IF(AND(N($BJ19)>0,$BB19=""),"no hardware set, ","")&IF(AND($BB19<>"",ISNA(MATCH($BB19&"",HWSets,0))),"set "&$BB19&" not on HW Sets, ","")&IF(N($BL19)>96,"leaf over 8'-0"&CHAR(34)&" - check listing, ","")&IF(AND($CT19,COUNT($AW19:$AZ19)>0,COUNT($AW19:$AZ19)<>$CQ19),COUNT($AW19:$AZ19)&" custom hinges typed, "&$CQ19&" expected, ","")&IF(AND(ISNUMBER($CA19),OR(N($CA19)<34,N($CA19)>48)),"lock "&TEXT($CA19,"0.0")&CHAR(34)&" AFF outside 34-48"&CHAR(34)&" (ADA), ","")&IF(AND(ISNUMBER($AV19),ISNUMBER($BL19),N($AV19)<IF(N($BL19)<=60,2,IF(N($BL19)<=90,3,IF(N($BL19)<=120,4,5)))),"fewer hinges than standard, ",""))
BD20: =IF($A20="","",IF($DJ20<>"","FIX",IF($DK20<>"","CHECK","OK"))) | BE20: =IF($A20="","",IF($DJ20<>"","FIX: "&LEFT($DJ20,LEN($DJ20)-2)&IF($DK20<>""," · ",""),"")&IF($DK20<>"","CHECK: "&LEFT($DK20,LEN($DK20)-2),"")) | BF20: =IF(OR($A20="",$K20=""),"",$K20&"'-"&N($L20)&CHAR(34)&" x "&$M20&"'-"&N($N20)&CHAR(34)) | BG20: =IF(OR($A20="",$K20=""),"",$K20&N($L20)&$M20&N($N20)) | BH20: =IF(OR($A20="",$K20=""),"",$K20*12+N($L20)) | BI20: =IF(OR($A20="",$M20=""),"",$M20*12+N($N20)) | BJ20: =IF($A20="","",IF(OR($C20="FRAME ONLY",$S20="BL"),0,IF($O20="Y",2,1))) | BK20: =IF(OR(N($BJ20)=0,$BH20=""),"",($BH20-2*EdgeClr-IF($BJ20=2,MeetClr,0))/$BJ20) | BL20: =IF(OR(N($BJ20)=0,$BI20=""),"",$BI20-HeadClr-Undercut) | BM20: =IF($BH20="","",$BH20+2*FaceW+IF(N($Q20)>0,($Q20+FaceW)*IF($R20="LR",2,1),0)) | BN20: =IF($BI20="","",$BI20+IF($AB20="Y",4,FaceW)+IF(N($P20)>0,$P20+FaceW,0)+IF(OR($S20="4F",$S20="BL"),FaceW,0)) | BO20: =IF($BM20="","",$BM20+2*ROSide) | BP20: =IF($BN20="","",$BN20+ROTop) | BQ20: =IF(OR(N($BJ20)=0,$BH20=""),"",$BH20/$BJ20-ClearDeduct) | BR20: =IF(N($CH20)=0,"",IF($CH20>=180,"A · 3 HR",IF($CH20>=90,"B · 1-1/2 HR",IF($CH20>=60,"B · 1 HR",IF($CH20>=45,"C · 3/4 HR","20 MIN")))))&IF(AND(N($CH20)>0,OR($I20="CORRIDOR",$I20="SMOKE BARRIER"))," · S","") | BS20: =IF($CS20,"",IF($AV20<>"",$AV20,IF(OR($AC20="HGC",$AO20="HGC"),"CONT",IF(($BI20-HeadClr-Undercut)<=60,2,IF(($BI20-HeadClr-Undercut)<=90,3,IF(($BI20-HeadClr-Undercut)<=120,4,5)))))) | BT20: =IF($CS20,"",IF($CT20,"CUSTOM (typed)",IF($CV20,$AT20&" "&$CU20&CHAR(34)&IF($CU20<>$BI20,IF(AND($BI20<$CU20,$BI20-IF(N(VLOOKUP($AT20&"|"&$CU20,LocTable,7,FALSE))>0,VLOOKUP($AT20&"|"&$CU20,LocTable,7,FALSE),VLOOKUP($AT20&"|"&$CU20,LocTable,6,FALSE))-$CR20-0.75>=2.125)," cut down"," adj."),""),"ANSI/SDI A250.6"))) | BU20: =IF($CS20,"",IF($CT20,IF(N($AW20)>0,N($AW20),""),IF(1>$CQ20,"",IF($CQ20=1,$CW20,$CW20+($CX20-$CW20)*0/($CQ20-1))))) | BV20: =IF($CS20,"",IF($CT20,IF(N($AX20)>0,N($AX20),""),IF(2>$CQ20,"",IF($CQ20=1,$CW20,$CW20+($CX20-$CW20)*1/($CQ20-1))))) | BW20: =IF($CS20,"",IF($CT20,IF(N($AY20)>0,N($AY20),""),IF(3>$CQ20,"",IF($CQ20=1,$CW20,$CW20+($CX20-$CW20)*2/($CQ20-1))))) | BX20: =IF($CS20,"",IF($CT20,IF(N($AZ20)>0,N($AZ20),""),IF(4>$CQ20,"",IF($CQ20=1,$CW20,$CW20+($CX20-$CW20)*3/($CQ20-1))))) | BY20: =IF($CS20,"",IF($CT20,"",IF(5>$CQ20,"",IF($CQ20=1,$CW20,$CW20+($CX20-$CW20)*4/($CQ20-1))))) | BZ20: =IF(OR($CS20,$AP20="-",AND($AP20="",$AD20="")),"",IF(N($BA20)>0,N($BA20),IF($CV20,IF(AND($BI20<$CU20,$BI20-IF(N(VLOOKUP($AT20&"|"&$CU20,LocTable,7,FALSE))>0,VLOOKUP($AT20&"|"&$CU20,LocTable,7,FALSE),VLOOKUP($AT20&"|"&$CU20,LocTable,6,FALSE))-$CR20-0.75>=2.125),VLOOKUP($AT20&"|"&$CU20,LocTable,8,FALSE),VLOOKUP($AT20&"|"&$CU20,LocTable,8,FALSE)+($BI20-$CU20)),$BI20-LockAFF))) | CA20: =IF($BZ20="","",$BI20-$BZ20) | CB20: =IF(OR(NOT(AND($A20<>"",$C20<>"DOOR ONLY")),$BI20=""),"",IF(($BI20+IF(N($P20)>0,$P20+FaceW,0))<=90,3,IF(($BI20+IF(N($P20)>0,$P20+FaceW,0))<=114,4,5))) | CC20: =IF($CB20="","",$CB20*(2+IF(N($Q20)>0,IF($R20="LR",2,1),0))) | CD20: =IF($CB20="","",(2+IF(N($Q20)>0,IF($R20="LR",2,1),0))) | CE20: =IF(N($BJ20)=0,"",IF(OR($AL20="",$AL20="FLUSH"),"FLUSH",IFERROR(LEFT($AL20,FIND("-",$AL20)-1),LEFT($AL20,2)))) | CF20: =IF($CE20="","",IFERROR(VALUE(MID($AL20,FIND("-",$AL20)+1,FIND(CHAR(34)&"x",$AL20)-FIND("-",$AL20)-1)),0)) | CG20: =IF($CE20="","",IFERROR(VALUE(MID($AL20,FIND(CHAR(34)&"x",$AL20)+2,FIND(CHAR(34),$AL20,FIND(CHAR(34)&"x",$AL20)+2)-FIND(CHAR(34)&"x",$AL20)-2)),0)) | CH20: =IF(OR($A20="",$H20="",$H20="NO LAB"),0,IFERROR(VALUE(LEFT($H20,FIND(" ",$H20)-1)),0)) | CI20: =IF(OR($A20="",$I20="",$I20="NON-RATED",N($J20)=0),"",IFERROR(VLOOKUP($I20&"|"&$J20,IBC,2,FALSE),"?")) | CJ20: =IF(NOT(AND($A20<>"",$C20<>"DOOR ONLY")),"",TRIM(IFERROR(VLOOKUP($U20,CODES,2,FALSE),"")&" "&$BG20&" "&IFERROR(VLOOKUP($Z20,CODES,2,FALSE),"")&" "&IFERROR(VLOOKUP($X20,CODES,2,FALSE),"")&" "&IFERROR(VLOOKUP($S20,CODES,2,FALSE),"")&IF(N($P20)>0," w/TRANSOM "&$P20&CHAR(34),"")&IF(N($Q20)>0," w/SIDELITE "&$Q20&CHAR(34)&" "&IF($R20="","R",$R20),"")&IF($Y20=""," | "," | "&IFERROR(VLOOKUP($Y20,CODES,2,FALSE),"")&" | ")&IFERROR(VLOOKUP($AC20,CODES,2,FALSE),"")&" "&IFERROR(VLOOKUP($AD20,CODES,2,FALSE),"")&IF(OR($AE20="",$AE20="-"),""," "&$AE20)&IF(OR($AF20="",$AF20="-"),""," "&$AF20)&IF($AB20="Y"," 4"&CHAR(34)&" HEAD","")&" "&IFERROR(VLOOKUP($H20,CODES,2,FALSE),"")&IF($CT20," | LOC "&$CY20,""))) | CK20: =IF(NOT(AND($A20<>"",N($BJ20)>0)),"",TRIM(IFERROR(VLOOKUP($AH20,CODES,2,FALSE),"")&IF($AI20=""," "," "&$AI20&"GA ")&$BG20&" "&IF($AN20="",IFERROR(VLOOKUP($Z20,CODES,2,FALSE),""),IFERROR(VLOOKUP($AN20,CODES,2,FALSE),""))&IF($BJ20=2," PAIR","")&" DOOR | "&IF($AL20="","?",$AL20)&" | "&IF($AO20="",IFERROR(VLOOKUP($AC20,CODES,2,FALSE),""),IFERROR(VLOOKUP($AO20,CODES,2,FALSE),""))&" "&IFERROR(VLOOKUP($AP20,CODES,2,FALSE),"")&IF(OR($AQ20="",$AQ20="-"),""," SEAM "&$AQ20)&IF($AR20="Y"," ASTRAGAL","")&IF($AJ20=""," "," "&$AJ20)&IF($AK20=""," "," "&$AK20)&IF(OR($AT20="",$AT20="ANSI/SDI",$AT20="CUSTOM LOC"),""," "&$AT20)&IF($AM20=""," "," SERIES "&$AM20)&" "&IFERROR(VLOOKUP($H20,CODES,2,FALSE),"")&IF($CT20," | LOC "&$CZ20,""))) | CL20: =IF(CP20="","",IF(COUNTIF($CP$6:CP20,CP20)=1,MAX($CL$5:CL19)+1,INDEX($CL$5:CL19,MATCH(CP20,$CP$5:CP19,0)))) | CM20: =IF(NOT(AND($A20<>"",$C20<>"DOOR ONLY")),"",MAX($CM$5:CM19)+1) | CN20: =IF(NOT(AND($A20<>"",N($BJ20)>0)),"",MAX($CN$5:CN19)+1) | CO20: =IF($A20="","",MAX($CO$5:CO19)+1) | CP20: =IF(OR($A20="",$BH20="",$BI20=""),"",$BG20&"|"&$O20&"|"&$AL20&"|"&$S20&"|"&$P20&"|"&$Q20&$R20&"|"&$C20&"|"&$AB20) | CQ20: =N($BS20) | CR20: =IF(N($AU20)>0,N($AU20),4.5) | CS20: =OR($A20="",$BI20="",$S20="BL",AND($C20="FRAME ONLY",OR($AC20="",$AC20="BLK"))) | CT20: =AND(NOT($CS20),OR($AT20="CUSTOM LOC",N($AW20)+N($AX20)+N($AY20)+N($AZ20)+N($BA20)>0)) | CU20: =IF($BI20="","",IF($BI20<=80,80,IF($BI20<=84,84,96))) | CV20: =ISNUMBER(MATCH($AT20&"|80",LocKeys,0)) | CW20: =IF($CS20,"",IF($CV20,VLOOKUP($AT20&"|"&$CU20,LocTable,4,FALSE),5)) | CX20: =IF($CS20,"",IF($CV20,IF(OR($BI20=$CU20,AND($BI20<$CU20,$BI20-IF(N(VLOOKUP($AT20&"|"&$CU20,LocTable,7,FALSE))>0,VLOOKUP($AT20&"|"&$CU20,LocTable,7,FALSE),VLOOKUP($AT20&"|"&$CU20,LocTable,6,FALSE))-$CR20-0.75>=2.125)),IF(N(VLOOKUP($AT20&"|"&$CU20,LocTable,7,FALSE))>0,VLOOKUP($AT20&"|"&$CU20,LocTable,7,FALSE),VLOOKUP($AT20&"|"&$CU20,LocTable,6,FALSE)),$BI20-($CU20-IF(N(VLOOKUP($AT20&"|"&$CU20,LocTable,7,FALSE))>0,VLOOKUP($AT20&"|"&$CU20,LocTable,7,FALSE),VLOOKUP($AT20&"|"&$CU20,LocTable,6,FALSE)))),$BI20-10-$CR20)) | CY20: =IF($CS20,"",TRIM(IF(ISNUMBER($BU20),"A "&TRIM(TEXT($BU20,"# ?/??"))&CHAR(34)&" ","")&IF(ISNUMBER($BV20),"B "&TRIM(TEXT($BV20,"# ?/??"))&CHAR(34)&" ","")&IF(ISNUMBER($BW20),"C "&TRIM(TEXT($BW20,"# ?/??"))&CHAR(34)&" ","")&IF(ISNUMBER($BX20),"D "&TRIM(TEXT($BX20,"# ?/??"))&CHAR(34)&" ","")&IF(ISNUMBER($BY20),"F "&TRIM(TEXT($BY20,"# ?/??"))&CHAR(34)&" ","")&IF(ISNUMBER($BZ20),"E "&TRIM(TEXT($BZ20,"# ?/??"))&CHAR(34)&" ",""))) | CZ20: =IF(OR($CS20,N($BJ20)=0),"",TRIM(IF(ISNUMBER($BU20),"A "&TRIM(TEXT($BU20-HeadClr,"# ?/??"))&CHAR(34)&" ","")&IF(ISNUMBER($BV20),"B "&TRIM(TEXT($BV20-HeadClr,"# ?/??"))&CHAR(34)&" ","")&IF(ISNUMBER($BW20),"C "&TRIM(TEXT($BW20-HeadClr,"# ?/??"))&CHAR(34)&" ","")&IF(ISNUMBER($BX20),"D "&TRIM(TEXT($BX20-HeadClr,"# ?/??"))&CHAR(34)&" ","")&IF(ISNUMBER($BY20),"F "&TRIM(TEXT($BY20-HeadClr,"# ?/??"))&CHAR(34)&" ","")&IF(ISNUMBER($BZ20),"E "&TRIM(TEXT($BZ20-HeadClr,"# ?/??"))&CHAR(34)&" ",""))) | DA20: =IF($A20="","",IF($AN20="",IFERROR(VLOOKUP($Z20,CODES,2,FALSE),""),IFERROR(VLOOKUP($AN20,CODES,2,FALSE),""))) | DB20: =IF($A20="","",IF($O20="Y","PR",IF(OR($Z20="L",$Z20="RR",LEFT($Z20,2)="L-",LEFT($Z20,3)="RR-"),"LH","RH"))) | DC20: =IF($A20="","","S.HM"&IF(OR($C20="DOOR ONLY",$X20<>"KD"),"MASONRY","DRYWALL")&IF($C20="DOOR ONLY","",$U20)&IF(AND($C20<>"FRAME ONLY",OR(LEFT($AH20,3)="OAK",LEFT($AH20,3)="BIR",LEFT($AH20,3)="MAP",$AH20="PC",$AH20="MC",$AH20="SCLC",$AH20="P-LAM")),"WD","HM")&"1.75") | DD20: =IF($CJ20="","",IF($O20="Y",$CJ20,SUBSTITUTE($CJ20,$BG20&" "&IFERROR(VLOOKUP($Z20,CODES,2,FALSE),"")&" ",$BG20&" "))) | DE20: =IF($CK20="","",IF($O20="Y",$CK20,SUBSTITUTE($CK20,$BG20&" "&IF($AN20="",IFERROR(VLOOKUP($Z20,CODES,2,FALSE),""),IFERROR(VLOOKUP($AN20,CODES,2,FALSE),""))&" ",$BG20&" "))) | DF20: =IF($CJ20="","",$DC20&"|"&$DD20&"|"&$DB20&"|"&$AT20&"|"&$V20&"|"&$Y20&"|"&$AB20) | DG20: =IF(DF20="","",IF(COUNTIF($DF$6:DF20,DF20)=1,MAX($DG$5:DG19)+1,INDEX($DG$5:DG19,MATCH(DF20,$DF$5:DF19,0)))) | DH20: =IF($CK20="","",$DC20&"|"&$DE20&"|"&$AI20&"|"&$BK20&"|"&$BL20) | DI20: =IF(DH20="","",IF(COUNTIF($DH$6:DH20,DH20)=1,MAX($DI$5:DI19)+1,INDEX($DI$5:DI19,MATCH(DH20,$DH$5:DH19,0)))) | DJ20: =IF($A20="","",IF($B20="","qty, ","")&IF($C20="","scope, ","")&IF(OR($K20="",$M20=""),"size, ","")&IF(AND($A20<>"",$C20<>"DOOR ONLY"),IF($U20="","jamb depth, ","")&IF($X20="","construction, ","")&IF($Y20="","anchor, ","")&IF($S20="","frame type, ",""),"")&IF(AND(N($BJ20)>0,$Z20=""),"hand, ","")&IF(N($BJ20)>0,IF($AH20="","door material, ","")&IF($AL20="","face type, ","")&IF($AP20="","lock prep, ","")&IF(AND($AO20="",$AC20=""),"hinge prep, ",""),"")&IF(AND($CH20>0,$AH20="FRP"),"FRP cannot carry a label, ","")&IF(AND($O20="Y",OR($Z20="L",$Z20="R",$Z20="LR",$Z20="RR")),"pair marked but hand is single, ","")&IF(AND($O20<>"Y",OR($Z20="PR",AND(LEN($Z20)>1,ISNUMBER(SEARCH("-",$Z20))))),"pair hand on a single door, ","")&IF(AND(ISNUMBER($CI20),$CH20<N($CI20)),"wall needs a "&$CI20&" min door, ","")&IF(AND($CH20>=180,AND(OR($CE20="FG",$CE20="HG",$CE20="FNV",$CE20="FV"),N($CF20)*N($CG20)>100)),"180 min lite over 100 sq in, ","")&IF(N($BK20)>48,"leaf wider than 4'-0"&CHAR(34)&", ","")&IF(AND($CT20,COUNT($AW20:$AZ20)=0,$CQ20>0),"CUSTOM LOC with no locations typed, ","")) | DK20: =IF($A20="","",IF(AND($CH20>0,AND($A20<>"",$C20<>"DOOR ONLY"),$X20="KD",$E20="EXTERIOR"),"KD label on an exterior opening, ","")&IF(AND($E20="EXTERIOR",OR(AND(AND($A20<>"",$C20<>"DOOR ONLY"),$W20="CR"),AND(N($BJ20)>0,$AH20="CR"))),"exterior in CR steel (G9?), ","")&IF(AND(ISNUMBER($BQ20),N($BQ20)<32),"clear width ~"&TEXT($BQ20,"0.0")&CHAR(34)&" under 32"&CHAR(34)&" (ADA), ","")&IF(AND($CH20=90,AND(OR($CE20="FG",$CE20="HG",$CE20="FNV",$CE20="FV"),N($CF20)*N($CG20)>100)),"90 min lite over 100 sq in (stair/exit), ","")&IF(AND($CH20>0,AND($A20<>"",$C20<>"DOOR ONLY"),OR($AF20="",$AF20="-")),"rated: closer reinf.?, ","")&IF(OR($I20="CORRIDOR",$I20="SMOKE BARRIER"),"S label + smoke gasketing, ","")&IF($CI20="?","wall type/hr not in IBC table, ","")&IF(AND(N($BJ20)>0,$BB20=""),"no hardware set, ","")&IF(AND($BB20<>"",ISNA(MATCH($BB20&"",HWSets,0))),"set "&$BB20&" not on HW Sets, ","")&IF(N($BL20)>96,"leaf over 8'-0"&CHAR(34)&" - check listing, ","")&IF(AND($CT20,COUNT($AW20:$AZ20)>0,COUNT($AW20:$AZ20)<>$CQ20),COUNT($AW20:$AZ20)&" custom hinges typed, "&$CQ20&" expected, ","")&IF(AND(ISNUMBER($CA20),OR(N($CA20)<34,N($CA20)>48)),"lock "&TEXT($CA20,"0.0")&CHAR(34)&" AFF outside 34-48"&CHAR(34)&" (ADA), ","")&IF(AND(ISNUMBER($AV20),ISNUMBER($BL20),N($AV20)<IF(N($BL20)<=60,2,IF(N($BL20)<=90,3,IF(N($BL20)<=120,4,5)))),"fewer hinges than standard, ",""))
BD21: =IF($A21="","",IF($DJ21<>"","FIX",IF($DK21<>"","CHECK","OK"))) | BE21: =IF($A21="","",IF($DJ21<>"","FIX: "&LEFT($DJ21,LEN($DJ21)-2)&IF($DK21<>""," · ",""),"")&IF($DK21<>"","CHECK: "&LEFT($DK21,LEN($DK21)-2),"")) | BF21: =IF(OR($A21="",$K21=""),"",$K21&"'-"&N($L21)&CHAR(34)&" x "&$M21&"'-"&N($N21)&CHAR(34)) | BG21: =IF(OR($A21="",$K21=""),"",$K21&N($L21)&$M21&N($N21)) | BH21: =IF(OR($A21="",$K21=""),"",$K21*12+N($L21)) | BI21: =IF(OR($A21="",$M21=""),"",$M21*12+N($N21)) | BJ21: =IF($A21="","",IF(OR($C21="FRAME ONLY",$S21="BL"),0,IF($O21="Y",2,1))) | BK21: =IF(OR(N($BJ21)=0,$BH21=""),"",($BH21-2*EdgeClr-IF($BJ21=2,MeetClr,0))/$BJ21) | BL21: =IF(OR(N($BJ21)=0,$BI21=""),"",$BI21-HeadClr-Undercut) | BM21: =IF($BH21="","",$BH21+2*FaceW+IF(N($Q21)>0,($Q21+FaceW)*IF($R21="LR",2,1),0)) | BN21: =IF($BI21="","",$BI21+IF($AB21="Y",4,FaceW)+IF(N($P21)>0,$P21+FaceW,0)+IF(OR($S21="4F",$S21="BL"),FaceW,0)) | BO21: =IF($BM21="","",$BM21+2*ROSide) | BP21: =IF($BN21="","",$BN21+ROTop) | BQ21: =IF(OR(N($BJ21)=0,$BH21=""),"",$BH21/$BJ21-ClearDeduct) | BR21: =IF(N($CH21)=0,"",IF($CH21>=180,"A · 3 HR",IF($CH21>=90,"B · 1-1/2 HR",IF($CH21>=60,"B · 1 HR",IF($CH21>=45,"C · 3/4 HR","20 MIN")))))&IF(AND(N($CH21)>0,OR($I21="CORRIDOR",$I21="SMOKE BARRIER"))," · S","") | BS21: =IF($CS21,"",IF($AV21<>"",$AV21,IF(OR($AC21="HGC",$AO21="HGC"),"CONT",IF(($BI21-HeadClr-Undercut)<=60,2,IF(($BI21-HeadClr-Undercut)<=90,3,IF(($BI21-HeadClr-Undercut)<=120,4,5)))))) | BT21: =IF($CS21,"",IF($CT21,"CUSTOM (typed)",IF($CV21,$AT21&" "&$CU21&CHAR(34)&IF($CU21<>$BI21,IF(AND($BI21<$CU21,$BI21-IF(N(VLOOKUP($AT21&"|"&$CU21,LocTable,7,FALSE))>0,VLOOKUP($AT21&"|"&$CU21,LocTable,7,FALSE),VLOOKUP($AT21&"|"&$CU21,LocTable,6,FALSE))-$CR21-0.75>=2.125)," cut down"," adj."),""),"ANSI/SDI A250.6"))) | BU21: =IF($CS21,"",IF($CT21,IF(N($AW21)>0,N($AW21),""),IF(1>$CQ21,"",IF($CQ21=1,$CW21,$CW21+($CX21-$CW21)*0/($CQ21-1))))) | BV21: =IF($CS21,"",IF($CT21,IF(N($AX21)>0,N($AX21),""),IF(2>$CQ21,"",IF($CQ21=1,$CW21,$CW21+($CX21-$CW21)*1/($CQ21-1))))) | BW21: =IF($CS21,"",IF($CT21,IF(N($AY21)>0,N($AY21),""),IF(3>$CQ21,"",IF($CQ21=1,$CW21,$CW21+($CX21-$CW21)*2/($CQ21-1))))) | BX21: =IF($CS21,"",IF($CT21,IF(N($AZ21)>0,N($AZ21),""),IF(4>$CQ21,"",IF($CQ21=1,$CW21,$CW21+($CX21-$CW21)*3/($CQ21-1))))) | BY21: =IF($CS21,"",IF($CT21,"",IF(5>$CQ21,"",IF($CQ21=1,$CW21,$CW21+($CX21-$CW21)*4/($CQ21-1))))) | BZ21: =IF(OR($CS21,$AP21="-",AND($AP21="",$AD21="")),"",IF(N($BA21)>0,N($BA21),IF($CV21,IF(AND($BI21<$CU21,$BI21-IF(N(VLOOKUP($AT21&"|"&$CU21,LocTable,7,FALSE))>0,VLOOKUP($AT21&"|"&$CU21,LocTable,7,FALSE),VLOOKUP($AT21&"|"&$CU21,LocTable,6,FALSE))-$CR21-0.75>=2.125),VLOOKUP($AT21&"|"&$CU21,LocTable,8,FALSE),VLOOKUP($AT21&"|"&$CU21,LocTable,8,FALSE)+($BI21-$CU21)),$BI21-LockAFF))) | CA21: =IF($BZ21="","",$BI21-$BZ21) | CB21: =IF(OR(NOT(AND($A21<>"",$C21<>"DOOR ONLY")),$BI21=""),"",IF(($BI21+IF(N($P21)>0,$P21+FaceW,0))<=90,3,IF(($BI21+IF(N($P21)>0,$P21+FaceW,0))<=114,4,5))) | CC21: =IF($CB21="","",$CB21*(2+IF(N($Q21)>0,IF($R21="LR",2,1),0))) | CD21: =IF($CB21="","",(2+IF(N($Q21)>0,IF($R21="LR",2,1),0))) | CE21: =IF(N($BJ21)=0,"",IF(OR($AL21="",$AL21="FLUSH"),"FLUSH",IFERROR(LEFT($AL21,FIND("-",$AL21)-1),LEFT($AL21,2)))) | CF21: =IF($CE21="","",IFERROR(VALUE(MID($AL21,FIND("-",$AL21)+1,FIND(CHAR(34)&"x",$AL21)-FIND("-",$AL21)-1)),0)) | CG21: =IF($CE21="","",IFERROR(VALUE(MID($AL21,FIND(CHAR(34)&"x",$AL21)+2,FIND(CHAR(34),$AL21,FIND(CHAR(34)&"x",$AL21)+2)-FIND(CHAR(34)&"x",$AL21)-2)),0)) | CH21: =IF(OR($A21="",$H21="",$H21="NO LAB"),0,IFERROR(VALUE(LEFT($H21,FIND(" ",$H21)-1)),0)) | CI21: =IF(OR($A21="",$I21="",$I21="NON-RATED",N($J21)=0),"",IFERROR(VLOOKUP($I21&"|"&$J21,IBC,2,FALSE),"?")) | CJ21: =IF(NOT(AND($A21<>"",$C21<>"DOOR ONLY")),"",TRIM(IFERROR(VLOOKUP($U21,CODES,2,FALSE),"")&" "&$BG21&" "&IFERROR(VLOOKUP($Z21,CODES,2,FALSE),"")&" "&IFERROR(VLOOKUP($X21,CODES,2,FALSE),"")&" "&IFERROR(VLOOKUP($S21,CODES,2,FALSE),"")&IF(N($P21)>0," w/TRANSOM "&$P21&CHAR(34),"")&IF(N($Q21)>0," w/SIDELITE "&$Q21&CHAR(34)&" "&IF($R21="","R",$R21),"")&IF($Y21=""," | "," | "&IFERROR(VLOOKUP($Y21,CODES,2,FALSE),"")&" | ")&IFERROR(VLOOKUP($AC21,CODES,2,FALSE),"")&" "&IFERROR(VLOOKUP($AD21,CODES,2,FALSE),"")&IF(OR($AE21="",$AE21="-"),""," "&$AE21)&IF(OR($AF21="",$AF21="-"),""," "&$AF21)&IF($AB21="Y"," 4"&CHAR(34)&" HEAD","")&" "&IFERROR(VLOOKUP($H21,CODES,2,FALSE),"")&IF($CT21," | LOC "&$CY21,""))) | CK21: =IF(NOT(AND($A21<>"",N($BJ21)>0)),"",TRIM(IFERROR(VLOOKUP($AH21,CODES,2,FALSE),"")&IF($AI21=""," "," "&$AI21&"GA ")&$BG21&" "&IF($AN21="",IFERROR(VLOOKUP($Z21,CODES,2,FALSE),""),IFERROR(VLOOKUP($AN21,CODES,2,FALSE),""))&IF($BJ21=2," PAIR","")&" DOOR | "&IF($AL21="","?",$AL21)&" | "&IF($AO21="",IFERROR(VLOOKUP($AC21,CODES,2,FALSE),""),IFERROR(VLOOKUP($AO21,CODES,2,FALSE),""))&" "&IFERROR(VLOOKUP($AP21,CODES,2,FALSE),"")&IF(OR($AQ21="",$AQ21="-"),""," SEAM "&$AQ21)&IF($AR21="Y"," ASTRAGAL","")&IF($AJ21=""," "," "&$AJ21)&IF($AK21=""," "," "&$AK21)&IF(OR($AT21="",$AT21="ANSI/SDI",$AT21="CUSTOM LOC"),""," "&$AT21)&IF($AM21=""," "," SERIES "&$AM21)&" "&IFERROR(VLOOKUP($H21,CODES,2,FALSE),"")&IF($CT21," | LOC "&$CZ21,""))) | CL21: =IF(CP21="","",IF(COUNTIF($CP$6:CP21,CP21)=1,MAX($CL$5:CL20)+1,INDEX($CL$5:CL20,MATCH(CP21,$CP$5:CP20,0)))) | CM21: =IF(NOT(AND($A21<>"",$C21<>"DOOR ONLY")),"",MAX($CM$5:CM20)+1) | CN21: =IF(NOT(AND($A21<>"",N($BJ21)>0)),"",MAX($CN$5:CN20)+1) | CO21: =IF($A21="","",MAX($CO$5:CO20)+1) | CP21: =IF(OR($A21="",$BH21="",$BI21=""),"",$BG21&"|"&$O21&"|"&$AL21&"|"&$S21&"|"&$P21&"|"&$Q21&$R21&"|"&$C21&"|"&$AB21) | CQ21: =N($BS21) | CR21: =IF(N($AU21)>0,N($AU21),4.5) | CS21: =OR($A21="",$BI21="",$S21="BL",AND($C21="FRAME ONLY",OR($AC21="",$AC21="BLK"))) | CT21: =AND(NOT($CS21),OR($AT21="CUSTOM LOC",N($AW21)+N($AX21)+N($AY21)+N($AZ21)+N($BA21)>0)) | CU21: =IF($BI21="","",IF($BI21<=80,80,IF($BI21<=84,84,96))) | CV21: =ISNUMBER(MATCH($AT21&"|80",LocKeys,0)) | CW21: =IF($CS21,"",IF($CV21,VLOOKUP($AT21&"|"&$CU21,LocTable,4,FALSE),5)) | CX21: =IF($CS21,"",IF($CV21,IF(OR($BI21=$CU21,AND($BI21<$CU21,$BI21-IF(N(VLOOKUP($AT21&"|"&$CU21,LocTable,7,FALSE))>0,VLOOKUP($AT21&"|"&$CU21,LocTable,7,FALSE),VLOOKUP($AT21&"|"&$CU21,LocTable,6,FALSE))-$CR21-0.75>=2.125)),IF(N(VLOOKUP($AT21&"|"&$CU21,LocTable,7,FALSE))>0,VLOOKUP($AT21&"|"&$CU21,LocTable,7,FALSE),VLOOKUP($AT21&"|"&$CU21,LocTable,6,FALSE)),$BI21-($CU21-IF(N(VLOOKUP($AT21&"|"&$CU21,LocTable,7,FALSE))>0,VLOOKUP($AT21&"|"&$CU21,LocTable,7,FALSE),VLOOKUP($AT21&"|"&$CU21,LocTable,6,FALSE)))),$BI21-10-$CR21)) | CY21: =IF($CS21,"",TRIM(IF(ISNUMBER($BU21),"A "&TRIM(TEXT($BU21,"# ?/??"))&CHAR(34)&" ","")&IF(ISNUMBER($BV21),"B "&TRIM(TEXT($BV21,"# ?/??"))&CHAR(34)&" ","")&IF(ISNUMBER($BW21),"C "&TRIM(TEXT($BW21,"# ?/??"))&CHAR(34)&" ","")&IF(ISNUMBER($BX21),"D "&TRIM(TEXT($BX21,"# ?/??"))&CHAR(34)&" ","")&IF(ISNUMBER($BY21),"F "&TRIM(TEXT($BY21,"# ?/??"))&CHAR(34)&" ","")&IF(ISNUMBER($BZ21),"E "&TRIM(TEXT($BZ21,"# ?/??"))&CHAR(34)&" ",""))) | CZ21: =IF(OR($CS21,N($BJ21)=0),"",TRIM(IF(ISNUMBER($BU21),"A "&TRIM(TEXT($BU21-HeadClr,"# ?/??"))&CHAR(34)&" ","")&IF(ISNUMBER($BV21),"B "&TRIM(TEXT($BV21-HeadClr,"# ?/??"))&CHAR(34)&" ","")&IF(ISNUMBER($BW21),"C "&TRIM(TEXT($BW21-HeadClr,"# ?/??"))&CHAR(34)&" ","")&IF(ISNUMBER($BX21),"D "&TRIM(TEXT($BX21-HeadClr,"# ?/??"))&CHAR(34)&" ","")&IF(ISNUMBER($BY21),"F "&TRIM(TEXT($BY21-HeadClr,"# ?/??"))&CHAR(34)&" ","")&IF(ISNUMBER($BZ21),"E "&TRIM(TEXT($BZ21-HeadClr,"# ?/??"))&CHAR(34)&" ",""))) | DA21: =IF($A21="","",IF($AN21="",IFERROR(VLOOKUP($Z21,CODES,2,FALSE),""),IFERROR(VLOOKUP($AN21,CODES,2,FALSE),""))) | DB21: =IF($A21="","",IF($O21="Y","PR",IF(OR($Z21="L",$Z21="RR",LEFT($Z21,2)="L-",LEFT($Z21,3)="RR-"),"LH","RH"))) | DC21: =IF($A21="","","S.HM"&IF(OR($C21="DOOR ONLY",$X21<>"KD"),"MASONRY","DRYWALL")&IF($C21="DOOR ONLY","",$U21)&IF(AND($C21<>"FRAME ONLY",OR(LEFT($AH21,3)="OAK",LEFT($AH21,3)="BIR",LEFT($AH21,3)="MAP",$AH21="PC",$AH21="MC",$AH21="SCLC",$AH21="P-LAM")),"WD","HM")&"1.75") | DD21: =IF($CJ21="","",IF($O21="Y",$CJ21,SUBSTITUTE($CJ21,$BG21&" "&IFERROR(VLOOKUP($Z21,CODES,2,FALSE),"")&" ",$BG21&" "))) | DE21: =IF($CK21="","",IF($O21="Y",$CK21,SUBSTITUTE($CK21,$BG21&" "&IF($AN21="",IFERROR(VLOOKUP($Z21,CODES,2,FALSE),""),IFERROR(VLOOKUP($AN21,CODES,2,FALSE),""))&" ",$BG21&" "))) | DF21: =IF($CJ21="","",$DC21&"|"&$DD21&"|"&$DB21&"|"&$AT21&"|"&$V21&"|"&$Y21&"|"&$AB21) | DG21: =IF(DF21="","",IF(COUNTIF($DF$6:DF21,DF21)=1,MAX($DG$5:DG20)+1,INDEX($DG$5:DG20,MATCH(DF21,$DF$5:DF20,0)))) | DH21: =IF($CK21="","",$DC21&"|"&$DE21&"|"&$AI21&"|"&$BK21&"|"&$BL21) | DI21: =IF(DH21="","",IF(COUNTIF($DH$6:DH21,DH21)=1,MAX($DI$5:DI20)+1,INDEX($DI$5:DI20,MATCH(DH21,$DH$5:DH20,0)))) | DJ21: =IF($A21="","",IF($B21="","qty, ","")&IF($C21="","scope, ","")&IF(OR($K21="",$M21=""),"size, ","")&IF(AND($A21<>"",$C21<>"DOOR ONLY"),IF($U21="","jamb depth, ","")&IF($X21="","construction, ","")&IF($Y21="","anchor, ","")&IF($S21="","frame type, ",""),"")&IF(AND(N($BJ21)>0,$Z21=""),"hand, ","")&IF(N($BJ21)>0,IF($AH21="","door material, ","")&IF($AL21="","face type, ","")&IF($AP21="","lock prep, ","")&IF(AND($AO21="",$AC21=""),"hinge prep, ",""),"")&IF(AND($CH21>0,$AH21="FRP"),"FRP cannot carry a label, ","")&IF(AND($O21="Y",OR($Z21="L",$Z21="R",$Z21="LR",$Z21="RR")),"pair marked but hand is single, ","")&IF(AND($O21<>"Y",OR($Z21="PR",AND(LEN($Z21)>1,ISNUMBER(SEARCH("-",$Z21))))),"pair hand on a single door, ","")&IF(AND(ISNUMBER($CI21),$CH21<N($CI21)),"wall needs a "&$CI21&" min door, ","")&IF(AND($CH21>=180,AND(OR($CE21="FG",$CE21="HG",$CE21="FNV",$CE21="FV"),N($CF21)*N($CG21)>100)),"180 min lite over 100 sq in, ","")&IF(N($BK21)>48,"leaf wider than 4'-0"&CHAR(34)&", ","")&IF(AND($CT21,COUNT($AW21:$AZ21)=0,$CQ21>0),"CUSTOM LOC with no locations typed, ","")) | DK21: =IF($A21="","",IF(AND($CH21>0,AND($A21<>"",$C21<>"DOOR ONLY"),$X21="KD",$E21="EXTERIOR"),"KD label on an exterior opening, ","")&IF(AND($E21="EXTERIOR",OR(AND(AND($A21<>"",$C21<>"DOOR ONLY"),$W21="CR"),AND(N($BJ21)>0,$AH21="CR"))),"exterior in CR steel (G9?), ","")&IF(AND(ISNUMBER($BQ21),N($BQ21)<32),"clear width ~"&TEXT($BQ21,"0.0")&CHAR(34)&" under 32"&CHAR(34)&" (ADA), ","")&IF(AND($CH21=90,AND(OR($CE21="FG",$CE21="HG",$CE21="FNV",$CE21="FV"),N($CF21)*N($CG21)>100)),"90 min lite over 100 sq in (stair/exit), ","")&IF(AND($CH21>0,AND($A21<>"",$C21<>"DOOR ONLY"),OR($AF21="",$AF21="-")),"rated: closer reinf.?, ","")&IF(OR($I21="CORRIDOR",$I21="SMOKE BARRIER"),"S label + smoke gasketing, ","")&IF($CI21="?","wall type/hr not in IBC table, ","")&IF(AND(N($BJ21)>0,$BB21=""),"no hardware set, ","")&IF(AND($BB21<>"",ISNA(MATCH($BB21&"",HWSets,0))),"set "&$BB21&" not on HW Sets, ","")&IF(N($BL21)>96,"leaf over 8'-0"&CHAR(34)&" - check listing, ","")&IF(AND($CT21,COUNT($AW21:$AZ21)>0,COUNT($AW21:$AZ21)<>$CQ21),COUNT($AW21:$AZ21)&" custom hinges typed, "&$CQ21&" expected, ","")&IF(AND(ISNUMBER($CA21),OR(N($CA21)<34,N($CA21)>48)),"lock "&TEXT($CA21,"0.0")&CHAR(34)&" AFF outside 34-48"&CHAR(34)&" (ADA), ","")&IF(AND(ISNUMBER($AV21),ISNUMBER($BL21),N($AV21)<IF(N($BL21)<=60,2,IF(N($BL21)<=90,3,IF(N($BL21)<=120,4,5)))),"fewer hinges than standard, ",""))
BD22: =IF($A22="","",IF($DJ22<>"","FIX",IF($DK22<>"","CHECK","OK"))) | BE22: =IF($A22="","",IF($DJ22<>"","FIX: "&LEFT($DJ22,LEN($DJ22)-2)&IF($DK22<>""," · ",""),"")&IF($DK22<>"","CHECK: "&LEFT($DK22,LEN($DK22)-2),"")) | BF22: =IF(OR($A22="",$K22=""),"",$K22&"'-"&N($L22)&CHAR(34)&" x "&$M22&"'-"&N($N22)&CHAR(34)) | BG22: =IF(OR($A22="",$K22=""),"",$K22&N($L22)&$M22&N($N22)) | BH22: =IF(OR($A22="",$K22=""),"",$K22*12+N($L22)) | BI22: =IF(OR($A22="",$M22=""),"",$M22*12+N($N22)) | BJ22: =IF($A22="","",IF(OR($C22="FRAME ONLY",$S22="BL"),0,IF($O22="Y",2,1))) | BK22: =IF(OR(N($BJ22)=0,$BH22=""),"",($BH22-2*EdgeClr-IF($BJ22=2,MeetClr,0))/$BJ22) | BL22: =IF(OR(N($BJ22)=0,$BI22=""),"",$BI22-HeadClr-Undercut) | BM22: =IF($BH22="","",$BH22+2*FaceW+IF(N($Q22)>0,($Q22+FaceW)*IF($R22="LR",2,1),0)) | BN22: =IF($BI22="","",$BI22+IF($AB22="Y",4,FaceW)+IF(N($P22)>0,$P22+FaceW,0)+IF(OR($S22="4F",$S22="BL"),FaceW,0)) | BO22: =IF($BM22="","",$BM22+2*ROSide) | BP22: =IF($BN22="","",$BN22+ROTop) | BQ22: =IF(OR(N($BJ22)=0,$BH22=""),"",$BH22/$BJ22-ClearDeduct) | BR22: =IF(N($CH22)=0,"",IF($CH22>=180,"A · 3 HR",IF($CH22>=90,"B · 1-1/2 HR",IF($CH22>=60,"B · 1 HR",IF($CH22>=45,"C · 3/4 HR","20 MIN")))))&IF(AND(N($CH22)>0,OR($I22="CORRIDOR",$I22="SMOKE BARRIER"))," · S","") | BS22: =IF($CS22,"",IF($AV22<>"",$AV22,IF(OR($AC22="HGC",$AO22="HGC"),"CONT",IF(($BI22-HeadClr-Undercut)<=60,2,IF(($BI22-HeadClr-Undercut)<=90,3,IF(($BI22-HeadClr-Undercut)<=120,4,5)))))) | BT22: =IF($CS22,"",IF($CT22,"CUSTOM (typed)",IF($CV22,$AT22&" "&$CU22&CHAR(34)&IF($CU22<>$BI22,IF(AND($BI22<$CU22,$BI22-IF(N(VLOOKUP($AT22&"|"&$CU22,LocTable,7,FALSE))>0,VLOOKUP($AT22&"|"&$CU22,LocTable,7,FALSE),VLOOKUP($AT22&"|"&$CU22,LocTable,6,FALSE))-$CR22-0.75>=2.125)," cut down"," adj."),""),"ANSI/SDI A250.6"))) | BU22: =IF($CS22,"",IF($CT22,IF(N($AW22)>0,N($AW22),""),IF(1>$CQ22,"",IF($CQ22=1,$CW22,$CW22+($CX22-$CW22)*0/($CQ22-1))))) | BV22: =IF($CS22,"",IF($CT22,IF(N($AX22)>0,N($AX22),""),IF(2>$CQ22,"",IF($CQ22=1,$CW22,$CW22+($CX22-$CW22)*1/($CQ22-1))))) | BW22: =IF($CS22,"",IF($CT22,IF(N($AY22)>0,N($AY22),""),IF(3>$CQ22,"",IF($CQ22=1,$CW22,$CW22+($CX22-$CW22)*2/($CQ22-1))))) | BX22: =IF($CS22,"",IF($CT22,IF(N($AZ22)>0,N($AZ22),""),IF(4>$CQ22,"",IF($CQ22=1,$CW22,$CW22+($CX22-$CW22)*3/($CQ22-1))))) | BY22: =IF($CS22,"",IF($CT22,"",IF(5>$CQ22,"",IF($CQ22=1,$CW22,$CW22+($CX22-$CW22)*4/($CQ22-1))))) | BZ22: =IF(OR($CS22,$AP22="-",AND($AP22="",$AD22="")),"",IF(N($BA22)>0,N($BA22),IF($CV22,IF(AND($BI22<$CU22,$BI22-IF(N(VLOOKUP($AT22&"|"&$CU22,LocTable,7,FALSE))>0,VLOOKUP($AT22&"|"&$CU22,LocTable,7,FALSE),VLOOKUP($AT22&"|"&$CU22,LocTable,6,FALSE))-$CR22-0.75>=2.125),VLOOKUP($AT22&"|"&$CU22,LocTable,8,FALSE),VLOOKUP($AT22&"|"&$CU22,LocTable,8,FALSE)+($BI22-$CU22)),$BI22-LockAFF))) | CA22: =IF($BZ22="","",$BI22-$BZ22) | CB22: =IF(OR(NOT(AND($A22<>"",$C22<>"DOOR ONLY")),$BI22=""),"",IF(($BI22+IF(N($P22)>0,$P22+FaceW,0))<=90,3,IF(($BI22+IF(N($P22)>0,$P22+FaceW,0))<=114,4,5))) | CC22: =IF($CB22="","",$CB22*(2+IF(N($Q22)>0,IF($R22="LR",2,1),0))) | CD22: =IF($CB22="","",(2+IF(N($Q22)>0,IF($R22="LR",2,1),0))) | CE22: =IF(N($BJ22)=0,"",IF(OR($AL22="",$AL22="FLUSH"),"FLUSH",IFERROR(LEFT($AL22,FIND("-",$AL22)-1),LEFT($AL22,2)))) | CF22: =IF($CE22="","",IFERROR(VALUE(MID($AL22,FIND("-",$AL22)+1,FIND(CHAR(34)&"x",$AL22)-FIND("-",$AL22)-1)),0)) | CG22: =IF($CE22="","",IFERROR(VALUE(MID($AL22,FIND(CHAR(34)&"x",$AL22)+2,FIND(CHAR(34),$AL22,FIND(CHAR(34)&"x",$AL22)+2)-FIND(CHAR(34)&"x",$AL22)-2)),0)) | CH22: =IF(OR($A22="",$H22="",$H22="NO LAB"),0,IFERROR(VALUE(LEFT($H22,FIND(" ",$H22)-1)),0)) | CI22: =IF(OR($A22="",$I22="",$I22="NON-RATED",N($J22)=0),"",IFERROR(VLOOKUP($I22&"|"&$J22,IBC,2,FALSE),"?")) | CJ22: =IF(NOT(AND($A22<>"",$C22<>"DOOR ONLY")),"",TRIM(IFERROR(VLOOKUP($U22,CODES,2,FALSE),"")&" "&$BG22&" "&IFERROR(VLOOKUP($Z22,CODES,2,FALSE),"")&" "&IFERROR(VLOOKUP($X22,CODES,2,FALSE),"")&" "&IFERROR(VLOOKUP($S22,CODES,2,FALSE),"")&IF(N($P22)>0," w/TRANSOM "&$P22&CHAR(34),"")&IF(N($Q22)>0," w/SIDELITE "&$Q22&CHAR(34)&" "&IF($R22="","R",$R22),"")&IF($Y22=""," | "," | "&IFERROR(VLOOKUP($Y22,CODES,2,FALSE),"")&" | ")&IFERROR(VLOOKUP($AC22,CODES,2,FALSE),"")&" "&IFERROR(VLOOKUP($AD22,CODES,2,FALSE),"")&IF(OR($AE22="",$AE22="-"),""," "&$AE22)&IF(OR($AF22="",$AF22="-"),""," "&$AF22)&IF($AB22="Y"," 4"&CHAR(34)&" HEAD","")&" "&IFERROR(VLOOKUP($H22,CODES,2,FALSE),"")&IF($CT22," | LOC "&$CY22,""))) | CK22: =IF(NOT(AND($A22<>"",N($BJ22)>0)),"",TRIM(IFERROR(VLOOKUP($AH22,CODES,2,FALSE),"")&IF($AI22=""," "," "&$AI22&"GA ")&$BG22&" "&IF($AN22="",IFERROR(VLOOKUP($Z22,CODES,2,FALSE),""),IFERROR(VLOOKUP($AN22,CODES,2,FALSE),""))&IF($BJ22=2," PAIR","")&" DOOR | "&IF($AL22="","?",$AL22)&" | "&IF($AO22="",IFERROR(VLOOKUP($AC22,CODES,2,FALSE),""),IFERROR(VLOOKUP($AO22,CODES,2,FALSE),""))&" "&IFERROR(VLOOKUP($AP22,CODES,2,FALSE),"")&IF(OR($AQ22="",$AQ22="-"),""," SEAM "&$AQ22)&IF($AR22="Y"," ASTRAGAL","")&IF($AJ22=""," "," "&$AJ22)&IF($AK22=""," "," "&$AK22)&IF(OR($AT22="",$AT22="ANSI/SDI",$AT22="CUSTOM LOC"),""," "&$AT22)&IF($AM22=""," "," SERIES "&$AM22)&" "&IFERROR(VLOOKUP($H22,CODES,2,FALSE),"")&IF($CT22," | LOC "&$CZ22,""))) | CL22: =IF(CP22="","",IF(COUNTIF($CP$6:CP22,CP22)=1,MAX($CL$5:CL21)+1,INDEX($CL$5:CL21,MATCH(CP22,$CP$5:CP21,0)))) | CM22: =IF(NOT(AND($A22<>"",$C22<>"DOOR ONLY")),"",MAX($CM$5:CM21)+1) | CN22: =IF(NOT(AND($A22<>"",N($BJ22)>0)),"",MAX($CN$5:CN21)+1) | CO22: =IF($A22="","",MAX($CO$5:CO21)+1) | CP22: =IF(OR($A22="",$BH22="",$BI22=""),"",$BG22&"|"&$O22&"|"&$AL22&"|"&$S22&"|"&$P22&"|"&$Q22&$R22&"|"&$C22&"|"&$AB22) | CQ22: =N($BS22) | CR22: =IF(N($AU22)>0,N($AU22),4.5) | CS22: =OR($A22="",$BI22="",$S22="BL",AND($C22="FRAME ONLY",OR($AC22="",$AC22="BLK"))) | CT22: =AND(NOT($CS22),OR($AT22="CUSTOM LOC",N($AW22)+N($AX22)+N($AY22)+N($AZ22)+N($BA22)>0)) | CU22: =IF($BI22="","",IF($BI22<=80,80,IF($BI22<=84,84,96))) | CV22: =ISNUMBER(MATCH($AT22&"|80",LocKeys,0)) | CW22: =IF($CS22,"",IF($CV22,VLOOKUP($AT22&"|"&$CU22,LocTable,4,FALSE),5)) | CX22: =IF($CS22,"",IF($CV22,IF(OR($BI22=$CU22,AND($BI22<$CU22,$BI22-IF(N(VLOOKUP($AT22&"|"&$CU22,LocTable,7,FALSE))>0,VLOOKUP($AT22&"|"&$CU22,LocTable,7,FALSE),VLOOKUP($AT22&"|"&$CU22,LocTable,6,FALSE))-$CR22-0.75>=2.125)),IF(N(VLOOKUP($AT22&"|"&$CU22,LocTable,7,FALSE))>0,VLOOKUP($AT22&"|"&$CU22,LocTable,7,FALSE),VLOOKUP($AT22&"|"&$CU22,LocTable,6,FALSE)),$BI22-($CU22-IF(N(VLOOKUP($AT22&"|"&$CU22,LocTable,7,FALSE))>0,VLOOKUP($AT22&"|"&$CU22,LocTable,7,FALSE),VLOOKUP($AT22&"|"&$CU22,LocTable,6,FALSE)))),$BI22-10-$CR22)) | CY22: =IF($CS22,"",TRIM(IF(ISNUMBER($BU22),"A "&TRIM(TEXT($BU22,"# ?/??"))&CHAR(34)&" ","")&IF(ISNUMBER($BV22),"B "&TRIM(TEXT($BV22,"# ?/??"))&CHAR(34)&" ","")&IF(ISNUMBER($BW22),"C "&TRIM(TEXT($BW22,"# ?/??"))&CHAR(34)&" ","")&IF(ISNUMBER($BX22),"D "&TRIM(TEXT($BX22,"# ?/??"))&CHAR(34)&" ","")&IF(ISNUMBER($BY22),"F "&TRIM(TEXT($BY22,"# ?/??"))&CHAR(34)&" ","")&IF(ISNUMBER($BZ22),"E "&TRIM(TEXT($BZ22,"# ?/??"))&CHAR(34)&" ",""))) | CZ22: =IF(OR($CS22,N($BJ22)=0),"",TRIM(IF(ISNUMBER($BU22),"A "&TRIM(TEXT($BU22-HeadClr,"# ?/??"))&CHAR(34)&" ","")&IF(ISNUMBER($BV22),"B "&TRIM(TEXT($BV22-HeadClr,"# ?/??"))&CHAR(34)&" ","")&IF(ISNUMBER($BW22),"C "&TRIM(TEXT($BW22-HeadClr,"# ?/??"))&CHAR(34)&" ","")&IF(ISNUMBER($BX22),"D "&TRIM(TEXT($BX22-HeadClr,"# ?/??"))&CHAR(34)&" ","")&IF(ISNUMBER($BY22),"F "&TRIM(TEXT($BY22-HeadClr,"# ?/??"))&CHAR(34)&" ","")&IF(ISNUMBER($BZ22),"E "&TRIM(TEXT($BZ22-HeadClr,"# ?/??"))&CHAR(34)&" ",""))) | DA22: =IF($A22="","",IF($AN22="",IFERROR(VLOOKUP($Z22,CODES,2,FALSE),""),IFERROR(VLOOKUP($AN22,CODES,2,FALSE),""))) | DB22: =IF($A22="","",IF($O22="Y","PR",IF(OR($Z22="L",$Z22="RR",LEFT($Z22,2)="L-",LEFT($Z22,3)="RR-"),"LH","RH"))) | DC22: =IF($A22="","","S.HM"&IF(OR($C22="DOOR ONLY",$X22<>"KD"),"MASONRY","DRYWALL")&IF($C22="DOOR ONLY","",$U22)&IF(AND($C22<>"FRAME ONLY",OR(LEFT($AH22,3)="OAK",LEFT($AH22,3)="BIR",LEFT($AH22,3)="MAP",$AH22="PC",$AH22="MC",$AH22="SCLC",$AH22="P-LAM")),"WD","HM")&"1.75") | DD22: =IF($CJ22="","",IF($O22="Y",$CJ22,SUBSTITUTE($CJ22,$BG22&" "&IFERROR(VLOOKUP($Z22,CODES,2,FALSE),"")&" ",$BG22&" "))) | DE22: =IF($CK22="","",IF($O22="Y",$CK22,SUBSTITUTE($CK22,$BG22&" "&IF($AN22="",IFERROR(VLOOKUP($Z22,CODES,2,FALSE),""),IFERROR(VLOOKUP($AN22,CODES,2,FALSE),""))&" ",$BG22&" "))) | DF22: =IF($CJ22="","",$DC22&"|"&$DD22&"|"&$DB22&"|"&$AT22&"|"&$V22&"|"&$Y22&"|"&$AB22) | DG22: =IF(DF22="","",IF(COUNTIF($DF$6:DF22,DF22)=1,MAX($DG$5:DG21)+1,INDEX($DG$5:DG21,MATCH(DF22,$DF$5:DF21,0)))) | DH22: =IF($CK22="","",$DC22&"|"&$DE22&"|"&$AI22&"|"&$BK22&"|"&$BL22) | DI22: =IF(DH22="","",IF(COUNTIF($DH$6:DH22,DH22)=1,MAX($DI$5:DI21)+1,INDEX($DI$5:DI21,MATCH(DH22,$DH$5:DH21,0)))) | DJ22: =IF($A22="","",IF($B22="","qty, ","")&IF($C22="","scope, ","")&IF(OR($K22="",$M22=""),"size, ","")&IF(AND($A22<>"",$C22<>"DOOR ONLY"),IF($U22="","jamb depth, ","")&IF($X22="","construction, ","")&IF($Y22="","anchor, ","")&IF($S22="","frame type, ",""),"")&IF(AND(N($BJ22)>0,$Z22=""),"hand, ","")&IF(N($BJ22)>0,IF($AH22="","door material, ","")&IF($AL22="","face type, ","")&IF($AP22="","lock prep, ","")&IF(AND($AO22="",$AC22=""),"hinge prep, ",""),"")&IF(AND($CH22>0,$AH22="FRP"),"FRP cannot carry a label, ","")&IF(AND($O22="Y",OR($Z22="L",$Z22="R",$Z22="LR",$Z22="RR")),"pair marked but hand is single, ","")&IF(AND($O22<>"Y",OR($Z22="PR",AND(LEN($Z22)>1,ISNUMBER(SEARCH("-",$Z22))))),"pair hand on a single door, ","")&IF(AND(ISNUMBER($CI22),$CH22<N($CI22)),"wall needs a "&$CI22&" min door, ","")&IF(AND($CH22>=180,AND(OR($CE22="FG",$CE22="HG",$CE22="FNV",$CE22="FV"),N($CF22)*N($CG22)>100)),"180 min lite over 100 sq in, ","")&IF(N($BK22)>48,"leaf wider than 4'-0"&CHAR(34)&", ","")&IF(AND($CT22,COUNT($AW22:$AZ22)=0,$CQ22>0),"CUSTOM LOC with no locations typed, ","")) | DK22: =IF($A22="","",IF(AND($CH22>0,AND($A22<>"",$C22<>"DOOR ONLY"),$X22="KD",$E22="EXTERIOR"),"KD label on an exterior opening, ","")&IF(AND($E22="EXTERIOR",OR(AND(AND($A22<>"",$C22<>"DOOR ONLY"),$W22="CR"),AND(N($BJ22)>0,$AH22="CR"))),"exterior in CR steel (G9?), ","")&IF(AND(ISNUMBER($BQ22),N($BQ22)<32),"clear width ~"&TEXT($BQ22,"0.0")&CHAR(34)&" under 32"&CHAR(34)&" (ADA), ","")&IF(AND($CH22=90,AND(OR($CE22="FG",$CE22="HG",$CE22="FNV",$CE22="FV"),N($CF22)*N($CG22)>100)),"90 min lite over 100 sq in (stair/exit), ","")&IF(AND($CH22>0,AND($A22<>"",$C22<>"DOOR ONLY"),OR($AF22="",$AF22="-")),"rated: closer reinf.?, ","")&IF(OR($I22="CORRIDOR",$I22="SMOKE BARRIER"),"S label + smoke gasketing, ","")&IF($CI22="?","wall type/hr not in IBC table, ","")&IF(AND(N($BJ22)>0,$BB22=""),"no hardware set, ","")&IF(AND($BB22<>"",ISNA(MATCH($BB22&"",HWSets,0))),"set "&$BB22&" not on HW Sets, ","")&IF(N($BL22)>96,"leaf over 8'-0"&CHAR(34)&" - check listing, ","")&IF(AND($CT22,COUNT($AW22:$AZ22)>0,COUNT($AW22:$AZ22)<>$CQ22),COUNT($AW22:$AZ22)&" custom hinges typed, "&$CQ22&" expected, ","")&IF(AND(ISNUMBER($CA22),OR(N($CA22)<34,N($CA22)>48)),"lock "&TEXT($CA22,"0.0")&CHAR(34)&" AFF outside 34-48"&CHAR(34)&" (ADA), ","")&IF(AND(ISNUMBER($AV22),ISNUMBER($BL22),N($AV22)<IF(N($BL22)<=60,2,IF(N($BL22)<=90,3,IF(N($BL22)<=120,4,5)))),"fewer hinges than standard, ",""))
